window,t_s,n_load
storm,0.0,4.132881617228802
storm,1.0,3.528799122564695
storm,2.0,1.445394624597723
storm,3.0,0.8261341768012552
storm,4.0,2.3036129612660963
storm,5.0,4.263037908435994
storm,6.0,4.6450629252450035
storm,7.0,2.787316037102214
storm,8.0,1.048004271381097
storm,9.0,1.3673129689951993
storm,10.0,3.1291680211832755
storm,11.0,3.9865840614505266
storm,12.0,2.7930104730716585
storm,13.0,2.0143373496171457
storm,14.0,3.1583547603330127
storm,15.0,3.973857635447107
storm,16.0,2.1868072821619697
storm,17.0,0.3411944753255833
storm,18.0,1.9336234760491247
storm,19.0,5.164741700378859
storm,20.0,4.9120541029393365
storm,21.0,1.6235867013779917
storm,22.0,0.3591950143915955
storm,23.0,2.427456887481948
storm,24.0,4.36002316629216
storm,25.0,3.0471458363285713
storm,26.0,1.9795576030247657
storm,27.0,3.1423449397935337
storm,28.0,4.029202494158876
storm,29.0,2.40805051092198
storm,30.0,0.7075165511635192
storm,31.0,1.7903578530367867
storm,32.0,3.6014090578331777
storm,33.0,3.67821308114263
storm,34.0,2.9783849199819064
storm,35.0,3.2920665330851815
storm,36.0,3.1458568529865625
storm,37.0,1.551726797809492
storm,38.0,0.8378913555596795
storm,39.0,2.876547556536169
storm,40.0,4.658009656804336
storm,41.0,3.3787396698506766
storm,42.0,1.3959423348422264
storm,43.0,2.2741148445130794
storm,44.0,3.89403677187368
storm,45.0,2.6050168635251416
storm,46.0,0.4594793864804301
storm,47.0,2.100551679024935
storm,48.0,5.487528306312314
storm,49.0,4.75216588500685
storm,50.0,0.9119267492179638
storm,51.0,-0.36966576544463925
storm,52.0,3.0209888302311505
storm,53.0,4.818882832564984
storm,54.0,2.721254110987021
storm,55.0,1.0817439801161328
storm,56.0,2.9644906896007845
storm,57.0,4.979179454862736
storm,58.0,2.9254249177119345
storm,59.0,0.47958558705049525
storm,60.0,1.377461127350125
storm,61.0,4.137318300396609
storm,62.0,4.5298934767385015
storm,63.0,2.6629863451205433
storm,64.0,1.5644612677033374
storm,65.0,1.9739933668136482
storm,66.0,2.4285219422201845
storm,67.0,2.648420871605222
storm,68.0,3.4607528370850327
storm,69.0,4.042947389188848
storm,70.0,3.029277282161826
storm,71.0,1.6789851282421224
storm,72.0,1.6950501432866862
storm,73.0,2.5128940447315213
storm,74.0,2.806116982248399
storm,75.0,2.8407760126313435
storm,76.0,3.6045446434500357
storm,77.0,4.010424000292314
storm,78.0,2.746507345995893
storm,79.0,0.9556885635837609
storm,80.0,1.123192714223739
storm,81.0,2.993352601407161
storm,82.0,4.339217550451463
storm,83.0,3.8480289861201387
storm,84.0,2.5467640767575688
storm,85.0,1.8912648613110379
storm,86.0,1.9726195003883542
storm,87.0,2.456153642218595
storm,88.0,2.920847440372496
storm,89.0,2.9879997565140726
storm,90.0,2.994612658423065
storm,91.0,3.417580030896867
storm,92.0,3.4768931730816197
storm,93.0,1.981809252296093
storm,94.0,0.715983716245752
storm,95.0,1.8272437305982572
storm,96.0,4.441211734835532
storm,97.0,5.075809695101048
storm,98.0,2.196546641689046
storm,99.0,0.7034251338048316
storm,100.0,2.6853890459826166
storm,101.0,4.363626999159981
storm,102.0,2.573696074964607
storm,103.0,0.7877913711021238
storm,104.0,2.603498015701356
storm,105.0,5.207609322457457
storm,106.0,3.786612591774544
storm,107.0,0.14346242025711636
storm,108.0,0.2868768157632897
storm,109.0,4.227922201464239
storm,110.0,5.624125450977843
storm,111.0,2.7059922275185997
storm,112.0,1.075305937162668
storm,113.0,2.465317160131053
storm,114.0,3.7675911093451155
storm,115.0,2.3018540827325684
storm,116.0,1.3406573166273397
storm,117.0,2.8009997383998293
storm,118.0,4.209952619720055
storm,119.0,3.443216973423493
storm,120.0,1.941265743359908
storm,121.0,2.225970824072963
storm,122.0,2.476051989468212
storm,123.0,1.8371729460755046
storm,124.0,2.270188535329583
storm,125.0,4.535933045976679
storm,126.0,4.821741133344406
storm,127.0,1.9500402169970878
storm,128.0,-0.02531403101074832
storm,129.0,1.8738233829184796
storm,130.0,4.544767590268625
storm,131.0,3.7501048674177353
storm,132.0,1.7548692444377225
storm,133.0,2.7064817187764896
storm,134.0,4.507293759286637
storm,135.0,2.9581617892695475
storm,136.0,0.12053095492295225
storm,137.0,0.5763792854469679
storm,138.0,4.406749856920049
storm,139.0,5.71247613822669
storm,140.0,2.9578576326436337
storm,141.0,0.720667784125102
storm,142.0,1.923564733399665
storm,143.0,3.5110728207843174
storm,144.0,2.7450949000222105
storm,145.0,1.8596835350828187
storm,146.0,2.86088608763395
storm,147.0,4.1937151645605635
storm,148.0,3.3185095429315052
storm,149.0,1.5963954825491355
storm,150.0,1.2064656882434455
storm,151.0,2.5205759672644312
storm,152.0,3.8455910633034893
storm,153.0,3.873403296845453
storm,154.0,3.091196929097097
storm,155.0,2.0201458046423983
storm,156.0,1.4556397583883691
storm,157.0,2.2238658357431675
storm,158.0,3.2569828050598586
storm,159.0,3.329928091097819
storm,160.0,2.782460364326682
storm,161.0,2.802690951980027
storm,162.0,3.115500892772147
storm,163.0,2.5712379537324677
storm,164.0,1.586801390585345
storm,165.0,1.8928990545112467
storm,166.0,3.5513711338927907
storm,167.0,4.156731284081999
storm,168.0,3.1536793532577265
storm,169.0,2.006428738255945
storm,170.0,1.6708312651792778
storm,171.0,1.900600921497183
storm,172.0,2.5941354934357377
storm,173.0,3.8358738218727306
storm,174.0,4.22809679013455
storm,175.0,2.85469501215343
storm,176.0,1.5688424029364594
storm,177.0,2.1257342221947306
storm,178.0,3.432693843046873
storm,179.0,2.617460522746887
storm,180.0,1.2980711367413715
storm,181.0,2.4348722001927943
storm,182.0,5.499218192438492
storm,183.0,5.081146560176264
storm,184.0,0.7212043163767088
storm,185.0,-0.23995340773720542
storm,186.0,2.7931014556486597
storm,187.0,5.449525133079584
storm,188.0,3.470255677780259
storm,189.0,0.9216566528112505
storm,190.0,2.394591000409496
storm,191.0,4.447915677834272
storm,192.0,2.81883227858371
storm,193.0,0.025427683633926265
storm,194.0,1.5843281270834453
storm,195.0,5.362505828112426
storm,196.0,5.303608208356081
storm,197.0,1.6051202560078506
storm,198.0,0.26032199996270095
storm,199.0,2.5051262418492715
storm,200.0,4.010984450747558
storm,201.0,2.781500873897017
storm,202.0,2.075580308977571
storm,203.0,3.2807222476776987
storm,204.0,3.846868537368785
storm,205.0,2.1433608428609037
storm,206.0,1.161773046092724
storm,207.0,2.4729871114127837
storm,208.0,3.571661534239024
storm,209.0,3.264507866219645
storm,210.0,2.9289121380125933
storm,211.0,3.245894796559741
storm,212.0,2.4450256762680427
storm,213.0,0.862139662588189
storm,214.0,1.1630743934203922
storm,215.0,4.510003336467515
storm,216.0,5.7997889271083505
storm,217.0,3.0084534512329575
storm,218.0,0.6118552053686965
storm,219.0,1.6039734158679055
storm,220.0,3.660682318277616
storm,221.0,3.0315028906248394
storm,222.0,1.5206902803166538
storm,223.0,2.4914838022211545
storm,224.0,4.937458941804196
storm,225.0,4.328340670906593
storm,226.0,1.3727509646567062
storm,227.0,0.21313009506765865
storm,228.0,2.2633399465812847
storm,229.0,4.564556835663754
storm,230.0,4.1879570309064045
storm,231.0,2.6130842980427738
storm,232.0,1.8953615766777145
storm,233.0,2.208633027243943
storm,234.0,2.632326210655917
storm,235.0,2.6702306302237457
storm,236.0,2.5637567521300344
storm,237.0,2.8199178069939124
storm,238.0,3.460095632888983
storm,239.0,3.639974333738858
storm,240.0,2.604569953538693
storm,241.0,1.1275445046617785
storm,242.0,1.584600083279665
storm,243.0,3.2849697509969498
storm,244.0,3.8261088291831347
storm,245.0,2.85645489697465
storm,246.0,1.7935121236043097
storm,247.0,2.6291705508266365
storm,248.0,3.2347223847513558
storm,249.0,2.3192070645799823
storm,250.0,1.7808974378607734
storm,251.0,3.2232614647496765
storm,252.0,4.42316390782473
storm,253.0,3.0639078228436922
storm,254.0,1.307005207511756
storm,255.0,1.4436375345304073
storm,256.0,3.056624313740433
storm,257.0,3.5040545794317364
storm,258.0,3.042153347959184
storm,259.0,3.39441749018841
storm,260.0,3.536117486626845
storm,261.0,1.9600518349795928
storm,262.0,0.7122342372972807
storm,263.0,2.251028672182842
storm,264.0,4.463070407830873
storm,265.0,3.737884019939419
storm,266.0,1.7491420124401618
storm,267.0,2.2734850292787008
storm,268.0,4.412570107173109
storm,269.0,3.165398119607638
storm,270.0,0.17672174118226824
storm,271.0,0.9062948392254878
storm,272.0,5.330103325536745
storm,273.0,7.035172316339224
storm,274.0,2.2688361077249204
storm,275.0,-0.6894484039976759
storm,276.0,1.4336683994878836
storm,277.0,4.681927822032142
storm,278.0,4.031957232456182
storm,279.0,1.3938582233694021
storm,280.0,2.4214533019608506
storm,281.0,4.694511596668637
storm,282.0,3.7063580467274524
storm,283.0,0.5211118481644472
storm,284.0,0.5452530034153877
storm,285.0,3.3959899946790064
storm,286.0,4.777657839677763
storm,287.0,3.2782475172699836
storm,288.0,1.8924412382342557
storm,289.0,2.2905977695701565
storm,290.0,2.6304463757859984
storm,291.0,2.2339800315804377
storm,292.0,2.6684413237778153
storm,293.0,3.7168212636927445
storm,294.0,3.4573187730657198
storm,295.0,2.1883944404398705
storm,296.0,1.8350774820736035
storm,297.0,2.6789920125729423
storm,298.0,2.8200524153714457
storm,299.0,2.254516595234836
storm,300.0,2.912052901887475
storm,301.0,4.277534021953746
storm,302.0,3.624943775364912
storm,303.0,1.431694416084151
storm,304.0,0.7028696124031057
storm,305.0,2.8316285744267
storm,306.0,4.335283986253687
storm,307.0,3.252539678782559
storm,308.0,2.0143290071389126
storm,309.0,2.4526444708889743
storm,310.0,3.4397380190272724
storm,311.0,2.7224627893692985
storm,312.0,1.5458887819911744
storm,313.0,1.9156061478957667
storm,314.0,3.8298964232423707
storm,315.0,4.742526884578334
storm,316.0,3.392859310828231
storm,317.0,1.5676214247374392
storm,318.0,0.801177817890134
storm,319.0,1.9764753252532121
storm,320.0,4.023555401636901
storm,321.0,4.326721261511912
storm,322.0,2.8256399228505864
storm,323.0,1.829985908663891
storm,324.0,2.8015103247931408
storm,325.0,3.5964735226768734
storm,326.0,2.2058164734586736
storm,327.0,0.8598114446770474
storm,328.0,2.32854788756634
storm,329.0,5.055427442293518
storm,330.0,4.820805466320416
storm,331.0,1.4228107460022708
storm,332.0,0.11687556047310793
storm,333.0,2.4902685092581627
storm,334.0,3.9982012023494766
storm,335.0,3.162002437064838
storm,336.0,2.2292955837950514
storm,337.0,3.2810667746466913
storm,338.0,3.537885128717761
storm,339.0,1.8269995068217864
storm,340.0,0.8831083179367727
storm,341.0,2.7941272803083224
storm,342.0,4.98337334874479
storm,343.0,3.7226029057292562
storm,344.0,1.9086894006424189
storm,345.0,2.197919903055363
storm,346.0,3.073638204517386
storm,347.0,2.136455145426212
storm,348.0,1.561861951489136
storm,349.0,3.434690946852994
storm,350.0,5.093353493661721
storm,351.0,3.106246830587647
storm,352.0,0.2939068068137278
storm,353.0,1.2119882268129756
storm,354.0,4.340315009651841
storm,355.0,4.30401467362807
storm,356.0,1.777336274781117
storm,357.0,2.0291460492091677
storm,358.0,4.512825841128307
storm,359.0,4.11959896949624
storm,360.0,0.48497854055582484
storm,361.0,-0.30148623665998225
storm,362.0,3.5001481255842726
storm,363.0,6.611268870855091
storm,364.0,4.092963098393825
storm,365.0,0.672530456815017
storm,366.0,1.4160667346857265
storm,367.0,3.6935207361821276
storm,368.0,3.3685767994775064
storm,369.0,1.440395572264391
storm,370.0,1.9429518787544315
storm,371.0,4.042527218849019
storm,372.0,4.49849411962497
storm,373.0,2.4189439637979566
storm,374.0,1.0292383858617462
storm,375.0,1.7791313466487155
storm,376.0,3.0294898188743997
storm,377.0,3.7425248758454437
storm,378.0,3.7678219719670225
storm,379.0,3.0599943014368685
storm,380.0,2.0049985747126726
storm,381.0,1.6701950131018577
storm,382.0,2.6217106779455355
storm,383.0,3.4004576537138935
storm,384.0,2.8368087999671516
storm,385.0,2.3913034474206745
storm,386.0,3.1959785127379616
storm,387.0,3.8832335302149197
storm,388.0,2.620656875531629
storm,389.0,1.183263644890414
storm,390.0,1.8470935669938464
storm,391.0,3.659539605677691
storm,392.0,4.148328805994941
storm,393.0,2.901152993063721
storm,394.0,1.7637238450429558
storm,395.0,1.9017137867447846
storm,396.0,2.570052438712509
storm,397.0,2.971433056260284
storm,398.0,3.281220663590556
storm,399.0,3.4283529000698447
storm,400.0,3.059282214532783
storm,401.0,2.561948220754038
storm,402.0,2.21500676284329
storm,403.0,1.8002172808864976
storm,404.0,1.7414966525363889
storm,405.0,3.3620202582769143
storm,406.0,5.207343932595535
storm,407.0,4.192120922105567
storm,408.0,1.2880848662648832
storm,409.0,0.0450376048854118
storm,410.0,2.5585883899974577
storm,411.0,4.708771758751084
storm,412.0,3.346142531888248
storm,413.0,1.535745566168226
storm,414.0,2.757325457900966
storm,415.0,4.651916935536284
storm,416.0,2.979949811852332
storm,417.0,-0.06650216619230635
storm,418.0,0.8588473451096065
storm,419.0,5.025824414326166
storm,420.0,5.932639040430104
storm,421.0,2.5498411854451173
storm,422.0,0.4009741937602035
storm,423.0,2.061317827375812
storm,424.0,3.5267860595504197
storm,425.0,2.5498577681651766
storm,426.0,1.9323767744554798
storm,427.0,3.7256802528621162
storm,428.0,4.611216553156668
storm,429.0,2.5526122811947105
storm,430.0,1.0111012267437682
storm,431.0,2.238138642379895
storm,432.0,3.8452241947092936
storm,433.0,2.9685303387370086
storm,434.0,2.116584022137462
storm,435.0,3.2245156546444296
storm,436.0,4.013900993986233
storm,437.0,1.9158294330597658
storm,438.0,0.3256096093531243
storm,439.0,2.641898894324648
storm,440.0,5.546614679846176
storm,441.0,4.20804154198677
storm,442.0,1.0640155026978184
storm,443.0,1.1778203198307866
storm,444.0,3.6930952564474904
storm,445.0,3.9497331229507298
storm,446.0,1.4488832450722224
storm,447.0,1.3447908281338607
storm,448.0,4.081751628791348
storm,449.0,5.363740547254602
storm,450.0,2.5448944090458543
storm,451.0,0.08685340216864763
storm,452.0,1.5424133303754215
storm,453.0,3.9373387410323373
storm,454.0,4.073298531006459
storm,455.0,2.678698227048704
storm,456.0,2.401717287485813
storm,457.0,3.022129501870733
storm,458.0,2.824540204710179
storm,459.0,1.8589515878197884
storm,460.0,1.759290270695252
storm,461.0,2.884601643518316
storm,462.0,4.207093516135104
storm,463.0,4.413473419153201
storm,464.0,2.9923594281077555
storm,465.0,1.3048413199265567
storm,466.0,0.988356902956867
storm,467.0,2.515662483452201
storm,468.0,4.415079702455756
storm,469.0,4.075616183991384
storm,470.0,2.478914595986653
storm,471.0,2.1462533162821966
storm,472.0,2.9958146852359486
storm,473.0,2.8838777399110387
storm,474.0,1.8016695589989373
storm,475.0,2.0070754737431784
storm,476.0,3.6502036709695735
storm,477.0,4.444395567612811
storm,478.0,2.916833571930099
storm,479.0,1.3535332910740565
storm,480.0,1.605368116318883
storm,481.0,2.7754283283320476
storm,482.0,3.5645753230779786
storm,483.0,3.8230683009238535
storm,484.0,3.5112402453994873
storm,485.0,2.2981572922862843
storm,486.0,1.234592168882596
storm,487.0,2.0750039978338513
storm,488.0,3.658484950687834
storm,489.0,3.603778666430519
storm,490.0,2.3272788757454643
storm,491.0,2.581789738443927
storm,492.0,3.9042401640523567
storm,493.0,3.1406433487088656
storm,494.0,0.6132847927180923
storm,495.0,0.6474838689955125
storm,496.0,4.629661202633399
storm,497.0,6.012371992499358
storm,498.0,2.72672560210946
storm,499.0,-0.12745565528484767
storm,500.0,1.4604865606133242
storm,501.0,4.649928568821726
storm,502.0,3.770659110722937
storm,503.0,1.1872299687635364
storm,504.0,2.237842699540621
storm,505.0,5.159997683854758
storm,506.0,4.329883861186059
storm,507.0,0.7232069475019599
storm,508.0,-0.03078572713633002
storm,509.0,3.1377821954278873
storm,510.0,4.8065346494057
storm,511.0,3.186430175086111
storm,512.0,1.9414868337222169
storm,513.0,3.100897541631622
storm,514.0,3.6151340733972446
storm,515.0,1.9151897966895497
storm,516.0,1.247521379053533
storm,517.0,3.034293984594327
storm,518.0,4.481593075113871
storm,519.0,3.302902951478735
storm,520.0,2.0201918420301346
storm,521.0,2.534087114360229
storm,522.0,2.9968678928201724
storm,523.0,1.8997357326368132
storm,524.0,1.7592995542873144
storm,525.0,3.835757164332331
storm,526.0,5.121752809404004
storm,527.0,2.902513304414669
storm,528.0,0.4515943565375133
storm,529.0,1.513277231962298
storm,530.0,3.941275023422341
storm,531.0,3.955214960972241
storm,532.0,2.105029372671952
storm,533.0,2.05120885343818
storm,534.0,3.736619314242089
storm,535.0,3.873453410378304
storm,536.0,1.699534827709734
storm,537.0,0.8939843223933561
storm,538.0,2.7578357526486585
storm,539.0,4.691308320496691
storm,540.0,4.278762236186723
storm,541.0,2.1399501628161994
storm,542.0,0.976521348526746
storm,543.0,1.6551868846629338
storm,544.0,3.230221786917014
storm,545.0,4.167078196204621
storm,546.0,3.606465527405021
storm,547.0,2.651782431126459
storm,548.0,2.633450428199284
storm,549.0,2.907878881236427
storm,550.0,2.2099527125318708
storm,551.0,1.3082017289581096
storm,552.0,2.1834807038056727
storm,553.0,4.774642660250947
storm,554.0,5.366959976351858
storm,555.0,2.5188105130243073
storm,556.0,0.4699590276556723
storm,557.0,1.5474351960924446
storm,558.0,3.887160600787221
storm,559.0,3.9391999415034684
storm,560.0,2.5973863420994387
storm,561.0,2.726079534387949
storm,562.0,3.4977344150335887
storm,563.0,2.786448938813081
storm,564.0,1.2546510632392587
storm,565.0,1.7197105298194528
storm,566.0,3.5650061939634825
storm,567.0,4.037691007714637
storm,568.0,3.056448462238194
storm,569.0,2.6638253495880955
storm,570.0,2.8277951799460666
storm,571.0,2.0807979006457584
storm,572.0,1.51087502854854
storm,573.0,2.843607992502048
storm,574.0,4.366082142183553
storm,575.0,3.6011669749686015
storm,576.0,1.2908745102738788
storm,577.0,1.716544407449898
storm,578.0,3.9875245367983125
storm,579.0,3.5921913379031323
storm,580.0,1.2555018953141341
storm,581.0,1.6129869488787003
storm,582.0,4.79660163910904
storm,583.0,4.9358225291983295
storm,584.0,1.2543981220701603
storm,585.0,-0.8828300909464268
storm,586.0,2.6598840606115863
storm,587.0,6.352437578678582
storm,588.0,4.247503233045611
storm,589.0,0.898256170602031
storm,590.0,1.4950584892492116
storm,591.0,4.284140141094437
storm,592.0,3.6602710069778093
storm,593.0,0.8951085869333804
storm,594.0,1.1680366071307176
storm,595.0,4.280093454674358
storm,596.0,5.330128856952876
storm,597.0,2.812390012179125
storm,598.0,0.8857078815361326
storm,599.0,1.8048636714349369
storm,600.0,2.948917088229817
storm,601.0,2.8678726864252586
storm,602.0,3.1258087263956176
storm,603.0,4.102682345237458
storm,604.0,3.6382968729721528
storm,605.0,1.7653392216853012
storm,606.0,1.174712624361947
storm,607.0,2.444846458587284
storm,608.0,3.6178771145789317
storm,609.0,3.3210715287379675
storm,610.0,3.1501755175659505
storm,611.0,3.695495103559119
storm,612.0,3.181393335302399
storm,613.0,1.3624569697748237
storm,614.0,0.9771657745953047
storm,615.0,2.8722743826661112
storm,616.0,4.661299877110467
storm,617.0,3.978504630485991
storm,618.0,2.0546793692193104
storm,619.0,1.7069796785203184
storm,620.0,2.6095432822048967
storm,621.0,3.0981687426733933
storm,622.0,2.822828986632623
storm,623.0,2.8403409721513184
storm,624.0,3.2370606466950997
storm,625.0,3.2493475146228814
storm,626.0,2.634124968855333
storm,627.0,1.7132773152816587
storm,628.0,1.5649759254268436
storm,629.0,2.8752378867018034
storm,630.0,4.543464103130921
storm,631.0,4.398015702297119
storm,632.0,2.1668348714271097
storm,633.0,0.6782016171834786
storm,634.0,2.086831277313462
storm,635.0,4.192022942173729
storm,636.0,3.609696762925304
storm,637.0,1.7967837256943184
storm,638.0,2.293207983169785
storm,639.0,4.515091706362167
storm,640.0,3.957940102832933
storm,641.0,0.9231342124442466
storm,642.0,0.31085086091046066
storm,643.0,3.5440418552154416
storm,644.0,6.119605793151508
storm,645.0,3.888336098371985
storm,646.0,1.2386585823583618
storm,647.0,1.5763808851204228
storm,648.0,3.082212286511992
storm,649.0,2.8948365775030056
storm,650.0,2.0039801691693944
storm,651.0,3.0527263394745403
storm,652.0,4.291167968315827
storm,653.0,3.4659720390564215
storm,654.0,1.73239930113983
storm,655.0,1.9592927834982912
storm,656.0,2.900027951836685
storm,657.0,2.4000973435116673
storm,658.0,2.035575352802203
storm,659.0,3.6559793861316274
storm,660.0,5.114001118249783
storm,661.0,2.9247927087873635
storm,662.0,0.1541150587781974
storm,663.0,1.401150368327744
storm,664.0,4.369671267232209
storm,665.0,4.484662990355525
storm,666.0,1.8617173323533325
storm,667.0,1.6501281598571902
storm,668.0,3.9832484923418003
storm,669.0,3.785750237092937
storm,670.0,0.8929666888806478
storm,671.0,0.3299569368735019
storm,672.0,4.290392677974673
storm,673.0,6.339441311795731
storm,674.0,3.1778372904362677
storm,675.0,-0.1458078947500607
storm,676.0,1.1029421605900003
storm,677.0,4.344866011154604
storm,678.0,4.120021062494956
storm,679.0,1.9999627412716798
storm,680.0,2.0654429620126424
storm,681.0,3.937608389169268
storm,682.0,3.773008788264271
storm,683.0,1.5758718964497413
storm,684.0,0.9141299195726821
storm,685.0,2.8669586956687585
storm,686.0,4.713047971783649
storm,687.0,4.263529239106821
storm,688.0,2.761887110605319
storm,689.0,1.7551474812357521
storm,690.0,1.4216819373693343
storm,691.0,2.008724645683395
storm,692.0,3.454776588590074
storm,693.0,4.343111170628458
storm,694.0,3.5842382550026515
storm,695.0,2.409138062197121
storm,696.0,2.3278604622696877
storm,697.0,2.6759880022488707
storm,698.0,2.285639114768853
storm,699.0,1.962216149912508
storm,700.0,2.9304200495065658
storm,701.0,4.248914631510752
storm,702.0,3.9865152643971657
storm,703.0,2.2206091404051698
storm,704.0,1.2976976882627345
storm,705.0,1.9609308034266275
storm,706.0,3.162474608015792
storm,707.0,3.960824498858817
storm,708.0,3.776229593263013
storm,709.0,2.8339570155802165
storm,710.0,1.9285621007230258
storm,711.0,2.0375678931646473
storm,712.0,3.0677599159257607
storm,713.0,3.2317413377182636
storm,714.0,2.353966155797036
storm,715.0,2.495054398908628
storm,716.0,3.9726647666098276
storm,717.0,4.15755453561151
storm,718.0,1.6032444241246453
storm,719.0,0.4637111742627464
storm,720.0,2.7770328307336913
storm,721.0,4.809506759121075
storm,722.0,3.60637851812304
storm,723.0,1.059882813303815
storm,724.0,1.6949617106822013
storm,725.0,4.205952976204647
storm,726.0,3.5643845300649972
storm,727.0,1.069430717381361
storm,728.0,1.557850912816227
storm,729.0,5.161187824131226
storm,730.0,5.553261534102196
storm,731.0,1.784763543475386
storm,732.0,-0.1686713212022999
storm,733.0,1.9362605734795513
storm,734.0,4.838406305202083
storm,735.0,4.184475546548796
storm,736.0,2.4197138522596697
storm,737.0,2.813447986926288
storm,738.0,3.468173715610115
storm,739.0,2.211278289158307
storm,740.0,1.0846124886030875
storm,741.0,2.508602463131249
storm,742.0,4.082382653525083
storm,743.0,3.587898998067856
storm,744.0,2.4988067135098926
storm,745.0,2.9739267861264835
storm,746.0,3.1761886484504
storm,747.0,1.5296814814622437
storm,748.0,0.8063188574274546
storm,749.0,3.5156506302936426
storm,750.0,6.359009477816179
storm,751.0,4.236680431687233
storm,752.0,0.44594682268785035
storm,753.0,0.5727610372743105
storm,754.0,3.5361364095847017
storm,755.0,4.366469990792256
storm,756.0,2.159647653092626
storm,757.0,1.6760200723431617
storm,758.0,4.103311254069329
storm,759.0,4.803312019328897
storm,760.0,1.9865555401749888
storm,761.0,0.010772662380088817
storm,762.0,2.1474406739476164
storm,763.0,4.862976974413496
storm,764.0,4.349675544659043
storm,765.0,2.057269870693085
storm,766.0,1.3386021523445455
storm,767.0,2.549317935712751
storm,768.0,3.311092327566822
storm,769.0,2.941025377940677
storm,770.0,2.7802729111119246
storm,771.0,3.252223645238099
storm,772.0,3.3864355368504526
storm,773.0,2.8247179056765126
storm,774.0,2.0017207721088277
storm,775.0,1.5796210182500579
storm,776.0,2.379357419874621
storm,777.0,3.9262686902960087
storm,778.0,4.3268464430256754
storm,779.0,3.0578130027295685
storm,780.0,1.4715356016845902
storm,781.0,1.7060289380331133
storm,782.0,3.2112794813146546
storm,783.0,3.3620538415008534
storm,784.0,2.4671994230205474
storm,785.0,2.609198844326037
storm,786.0,3.841498380334305
storm,787.0,3.751285634701097
storm,788.0,1.9138953097948634
storm,789.0,1.0850779061609062
storm,790.0,2.3189968449919394
storm,791.0,3.9297364099068655
storm,792.0,4.198314151979928
storm,793.0,3.550261489531497
storm,794.0,2.841956164547445
storm,795.0,1.8830700343133373
storm,796.0,1.2197975999733557
storm,797.0,2.3371347465649444
storm,798.0,4.423568867032174
storm,799.0,4.182399141146942
storm,800.0,2.244925934564534
storm,801.0,1.896232831254523
storm,802.0,3.696775275998734
storm,803.0,3.733345560056367
storm,804.0,1.2710641574635568
storm,805.0,0.9749314625705402
storm,806.0,3.9525706669381573
storm,807.0,6.091718890940614
storm,808.0,3.0497393906541377
storm,809.0,-0.5158913574817019
storm,810.0,1.16005293063762
storm,811.0,4.680223698154123
storm,812.0,4.632170061727667
storm,813.0,1.8400693118271998
storm,814.0,1.783844049577889
storm,815.0,4.122821196535748
storm,816.0,3.677732321514569
storm,817.0,0.9777153551000844
storm,818.0,0.6766330054878081
storm,819.0,4.067504415721028
storm,820.0,5.865515339081966
storm,821.0,3.255053046529307
storm,822.0,1.0248830493210301
storm,823.0,1.7987069528723307
storm,824.0,3.2712295754136242
storm,825.0,2.9288573668604525
storm,826.0,2.5946714677922103
storm,827.0,3.7181118365920227
storm,828.0,3.99980532317905
storm,829.0,2.2743012040454014
storm,830.0,1.0392215220628176
storm,831.0,2.2406171527717347
storm,832.0,3.687176218089853
storm,833.0,3.2236532730101533
storm,834.0,2.718534757298409
storm,835.0,3.819975040098188
storm,836.0,4.019299832035804
storm,837.0,1.8302513708077446
storm,838.0,0.1554216832012934
storm,839.0,2.063870350022364
storm,840.0,5.098130995439217
storm,841.0,4.685487318187778
storm,842.0,2.0109733628353905
storm,843.0,1.3685070270634623
storm,844.0,3.246619413402513
storm,845.0,3.8138635065646236
storm,846.0,2.095534482638453
storm,847.0,1.412216721402558
storm,848.0,3.0845281783497382
storm,849.0,4.776947918408326
storm,850.0,3.8790415940519383
storm,851.0,1.5542667746706518
storm,852.0,0.9055355306036393
storm,853.0,2.3675838432737972
storm,854.0,4.125678900997781
storm,855.0,4.362963796897482
storm,856.0,2.931535937495631
storm,857.0,1.776087136548101
storm,858.0,2.259567255258502
storm,859.0,3.3147376178473054
storm,860.0,3.064876922035026
storm,861.0,1.9812159847855546
storm,862.0,2.3518721560865257
storm,863.0,4.029446921289455
storm,864.0,4.327660220434318
storm,865.0,1.981939923550663
storm,866.0,0.41070750130675904
storm,867.0,2.3703350612245306
storm,868.0,4.491198909523051
storm,869.0,3.9115301896013785
storm,870.0,2.1433146673676458
storm,871.0,2.1075119064845715
storm,872.0,3.1835881677258513
storm,873.0,2.6450037365283188
storm,874.0,1.5162658068763446
storm,875.0,2.4582023472432355
storm,876.0,4.793237461881685
storm,877.0,4.750366832680342
storm,878.0,2.360974830409548
storm,879.0,1.3428628682531296
storm,880.0,2.0728043649484116
storm,881.0,2.591465351756457
storm,882.0,2.608909015034376
storm,883.0,3.8146176689484452
storm,884.0,4.916875358035097
storm,885.0,3.2867377314492776
storm,886.0,0.665136301551353
storm,887.0,0.9024405044354227
storm,888.0,4.01232188502495
storm,889.0,4.652672978011971
storm,890.0,2.3578373228589173
storm,891.0,1.7549417810982093
storm,892.0,4.007447850654271
storm,893.0,4.551878617291855
storm,894.0,1.2586179805663051
storm,895.0,-0.3618479004904919
storm,896.0,3.0343475272015565
storm,897.0,6.654368156843449
storm,898.0,4.617165418681884
storm,899.0,0.5019374927494168
storm,900.0,0.6956801080414731
storm,901.0,3.7908265379956805
storm,902.0,4.176175578673966
storm,903.0,1.9117935681846652
storm,904.0,1.6715177887296577
storm,905.0,3.9922276375470327
storm,906.0,4.583403921715414
storm,907.0,2.1894364563360034
storm,908.0,0.8522494283045372
storm,909.0,2.4885172852492787
storm,910.0,4.108307459995037
storm,911.0,3.5727616878606807
storm,912.0,2.7163186730723314
storm,913.0,2.772801456588971
storm,914.0,2.5303533139149987
storm,915.0,1.7308221340076941
storm,916.0,2.1513862204956857
storm,917.0,3.8644181306522842
storm,918.0,4.336809240249808
storm,919.0,2.8959425085971637
storm,920.0,2.005303227454388
storm,921.0,2.6641134115231773
storm,922.0,3.0193315752362695
storm,923.0,2.0581277750772156
storm,924.0,1.9005804557401127
storm,925.0,3.5757739064207716
storm,926.0,4.686396782983756
storm,927.0,3.3826259176858753
storm,928.0,1.2396447150031475
storm,929.0,1.2604337725288361
storm,930.0,2.9171188524060017
storm,931.0,3.70195294690281
storm,932.0,3.3379974819482583
storm,933.0,2.947190068119158
storm,934.0,3.03977667171367
storm,935.0,2.956590664801202
storm,936.0,2.3333045756825377
storm,937.0,1.7243230404331702
storm,938.0,1.9625069926045942
storm,939.0,3.5022285861412867
storm,940.0,5.182687225986398
storm,941.0,4.456206577262319
storm,942.0,1.622180354990665
storm,943.0,0.3139879876537841
storm,944.0,2.128166719095315
storm,945.0,4.711156235172298
storm,946.0,4.294921844424477
storm,947.0,1.8652153925440913
storm,948.0,1.8510421837192428
storm,949.0,3.9394609441766577
storm,950.0,3.934900028947848
storm,951.0,1.2271114068238553
storm,952.0,0.838735188061879
storm,953.0,3.9095474678145616
storm,954.0,5.6732747792708835
storm,955.0,3.1313552136376157
storm,956.0,0.21363216773180108
storm,957.0,1.2646266445517083
storm,958.0,3.9530054617301333
storm,959.0,4.083389400906358
storm,960.0,2.5919168451275953
storm,961.0,2.8498990493097986
storm,962.0,3.835479030091634
storm,963.0,2.765828379836851
storm,964.0,1.1428553053092945
storm,965.0,1.9311334778182117
storm,966.0,3.973637469681105
storm,967.0,4.028027987100495
storm,968.0,2.6442173298390244
storm,969.0,2.67717376663915
storm,970.0,3.320013125695191
storm,971.0,2.2297807396764147
storm,972.0,0.7929235001935742
storm,973.0,2.5775381996809417
storm,974.0,5.719335286025036
storm,975.0,4.754013807600421
storm,976.0,1.345492173911783
storm,977.0,0.5291517718050261
storm,978.0,3.2001244976807524
storm,979.0,4.426901995552064
storm,980.0,2.151720209430129
storm,981.0,1.3130223767538818
storm,982.0,4.086125890962271
storm,983.0,5.794080327667213
storm,984.0,2.763654859953479
storm,985.0,-0.2840150177277336
storm,986.0,1.292546812438725
storm,987.0,4.518491978483719
storm,988.0,4.4669081415371545
storm,989.0,2.2156739098176286
storm,990.0,1.810315281143425
storm,991.0,3.564722395500521
storm,992.0,3.714861023390474
storm,993.0,1.9400716671733387
storm,994.0,1.531163556989225
storm,995.0,3.150116839178681
storm,996.0,4.421669071039752
storm,997.0,3.6494707727964992
storm,998.0,2.2899488781089845
storm,999.0,1.7674971858733
storm,1000.0,1.9847009781036045
storm,1001.0,2.7667757815437173
storm,1002.0,3.853278920558645
storm,1003.0,4.156165718656611
storm,1004.0,2.9932774841418124
storm,1005.0,1.7224509735970577
storm,1006.0,2.0080009605376206
storm,1007.0,3.0204932862823055
storm,1008.0,3.1686588033927996
storm,1009.0,2.753185447992487
storm,1010.0,3.0841364008932763
storm,1011.0,3.625738227059482
storm,1012.0,3.040660460610188
storm,1013.0,1.6901894115839349
storm,1014.0,1.4909062608400512
storm,1015.0,2.9273841179055773
storm,1016.0,4.172292036061327
storm,1017.0,4.245553452956455
storm,1018.0,3.2097103529598834
storm,1019.0,1.8505720803550385
storm,1020.0,1.199500749958682
storm,1021.0,2.057917064865756
storm,1022.0,3.836596420984477
storm,1023.0,4.3409854551394496
storm,1024.0,3.047636139088263
storm,1025.0,2.4393670346684804
storm,1026.0,3.294163537346852
storm,1027.0,3.176548497336514
storm,1028.0,1.3217472133759713
storm,1029.0,0.9066570379054882
storm,1030.0,3.785423510655311
storm,1031.0,6.331100071204395
storm,1032.0,3.9000112096102604
storm,1033.0,0.15246443807732327
storm,1034.0,0.7165743954752556
storm,1035.0,4.15567123301192
storm,1036.0,4.940564865073486
storm,1037.0,2.0532508586372895
storm,1038.0,1.5215741849990254
storm,1039.0,4.008727725480642
storm,1040.0,4.677604555462271
storm,1041.0,1.6387180220722708
storm,1042.0,-0.1474296757191355
storm,1043.0,2.704211691807391
storm,1044.0,5.334063517310577
storm,1045.0,4.011876515591248
storm,1046.0,1.5458097413864509
storm,1047.0,1.8775298121488502
storm,1048.0,3.545811227746811
storm,1049.0,3.106547295050033
storm,1050.0,1.9346972057077436
storm,1051.0,2.704150599257251
storm,1052.0,3.993121944269567
storm,1053.0,3.331588879386875
storm,1054.0,1.7993915453317397
storm,1055.0,2.2145246459848993
storm,1056.0,3.3263212006740432
storm,1057.0,2.779231267428483
storm,1058.0,2.110269625869739
storm,1059.0,3.6572384504703455
storm,1060.0,4.92958131851213
storm,1061.0,2.867393861062128
storm,1062.0,0.1662795649223735
storm,1063.0,0.950232478380728
storm,1064.0,4.675878745860968
storm,1065.0,5.378892652775951
storm,1066.0,2.5506697926376307
storm,1067.0,1.348581903365387
storm,1068.0,3.292306696765983
storm,1069.0,4.199750367097906
storm,1070.0,1.9461844596359823
storm,1071.0,0.679100778601955
storm,1072.0,2.839131905983291
storm,1073.0,5.527445907506021
storm,1074.0,4.576394724930231
storm,1075.0,1.6393202417019495
storm,1076.0,0.786601131523974
storm,1077.0,2.311108633351339
storm,1078.0,3.6245145891418837
storm,1079.0,3.546438307455038
storm,1080.0,3.3016908860623895
storm,1081.0,3.3149922527095645
storm,1082.0,3.0024457195163046
storm,1083.0,2.3478103278166507
storm,1084.0,1.897176688065283
storm,1085.0,2.0512269674787427
storm,1086.0,2.9903301127730546
storm,1087.0,4.284306307050095
storm,1088.0,4.416298776141669
storm,1089.0,2.759349758063139
storm,1090.0,1.1046266712885648
storm,1091.0,1.6126362191153099
storm,1092.0,3.442121712623592
storm,1093.0,4.0128637432483805
storm,1094.0,3.0543389284964833
storm,1095.0,2.42877829097604
storm,1096.0,2.854448893051826
storm,1097.0,2.818141937000531
storm,1098.0,2.063638754903934
storm,1099.0,2.235040856902556
storm,1100.0,3.818351637747356
storm,1101.0,4.257988695055969
storm,1102.0,2.9774707010547403
storm,1103.0,2.028933986219682
storm,1104.0,2.1462743800052535
storm,1105.0,2.3736368938464265
storm,1106.0,2.3926846049186246
storm,1107.0,3.3789213157016826
storm,1108.0,4.577133984075158
storm,1109.0,3.7727723324611584
storm,1110.0,1.2728519432471814
storm,1111.0,0.9677135368148952
storm,1112.0,3.5005211956184885
storm,1113.0,4.493303703530191
storm,1114.0,2.372222494691241
storm,1115.0,1.4370694510753634
storm,1116.0,3.8744985818525124
storm,1117.0,5.425302432379497
storm,1118.0,2.249948036304568
storm,1119.0,-0.7055637793335028
storm,1120.0,1.5712994672256009
storm,1121.0,6.253483149471198
storm,1122.0,6.0368033702609845
storm,1123.0,1.5535843260950286
storm,1124.0,0.5835373662566558
storm,1125.0,3.1614096174849906
storm,1126.0,4.251498323896745
storm,1127.0,1.8830271988109875
storm,1128.0,1.043701208928032
storm,1129.0,3.6521980358483606
storm,1130.0,5.391983240506355
storm,1131.0,3.3485749837634593
storm,1132.0,0.675515410201775
storm,1133.0,1.631556648915687
storm,1134.0,3.368865132106111
storm,1135.0,3.256906003261268
storm,1136.0,2.694341365430328
storm,1137.0,3.3469561156160164
storm,1138.0,3.726918685171269
storm,1139.0,2.3223850286719205
storm,1140.0,1.339317368469352
storm,1141.0,2.6002550659516173
storm,1142.0,4.063399561592484
storm,1143.0,3.553086284611184
storm,1144.0,2.586965513746907
storm,1145.0,3.028885213474357
storm,1146.0,3.236147967243436
storm,1147.0,1.860464140839982
storm,1148.0,1.0797087248527297
storm,1149.0,3.1778962613739528
storm,1150.0,5.633197706999109
storm,1151.0,4.284185565162
storm,1152.0,1.2552625303712683
storm,1153.0,0.7354268774624942
storm,1154.0,3.062070315394921
storm,1155.0,4.2637537233986125
storm,1156.0,3.0231398167203425
storm,1157.0,2.308920871000776
storm,1158.0,3.342735613525227
storm,1159.0,3.9031751625034987
storm,1160.0,2.464225730719796
storm,1161.0,1.0505379753148116
storm,1162.0,1.6616069843590204
storm,1163.0,4.05199012074413
storm,1164.0,5.344724594986169
storm,1165.0,4.012084885419806
storm,1166.0,1.9019600474567726
storm,1167.0,0.9131880893597341
storm,1168.0,1.9648789590111682
storm,1169.0,3.7481278015581627
storm,1170.0,3.889820289996694
storm,1171.0,2.7370875024356747
storm,1172.0,2.5183987848091265
storm,1173.0,3.758656884603103
storm,1174.0,3.726160787360461
storm,1175.0,1.736387364765545
storm,1176.0,0.9086645636378196
storm,1177.0,2.946326863338978
storm,1178.0,5.052003094210138
storm,1179.0,4.061456504785314
storm,1180.0,1.6445426432379289
storm,1181.0,1.4552579145501932
storm,1182.0,3.026765438671182
storm,1183.0,3.2948132836561905
storm,1184.0,2.51343480124205
storm,1185.0,3.012031833976353
storm,1186.0,4.198331896465935
storm,1187.0,3.347907785253345
storm,1188.0,1.6065166089791778
storm,1189.0,1.6510247191011247
storm,1190.0,3.4968523207532614
storm,1191.0,3.755303405411886
storm,1192.0,2.4482552806731293
storm,1193.0,2.595107361773358
storm,1194.0,4.045472607123521
storm,1195.0,3.4401535417907705
storm,1196.0,0.8933801109945066
storm,1197.0,1.3860641971583119
storm,1198.0,4.178269334359027
storm,1199.0,5.011353990845433
storm,1200.0,2.337233504907463
storm,1201.0,0.8056719019643983
storm,1202.0,3.0161709002145076
storm,1203.0,4.3546553500136715
storm,1204.0,2.090048634086799
storm,1205.0,0.5052914823913209
storm,1206.0,3.629709347199783
storm,1207.0,6.9113107562153715
storm,1208.0,4.181792106266253
storm,1209.0,-0.28341561617854283
storm,1210.0,0.03314138780735357
storm,1211.0,3.9053762888049808
storm,1212.0,5.664651510728693
storm,1213.0,3.0734270540109234
storm,1214.0,1.6261449275155766
storm,1215.0,3.1886120273665868
storm,1216.0,4.00835282649088
storm,1217.0,2.11649191561165
storm,1218.0,0.8654320885773842
storm,1219.0,2.5848642470967973
storm,1220.0,4.498181991934148
storm,1221.0,4.348622699761239
storm,1222.0,2.7688445527106365
storm,1223.0,1.9461830391785566
storm,1224.0,1.847498747862207
storm,1225.0,2.0388178056565027
storm,1226.0,3.1668480573851516
storm,1227.0,4.66053881759416
storm,1228.0,4.174803919857398
storm,1229.0,2.242456977194475
storm,1230.0,1.5277075997044942
storm,1231.0,2.642000227295451
storm,1232.0,3.3902696206889
storm,1233.0,2.6555015570706124
storm,1234.0,2.437932517175288
storm,1235.0,3.658980821264806
storm,1236.0,4.247127062601525
storm,1237.0,2.5463365883154583
storm,1238.0,1.0356947959431193
storm,1239.0,2.0468972741988973
storm,1240.0,4.123156737329003
storm,1241.0,4.368909397513489
storm,1242.0,2.9404195492374847
storm,1243.0,1.9518507081159124
storm,1244.0,2.104996485865398
storm,1245.0,2.6940619982401706
storm,1246.0,3.032911681573236
storm,1247.0,3.143617963079715
storm,1248.0,3.23118993426092
storm,1249.0,3.4357753748820916
storm,1250.0,3.443717925504367
storm,1251.0,2.701722183058617
storm,1252.0,1.4395412981984972
storm,1253.0,1.2528280920805706
storm,1254.0,3.5381191125262967
storm,1255.0,5.139440281035081
storm,1256.0,3.7032901914564555
storm,1257.0,1.2717934705706422
storm,1258.0,1.2041071195242026
storm,1259.0,3.8459016052564756
storm,1260.0,4.005954517040332
storm,1261.0,1.8496298838150702
storm,1262.0,1.5222375901199143
storm,1263.0,4.394087869052164
storm,1264.0,5.760935612292651
storm,1265.0,2.5334606106510464
storm,1266.0,-0.10388916697049452
storm,1267.0,1.4126698375386797
storm,1268.0,4.640769930714228
storm,1269.0,4.857907878907588
storm,1270.0,2.7489544192903432
storm,1271.0,2.461121753587525
storm,1272.0,3.347286903499573
storm,1273.0,2.531378871995513
storm,1274.0,1.3081789453151473
storm,1275.0,2.3748590418780267
storm,1276.0,4.5889632418387745
storm,1277.0,4.09778346515322
storm,1278.0,2.08821347772532
storm,1279.0,2.0751032958434874
storm,1280.0,3.641547787065754
storm,1281.0,3.098203800827569
storm,1282.0,1.3942738089655722
storm,1283.0,2.3903925001605666
storm,1284.0,5.1036900550374655
storm,1285.0,4.835636323311623
storm,1286.0,0.9069689787069921
storm,1287.0,-0.007939052008704409
storm,1288.0,3.1480218256284185
storm,1289.0,5.500184662828634
storm,1290.0,3.51027500257766
storm,1291.0,1.328900866300626
storm,1292.0,2.8970768672301594
storm,1293.0,4.356571733482166
storm,1294.0,2.517387726811786
storm,1295.0,0.18475250290803782
storm,1296.0,2.038628279848305
storm,1297.0,5.520155746500427
storm,1298.0,5.291232245583383
storm,1299.0,1.8922450359700107
storm,1300.0,0.48892845656941486
storm,1301.0,2.2995547235583658
storm,1302.0,3.937928292986231
storm,1303.0,3.4739398641893735
storm,1304.0,2.7913858558848945
storm,1305.0,3.2779741113356144
storm,1306.0,3.5171388493887825
storm,1307.0,2.676609576826952
storm,1308.0,1.7060396095577774
storm,1309.0,1.7984876250509942
storm,1310.0,2.7704256280587063
storm,1311.0,3.9889798830849457
storm,1312.0,4.635742818751903
storm,1313.0,3.654597398065259
storm,1314.0,1.7837584739607184
storm,1315.0,1.1498204968526908
storm,1316.0,2.5463496696520584
storm,1317.0,4.132882942229305
storm,1318.0,3.5716105409020984
storm,1319.0,2.364899764317948
storm,1320.0,2.5983891855909036
storm,1321.0,3.714691005237926
storm,1322.0,3.3136826995224995
storm,1323.0,1.840851921259124
storm,1324.0,1.8280061373316137
storm,1325.0,3.2441808126881484
storm,1326.0,4.368817994223682
storm,1327.0,3.708065928556251
storm,1328.0,2.3564252774240386
storm,1329.0,1.7246238741249684
storm,1330.0,1.9744648215681915
storm,1331.0,3.0849355881699365
storm,1332.0,4.288508586633156
storm,1333.0,3.98776988675371
storm,1334.0,2.3837641707754114
storm,1335.0,1.744058249247263
storm,1336.0,2.9184626012709893
storm,1337.0,3.568101845935281
storm,1338.0,2.378395208835016
storm,1339.0,1.7893843274619798
storm,1340.0,3.7071606318405443
storm,1341.0,5.003879992880159
storm,1342.0,2.9004943786780335
storm,1343.0,-0.17213343594878303
storm,1344.0,1.0732053360730893
storm,1345.0,5.05150409305269
storm,1346.0,5.138577188299325
storm,1347.0,2.272055072316382
storm,1348.0,1.2175534752538426
storm,1349.0,3.570852771704446
storm,1350.0,4.008530964073144
storm,1351.0,1.4464728726009575
storm,1352.0,0.5773426949649054
storm,1353.0,3.972659319233895
storm,1354.0,6.990041340922547
storm,1355.0,4.142260332492657
storm,1356.0,0.6148282763879241
storm,1357.0,0.9640849524196587
storm,1358.0,3.3066824316609247
storm,1359.0,3.659298786122379
storm,1360.0,2.6709246260906814
storm,1361.0,3.312679374874982
storm,1362.0,4.350626985054406
storm,1363.0,2.926844445502292
storm,1364.0,0.9913771127473499
storm,1365.0,1.8034285196358462
storm,1366.0,4.147497323006141
storm,1367.0,4.091508873670798
storm,1368.0,2.459460094769701
storm,1369.0,2.71791881356628
storm,1370.0,3.9666111195967653
storm,1371.0,2.926086101629056
storm,1372.0,0.5828504117342411
storm,1373.0,1.529414714118012
storm,1374.0,4.834437629446197
storm,1375.0,5.6366095770384534
storm,1376.0,2.3614580588923393
storm,1377.0,0.39318681831596464
storm,1378.0,2.4393760325756784
storm,1379.0,4.566318877227566
storm,1380.0,3.4021205527612564
storm,1381.0,1.5917721374595826
storm,1382.0,2.4947344988776248
storm,1383.0,4.201382619264404
storm,1384.0,3.8018296558826785
storm,1385.0,1.4624238201913597
storm,1386.0,1.0825406798484367
storm,1387.0,3.06147078496825
storm,1388.0,4.525370364092033
storm,1389.0,4.130797214263835
storm,1390.0,2.6335746666624713
storm,1391.0,1.7783821158247766
storm,1392.0,2.016003801177665
storm,1393.0,2.8356164663185552
storm,1394.0,3.399008605815715
storm,1395.0,3.1944236912018282
storm,1396.0,3.0481897482249805
storm,1397.0,3.572027019692531
storm,1398.0,3.6847562256767206
storm,1399.0,2.250674745857391
storm,1400.0,0.9665917183105203
storm,1401.0,2.036310390819317
storm,1402.0,4.435028201734695
storm,1403.0,4.883353021999373
storm,1404.0,2.82608259486265
storm,1405.0,1.5467201382090197
storm,1406.0,2.3945984062419683
storm,1407.0,3.3155349950599513
storm,1408.0,2.6615598425377174
storm,1409.0,2.3537897956229563
storm,1410.0,3.5657106451881027
storm,1411.0,4.543328915462192
storm,1412.0,3.2954516133436025
storm,1413.0,1.638523303662699
storm,1414.0,1.6634507214062353
storm,1415.0,2.4610942427292364
storm,1416.0,3.218458179687232
storm,1417.0,4.120824315798429
storm,1418.0,4.5958092714830645
storm,1419.0,3.1427222952044853
storm,1420.0,1.0338500777060913
storm,1421.0,1.1496138331095382
storm,1422.0,3.851808019916628
storm,1423.0,4.904676039998644
storm,1424.0,2.759022286119407
storm,1425.0,1.3209090187144725
storm,1426.0,3.1185135939882693
storm,1427.0,4.555039060105333
storm,1428.0,2.362473048479335
storm,1429.0,0.14498474986594703
storm,1430.0,2.7950899724404676
storm,1431.0,6.409450542313572
storm,1432.0,4.67462797952811
storm,1433.0,0.46863435461332725
storm,1434.0,-0.24073832346054205
storm,1435.0,3.6819474704668678
storm,1436.0,5.391497774959521
storm,1437.0,2.904216978958862
storm,1438.0,1.5045760377832262
storm,1439.0,3.6557453059467715
storm,1440.0,4.852421975452005
storm,1441.0,2.2125808681660413
storm,1442.0,0.41151038788810235
storm,1443.0,2.3779684852456198
storm,1444.0,5.186654453580242
storm,1445.0,4.411502233851232
storm,1446.0,2.2772620322146455
storm,1447.0,2.0868470473051803
storm,1448.0,2.8704286491458055
storm,1449.0,2.389337678292917
storm,1450.0,1.95319210725162
storm,1451.0,3.4257295400388483
storm,1452.0,4.938549408665262
storm,1453.0,3.724689192551353
storm,1454.0,1.6948533176001406
storm,1455.0,1.861350633430475
storm,1456.0,3.1064485913994395
storm,1457.0,2.963116589663922
storm,1458.0,2.1094264998299814
storm,1459.0,3.0809277679192375
storm,1460.0,4.70338803323055
storm,1461.0,4.0294006806367655
storm,1462.0,1.3072727284867385
storm,1463.0,0.8874847195373794
storm,1464.0,3.037427855734122
storm,1465.0,4.284246611730342
storm,1466.0,3.3809663107486565
storm,1467.0,2.1741154243044245
storm,1468.0,2.6107668939086337
storm,1469.0,3.45587198279246
storm,1470.0,3.0359791375854273
storm,1471.0,2.054352499214566
storm,1472.0,2.2419210519986708
storm,1473.0,3.4760861996736083
storm,1474.0,4.441807814554316
storm,1475.0,3.74740449580615
storm,1476.0,1.7310218422279653
storm,1477.0,0.9029480600118983
storm,1478.0,2.3089484782135643
storm,1479.0,4.656476599405545
storm,1480.0,4.961949998206208
storm,1481.0,2.5880292763661106
storm,1482.0,1.389862433192951
storm,1483.0,2.644694016275828
storm,1484.0,3.7834566358729376
storm,1485.0,2.6244765113363524
storm,1486.0,1.67863339974407
storm,1487.0,3.3766511788192477
storm,1488.0,5.190395065089167
storm,1489.0,3.645661449126064
storm,1490.0,0.6309298282968718
storm,1491.0,0.6769630017399131
storm,1492.0,3.5863341689185195
storm,1493.0,5.191169519125336
storm,1494.0,3.7510727175650422
storm,1495.0,2.617001189882469
storm,1496.0,2.912680676407022
storm,1497.0,2.7243245829953837
storm,1498.0,1.5836359276270946
storm,1499.0,1.8962159998207708
storm,1500.0,3.7210600903955666
storm,1501.0,4.400892504068471
storm,1502.0,3.264300786971886
storm,1503.0,2.5777240356629645
storm,1504.0,3.047703018933034
storm,1505.0,2.5090293709327165
storm,1506.0,1.360687946357909
storm,1507.0,2.3512872591007414
storm,1508.0,5.199054608998517
storm,1509.0,5.003137028599289
storm,1510.0,1.7032469778465098
storm,1511.0,0.21388800505331843
storm,1512.0,2.972163244589294
storm,1513.0,5.1969532311940245
storm,1514.0,3.107201471976326
storm,1515.0,1.0547593534072512
storm,1516.0,3.1140950596618873
storm,1517.0,5.4641585973273745
storm,1518.0,3.2895731794198957
storm,1519.0,-0.19086115301441126
storm,1520.0,0.9115027766476463
storm,1521.0,5.306779095497681
storm,1522.0,5.506319618573493
storm,1523.0,2.102753067826511
storm,1524.0,0.5531097631340822
storm,1525.0,3.0124655096290276
storm,1526.0,4.7742170711321705
storm,1527.0,2.828193356863855
storm,1528.0,1.4984811410073002
storm,1529.0,2.989384964577456
storm,1530.0,4.7301556157500295
storm,1531.0,3.5459412929501903
storm,1532.0,1.5813626331963055
storm,1533.0,1.5750096789087702
storm,1534.0,2.8858589118482856
storm,1535.0,3.614494132073826
storm,1536.0,3.7543395618181075
storm,1537.0,3.93529780026586
storm,1538.0,3.3084734850307314
storm,1539.0,1.7479533181035147
storm,1540.0,1.3041928739518514
storm,1541.0,2.6365506899179048
storm,1542.0,3.996935058257616
storm,1543.0,3.7883148194315424
storm,1544.0,2.9904337110728183
storm,1545.0,3.127732281184095
storm,1546.0,3.1868144427261766
storm,1547.0,2.1905014985367472
storm,1548.0,1.4446980872928183
storm,1549.0,2.568522548636896
storm,1550.0,4.249132513909309
storm,1551.0,4.531709135144218
storm,1552.0,3.1124501883124913
storm,1553.0,1.6700229444295431
storm,1554.0,1.5848429120790108
storm,1555.0,2.533274660747103
storm,1556.0,3.7642470247086015
storm,1557.0,4.161070571698978
storm,1558.0,3.3183379178520203
storm,1559.0,2.5375635785502473
storm,1560.0,2.7600076346785007
storm,1561.0,3.0056388130049267
storm,1562.0,2.1515907962161096
storm,1563.0,1.7633243910375518
storm,1564.0,3.345110661908033
storm,1565.0,5.360904026602256
storm,1566.0,4.142222744122863
storm,1567.0,0.7134635092475892
storm,1568.0,0.6119377586884884
storm,1569.0,3.7428180065300216
storm,1570.0,5.4538590134004625
storm,1571.0,3.1521995958717506
storm,1572.0,1.3137947507142231
storm,1573.0,2.7658161552437233
storm,1574.0,4.216107782374326
storm,1575.0,2.562373568753719
storm,1576.0,0.5297635121843333
storm,1577.0,2.55132959034607
storm,1578.0,5.758977796585519
storm,1579.0,4.922583340104671
storm,1580.0,1.6528990382573032
storm,1581.0,0.867501568233908
storm,1582.0,2.679903403156881
storm,1583.0,3.735924344065832
storm,1584.0,2.9965311097933163
storm,1585.0,3.0644008383727335
storm,1586.0,3.8333158403576055
storm,1587.0,3.3504515162556245
storm,1588.0,1.6566433601034845
storm,1589.0,1.8343831867074696
storm,1590.0,3.4757029502032326
storm,1591.0,3.3347466425875303
storm,1592.0,2.2675995993665508
storm,1593.0,3.0752013439708943
storm,1594.0,5.009767856007987
storm,1595.0,3.674559985889988
storm,1596.0,0.5119552507131484
storm,1597.0,0.3571343720334941
storm,1598.0,4.338465646877432
storm,1599.0,6.431331796504775
storm,1600.0,3.3283790093681067
storm,1601.0,0.7349286458939202
storm,1602.0,2.4290533207543863
storm,1603.0,4.583322466346982
storm,1604.0,2.9030031213292924
storm,1605.0,0.6989711671309508
storm,1606.0,2.2515387619030496
storm,1607.0,5.540423152731855
storm,1608.0,5.011912896559958
storm,1609.0,1.44665414884455
storm,1610.0,0.323428933445463
storm,1611.0,2.9665725692049767
storm,1612.0,4.5838444354099765
storm,1613.0,3.3748059857515447
storm,1614.0,2.288525241928617
storm,1615.0,2.8636012567483506
storm,1616.0,3.4824406547356914
storm,1617.0,2.610547492801363
storm,1618.0,1.849888134802315
storm,1619.0,2.5226161778901415
storm,1620.0,3.9506722958036935
storm,1621.0,4.400468304137073
storm,1622.0,3.512261511333263
storm,1623.0,2.249545169101849
storm,1624.0,1.3890749465950776
storm,1625.0,1.8558870284491729
storm,1626.0,3.623746327294125
storm,1627.0,4.601930538218593
storm,1628.0,3.7377995813242135
storm,1629.0,2.252945450884056
storm,1630.0,1.9789074484905218
storm,1631.0,2.6313235601362424
storm,1632.0,2.7851090373879286
storm,1633.0,2.7368024926021777
storm,1634.0,3.5063669481958986
storm,1635.0,4.271578485422679
storm,1636.0,3.5232926782119973
storm,1637.0,2.1189268188504014
storm,1638.0,1.556158924053498
storm,1639.0,2.118700926453732
storm,1640.0,3.057277494328155
storm,1641.0,4.026754502378695
storm,1642.0,4.656903285851472
storm,1643.0,3.706443958394894
storm,1644.0,1.5910928285854746
storm,1645.0,0.969468162735857
storm,1646.0,2.9392748660737276
storm,1647.0,4.6649759916259095
storm,1648.0,3.322535929346213
storm,1649.0,1.7097345399415351
storm,1650.0,2.8682664858842415
storm,1651.0,5.065769619964642
storm,1652.0,3.4562911704654473
storm,1653.0,0.3324377502045066
storm,1654.0,1.297322220792151
storm,1655.0,4.854210015326876
storm,1656.0,5.940582240784468
storm,1657.0,2.200827023652731
storm,1658.0,0.24871220903975044
storm,1659.0,2.6144390774799224
storm,1660.0,4.628514938201413
storm,1661.0,3.130334677530584
storm,1662.0,1.377468180176531
storm,1663.0,3.19576426446404
storm,1664.0,4.976117115992687
storm,1665.0,3.3176941529399584
storm,1666.0,0.6147297480724028
storm,1667.0,1.4622791039043213
storm,1668.0,4.188036497333929
storm,1669.0,4.358309007733491
storm,1670.0,2.703762216248905
storm,1671.0,2.4085447621445786
storm,1672.0,3.249463220591737
storm,1673.0,2.759627421187174
storm,1674.0,1.6533312267874072
storm,1675.0,2.697656627910342
storm,1676.0,4.376615386114162
storm,1677.0,3.9673080021279783
storm,1678.0,2.246139627881187
storm,1679.0,2.2152699592666445
storm,1680.0,3.2764987003147015
storm,1681.0,2.526443341442563
storm,1682.0,1.2508437735763798
storm,1683.0,2.7216233926030173
storm,1684.0,6.2861477490222155
storm,1685.0,5.565130422376486
storm,1686.0,1.383336820216777
storm,1687.0,-0.25783748208013657
storm,1688.0,2.4257798504592865
storm,1689.0,5.22704420347785
storm,1690.0,3.9666670278136027
storm,1691.0,1.885410875949202
storm,1692.0,2.6116311452242376
storm,1693.0,4.392228249473811
storm,1694.0,3.370295980634109
storm,1695.0,1.1050270156508937
storm,1696.0,1.3271777264955154
storm,1697.0,4.017295037355622
storm,1698.0,5.459316986143731
storm,1699.0,3.8179595224808414
storm,1700.0,1.6543423467747214
storm,1701.0,1.2263796864263912
storm,1702.0,2.45747187924592
storm,1703.0,3.7923179967236957
storm,1704.0,3.96999049067402
storm,1705.0,3.191441103498865
storm,1706.0,2.61739660210448
storm,1707.0,2.8950369540601164
storm,1708.0,3.1156541067134493
storm,1709.0,2.4476649546703877
storm,1710.0,1.9631325814469502
storm,1711.0,3.114080164466335
storm,1712.0,4.389623614768601
storm,1713.0,3.738076454957066
storm,1714.0,1.7416446586605723
storm,1715.0,1.1270293319413867
storm,1716.0,3.056450788751819
storm,1717.0,4.168711634879246
storm,1718.0,3.3413915513224213
storm,1719.0,2.752559623943006
storm,1720.0,3.372682390835713
storm,1721.0,3.307350638121443
storm,1722.0,1.9695883938603536
storm,1723.0,1.5007312469557619
storm,1724.0,3.103667393303448
storm,1725.0,4.655055691769471
storm,1726.0,3.827643141043466
storm,1727.0,2.7368192715070467
storm,1728.0,2.895917473071336
storm,1729.0,2.785510341812936
storm,1730.0,1.5513395532659287
storm,1731.0,1.7918112050130623
storm,1732.0,4.169383217966913
storm,1733.0,5.1799702087358925
storm,1734.0,2.8812284131563515
storm,1735.0,0.7210324405192653
storm,1736.0,2.3875994733881596
storm,1737.0,4.756697799096002
storm,1738.0,3.1498397514626837
storm,1739.0,0.917614617427439
storm,1740.0,2.564475051522067
storm,1741.0,6.290548811425988
storm,1742.0,5.262404797987666
storm,1743.0,0.37832975005797215
storm,1744.0,-0.3014469461232958
storm,1745.0,3.2453353685928343
storm,1746.0,6.094960015135763
storm,1747.0,3.9724475430580783
storm,1748.0,1.335880270796465
storm,1749.0,2.5648833492888925
storm,1750.0,3.9912694896071894
storm,1751.0,2.7403042789402847
storm,1752.0,1.1865381784460913
storm,1753.0,2.6816347183045286
storm,1754.0,4.597778061167116
storm,1755.0,3.9776306078868475
storm,1756.0,2.032531136683612
storm,1757.0,1.7650007527728533
storm,1758.0,2.8497488726708644
storm,1759.0,3.033216921621872
storm,1760.0,2.978914816211601
storm,1761.0,3.956179018028552
storm,1762.0,4.277394364889977
storm,1763.0,2.4882080149117076
storm,1764.0,0.9233507237403007
storm,1765.0,2.0163682816960646
storm,1766.0,4.16359683970442
storm,1767.0,4.113741166882571
storm,1768.0,2.7229776229078535
storm,1769.0,2.9462871457205844
storm,1770.0,3.9038066655845602
storm,1771.0,2.8485338944019865
storm,1772.0,0.9915870562979846
storm,1773.0,1.5863018840490717
storm,1774.0,4.626555303507311
storm,1775.0,5.531403364727336
storm,1776.0,3.132076437592262
storm,1777.0,1.1018906264371773
storm,1778.0,1.658579799656087
storm,1779.0,3.413301024632059
storm,1780.0,3.6436805978362283
storm,1781.0,2.887898983316196
storm,1782.0,2.9717969851455344
storm,1783.0,3.8382441034136745
storm,1784.0,3.8287590255082975
storm,1785.0,2.519656354981099
storm,1786.0,1.2945915039435492
storm,1787.0,1.57360201487235
storm,1788.0,3.758468855766249
storm,1789.0,5.411568051338924
storm,1790.0,4.128530767688397
storm,1791.0,1.584236898959291
storm,1792.0,0.9990931728817078
storm,1793.0,3.268626388322771
storm,1794.0,4.542527321837117
storm,1795.0,2.8694691653257762
storm,1796.0,1.567841155635916
storm,1797.0,2.98621019404753
storm,1798.0,4.9594147226312995
storm,1799.0,3.5618485060183493
storm,1800.0,0.7376076978219583
storm,1801.0,1.3636071917707768
storm,1802.0,4.195748819681096
storm,1803.0,4.872985253427597
storm,1804.0,2.9114430092011467
storm,1805.0,1.711924857226136
storm,1806.0,2.7659934734385296
storm,1807.0,3.111257866590897
storm,1808.0,2.1869013724817754
storm,1809.0,2.4980933020592486
storm,1810.0,4.563633240429292
storm,1811.0,4.666567772889354
storm,1812.0,2.2816417467702355
storm,1813.0,1.3187956302588015
storm,1814.0,2.7963817426415227
storm,1815.0,3.866612411664285
storm,1816.0,2.746600421036769
storm,1817.0,2.5818795979441367
storm,1818.0,4.212128799978932
storm,1819.0,4.37952001112013
storm,1820.0,1.4159903876765834
storm,1821.0,-0.088274907403501
storm,1822.0,2.950057074317366
storm,1823.0,5.921396305662024
storm,1824.0,4.370898151054724
storm,1825.0,1.4339347697171003
storm,1826.0,2.2000103587971602
storm,1827.0,4.301272295044792
storm,1828.0,3.0177445826639766
storm,1829.0,0.43506669920008884
storm,1830.0,1.619381741314759
storm,1831.0,5.840404585376718
storm,1832.0,6.573272397312404
storm,1833.0,2.205674745598917
storm,1834.0,-0.11487285104889798
storm,1835.0,2.029707098571121
storm,1836.0,4.446105341560599
storm,1837.0,3.880812040891544
storm,1838.0,2.4156584046155527
storm,1839.0,2.9564844241068102
storm,1840.0,3.774120725130785
storm,1841.0,2.914049062389477
storm,1842.0,1.6413633160556893
storm,1843.0,2.198122692296533
storm,1844.0,3.5546526083203465
storm,1845.0,3.9086388822921405
storm,1846.0,3.569777958447274
storm,1847.0,3.205043747865045
storm,1848.0,2.4486004826348684
storm,1849.0,1.6091396295373614
storm,1850.0,2.167356342340746
storm,1851.0,4.1065660098291925
storm,1852.0,4.680320501138059
storm,1853.0,2.973643589806687
storm,1854.0,1.648160156148026
storm,1855.0,2.4068498279655066
storm,1856.0,3.7379973972297713
storm,1857.0,3.3108815261480284
storm,1858.0,2.353959408898404
storm,1859.0,2.848730811456063
storm,1860.0,3.9393033226400394
storm,1861.0,3.671940325241939
storm,1862.0,2.116958653913725
storm,1863.0,1.3920202809280264
storm,1864.0,2.430542471634935
storm,1865.0,3.9425555439248283
storm,1866.0,4.488548807434822
storm,1867.0,3.72160814576975
storm,1868.0,2.3382848305022517
storm,1869.0,1.7569735399594952
storm,1870.0,2.503678726903766
storm,1871.0,3.2385611234650047
storm,1872.0,2.9293629332490885
storm,1873.0,2.6234888602892092
storm,1874.0,3.8935942706247757
storm,1875.0,4.86349269037229
storm,1876.0,3.0508638381022353
storm,1877.0,0.35415506827771986
storm,1878.0,0.8925112753559784
storm,1879.0,4.645103376821486
storm,1880.0,5.751169919803997
storm,1881.0,2.924840453672513
storm,1882.0,0.8625351005994516
storm,1883.0,2.657763960633674
storm,1884.0,4.601252496260634
storm,1885.0,2.777403812189481
storm,1886.0,0.8322073563891436
storm,1887.0,2.7505903199133606
storm,1888.0,6.08393423517816
storm,1889.0,4.968943721848709
storm,1890.0,1.0525420458011028
storm,1891.0,0.4437219962863627
storm,1892.0,3.0271231004180303
storm,1893.0,4.400189498997899
storm,1894.0,3.3101761796955307
storm,1895.0,2.8267686696991543
storm,1896.0,3.74092879914196
storm,1897.0,3.173677040546526
storm,1898.0,1.52535294803463
storm,1899.0,1.8675464172601526
storm,1900.0,4.293586774533244
storm,1901.0,4.768073347881139
storm,1902.0,2.604898434000473
storm,1903.0,1.8656515649555427
storm,1904.0,3.191177335772382
storm,1905.0,3.480713469061463
storm,1906.0,1.5510583469316115
storm,1907.0,1.6787473019583343
storm,1908.0,4.8694820485185994
storm,1909.0,5.96517484860338
storm,1910.0,2.6058245267588016
storm,1911.0,-0.22314234618971526
storm,1912.0,1.6097907420102773
storm,1913.0,4.859661852075442
storm,1914.0,4.476378249805596
storm,1915.0,2.0175263032678763
storm,1916.0,2.3265438394057116
storm,1917.0,4.446993651109759
storm,1918.0,4.029497460261078
storm,1919.0,1.174581533291294
storm,1920.0,0.7952455689850069
storm,1921.0,3.575219786391045
storm,1922.0,5.305685831894504
storm,1923.0,3.9553209439926436
storm,1924.0,2.016193930560139
storm,1925.0,1.9294250145671783
storm,1926.0,2.6876838980980295
storm,1927.0,2.9097659883221403
storm,1928.0,2.9471837877965386
storm,1929.0,3.3958878446650917
storm,1930.0,3.7574941767696313
storm,1931.0,3.5316601639729925
storm,1932.0,2.9835790399133555
storm,1933.0,2.3348679395325225
storm,1934.0,1.871586064406802
storm,1935.0,2.3200301086057413
storm,1936.0,3.8175489866334167
storm,1937.0,4.6746696568488755
storm,1938.0,3.413665948939112
storm,1939.0,1.711715778454008
storm,1940.0,1.8788742688656026
storm,1941.0,3.3843092748732286
storm,1942.0,3.7560573397719783
storm,1943.0,2.9381559444359064
storm,1944.0,2.759700574610159
storm,1945.0,3.3524077904440674
storm,1946.0,3.302695021447119
storm,1947.0,2.3640953733433494
storm,1948.0,2.0775299887912313
storm,1949.0,2.80233286676886
storm,1950.0,3.6150190500799866
storm,1951.0,4.052020236021874
storm,1952.0,3.9402071683488074
storm,1953.0,2.7728679465595087
storm,1954.0,1.2026865493418704
storm,1955.0,1.3763891326160391
storm,1956.0,3.8302037169956527
storm,1957.0,5.491260123211957
storm,1958.0,3.7215381054218297
storm,1959.0,1.3043544316997309
storm,1960.0,2.057278133341091
storm,1961.0,3.967924989756721
storm,1962.0,3.2209397603952996
storm,1963.0,1.1037640214729454
storm,1964.0,2.42735581862346
storm,1965.0,5.987903059786261
storm,1966.0,5.376488472931766
storm,1967.0,1.0667269282493748
storm,1968.0,-0.725331234263146
storm,1969.0,2.7750970248505937
storm,1970.0,6.141941194940805
storm,1971.0,4.2940274791179425
storm,1972.0,1.5744741039472931
storm,1973.0,2.6362466003499896
storm,1974.0,4.580329215533143
storm,1975.0,3.0199744095636385
storm,1976.0,0.5816119404721958
storm,1977.0,1.7712019509772297
storm,1978.0,4.918882978865791
storm,1979.0,5.091748182575632
storm,1980.0,2.5091387624004615
storm,1981.0,1.5174942850476971
storm,1982.0,2.852878803988466
storm,1983.0,3.262344721648864
storm,1984.0,2.476918480128594
storm,1985.0,3.0092585658391857
storm,1986.0,4.450561925054542
storm,1987.0,3.7414130757573547
storm,1988.0,1.7017722916921914
storm,1989.0,1.6507200563278444
storm,1990.0,3.546635939582305
storm,1991.0,4.055789759884945
storm,1992.0,2.5392012865291886
storm,1993.0,2.5469268048332934
storm,1994.0,4.2316701385554
storm,1995.0,4.098274297662771
storm,1996.0,1.4156120378612147
storm,1997.0,0.5851822189951967
storm,1998.0,3.4781704865530645
storm,1999.0,5.521429270725424
storm,2000.0,3.7977196726611293
storm,2001.0,1.309254983371915
storm,2002.0,1.7163902588077256
storm,2003.0,3.840719129248688
storm,2004.0,3.862141766031462
storm,2005.0,2.235666507133083
storm,2006.0,2.2708942107761345
storm,2007.0,3.9501854070048408
storm,2008.0,4.57484135319899
storm,2009.0,2.976029502045437
storm,2010.0,1.2485745309516585
storm,2011.0,1.396948289791588
storm,2012.0,3.0453135663518425
storm,2013.0,4.6874179309465385
storm,2014.0,4.732469775839169
storm,2015.0,3.147821568872401
storm,2016.0,1.8322151918383092
storm,2017.0,2.1011858401237835
storm,2018.0,2.9679628074313396
storm,2019.0,2.988471469074591
storm,2020.0,2.6380142796327823
storm,2021.0,3.4240915195437314
storm,2022.0,4.69771909114756
storm,2023.0,3.8236448078860996
storm,2024.0,1.430911816958983
storm,2025.0,0.9135266235767951
storm,2026.0,3.1014683383624075
storm,2027.0,5.011756253335998
storm,2028.0,4.1072237444336555
storm,2029.0,2.602767513432041
storm,2030.0,2.5021573630676555
storm,2031.0,2.763580611403005
storm,2032.0,2.305275334972152
storm,2033.0,2.3318810533811756
storm,2034.0,3.7227399154188436
storm,2035.0,4.461878274849936
storm,2036.0,3.2673704090431124
storm,2037.0,2.1174638564831185
storm,2038.0,2.610808928372467
storm,2039.0,3.091211969826362
storm,2040.0,2.371937286109254
storm,2041.0,2.515073918795853
storm,2042.0,4.339171548818631
storm,2043.0,4.859908219466365
storm,2044.0,2.1046751381456836
storm,2045.0,-0.0008264553046575505
storm,2046.0,2.4397364458876836
storm,2047.0,5.705437972896017
storm,2048.0,4.562532284415776
storm,2049.0,1.395705086718517
storm,2050.0,1.896696132868057
storm,2051.0,4.518208167353805
storm,2052.0,3.883393952656512
storm,2053.0,0.5056759508180759
storm,2054.0,0.4610013401965773
storm,2055.0,5.265722314038669
storm,2056.0,7.0538388328773705
storm,2057.0,3.0699573276605
storm,2058.0,-0.11199621346523922
storm,2059.0,1.583475517758483
storm,2060.0,4.705709402311358
storm,2061.0,4.035199166987076
storm,2062.0,1.93673888785894
storm,2063.0,2.5780870683085255
storm,2064.0,4.484268239540406
storm,2065.0,3.9701014839250424
storm,2066.0,1.6250066529001337
storm,2067.0,1.4179935458835866
storm,2068.0,3.094564093357386
storm,2069.0,3.805088097936725
storm,2070.0,3.5019903626884257
storm,2071.0,3.62299735931147
storm,2072.0,3.611955310081786
storm,2073.0,2.258984722527949
storm,2074.0,1.2712467958649678
storm,2075.0,2.4441655495088686
storm,2076.0,4.518956334371518
storm,2077.0,4.390735954672681
storm,2078.0,2.631533198403688
storm,2079.0,2.4247334956922595
storm,2080.0,3.4364916074361305
storm,2081.0,3.1021616043023386
storm,2082.0,1.765608209183212
storm,2083.0,2.2174444502158392
storm,2084.0,4.2473578197536055
storm,2085.0,4.79905797921975
storm,2086.0,2.7409290265875375
storm,2087.0,1.0127675213112926
storm,2088.0,1.9958374953382914
storm,2089.0,3.8913096008852803
storm,2090.0,4.27691718053162
storm,2091.0,3.3421738914819965
storm,2092.0,2.748603201495994
storm,2093.0,2.786591651765974
storm,2094.0,2.779881048193605
storm,2095.0,2.5150610513579656
storm,2096.0,2.3432090550856195
storm,2097.0,2.920246259615624
storm,2098.0,4.2431487825953385
storm,2099.0,4.839990321333455
storm,2100.0,3.292347861433555
storm,2101.0,0.9142964659618837
storm,2102.0,0.8183230128883189
storm,2103.0,3.6060796860892834
storm,2104.0,5.513145418735336
storm,2105.0,3.926386299793752
storm,2106.0,1.719156369567904
storm,2107.0,2.2132552353449926
storm,2108.0,3.8086794411192044
storm,2109.0,3.0293978198877816
storm,2110.0,1.3336475610849485
storm,2111.0,2.3837508522174335
storm,2112.0,5.495752486616058
storm,2113.0,5.43854384826413
storm,2114.0,2.1664714744678215
storm,2115.0,0.6722780954073142
storm,2116.0,2.1925617087992335
storm,2117.0,3.949755152465221
storm,2118.0,3.626101543530579
storm,2119.0,3.187750847414868
storm,2120.0,3.847880468195122
storm,2121.0,3.5330019077291435
storm,2122.0,1.8262598899660862
storm,2123.0,1.551515516628529
storm,2124.0,3.6067193644775157
storm,2125.0,4.260092649281487
storm,2126.0,2.6166338645948035
storm,2127.0,2.020117250943993
storm,2128.0,3.8664709969813997
storm,2129.0,4.607570439590185
storm,2130.0,1.8329850592389543
storm,2131.0,0.5591901457824264
storm,2132.0,3.357485493911321
storm,2133.0,6.1010938923504225
storm,2134.0,4.10597362093172
storm,2135.0,0.4242859050472904
storm,2136.0,1.3003628493375088
storm,2137.0,4.406361512562467
storm,2138.0,4.2980739996317805
storm,2139.0,1.5596300828759946
storm,2140.0,1.8085532058628415
storm,2141.0,4.999949542799859
storm,2142.0,5.154535625922585
storm,2143.0,1.585875348691068
storm,2144.0,-0.24823554733898304
storm,2145.0,2.833328744483202
storm,2146.0,5.698594348305452
storm,2147.0,4.349155914212676
storm,2148.0,1.9314564249799175
storm,2149.0,1.9641553391362236
storm,2150.0,3.3453830477985016
storm,2151.0,3.131777307978611
storm,2152.0,2.1324455860110576
storm,2153.0,2.6847043504086625
storm,2154.0,4.179507744981982
storm,2155.0,4.47172255710863
storm,2156.0,3.3150420210227822
storm,2157.0,2.1819222312343154
storm,2158.0,1.685986352955873
storm,2159.0,1.8663873679985112
storm,2160.0,3.219449279283193
storm,2161.0,5.085603538295353
storm,2162.0,4.925971309657371
storm,2163.0,2.5829475786010665
storm,2164.0,1.1995473150574938
storm,2165.0,2.176320705097931
storm,2166.0,3.6509835767680676
storm,2167.0,3.5446964479176644
storm,2168.0,2.8609179232170323
storm,2169.0,3.2570704860892508
storm,2170.0,3.876005239205749
storm,2171.0,3.082945893712626
storm,2172.0,1.7277675036576268
storm,2173.0,1.8330627174914897
storm,2174.0,3.3465589461688454
storm,2175.0,4.622209224732895
storm,2176.0,4.334118578185041
storm,2177.0,2.875836621135994
storm,2178.0,1.6372948131689105
storm,2179.0,1.6610762449167273
storm,2180.0,3.2294483383033628
storm,2181.0,4.626950258829668
storm,2182.0,3.801392254219696
storm,2183.0,2.241148741851912
storm,2184.0,2.396617419196271
storm,2185.0,3.777573993049853
storm,2186.0,3.4223966854573886
storm,2187.0,1.563776349629978
storm,2188.0,2.06443236354475
storm,2189.0,4.62554910750347
storm,2190.0,5.077224731287048
storm,2191.0,2.206728847656355
storm,2192.0,0.020968398521597403
storm,2193.0,2.3208961234458956
storm,2194.0,5.133203721130038
storm,2195.0,4.003346169478398
storm,2196.0,1.8066167830688151
storm,2197.0,2.769093021686612
storm,2198.0,5.0205312336760555
storm,2199.0,3.568467654969965
storm,2200.0,0.7115247122997204
storm,2201.0,0.9774280939784868
storm,2202.0,4.427956101514352
storm,2203.0,5.878640319397064
storm,2204.0,3.3874979514526276
storm,2205.0,1.86772119255564
storm,2206.0,2.711007533924944
storm,2207.0,3.1470015446095005
storm,2208.0,2.119361659479079
storm,2209.0,2.4501675155968163
storm,2210.0,4.274704659215712
storm,2211.0,4.469253916592302
storm,2212.0,2.370357536216334
storm,2213.0,1.514846659341504
storm,2214.0,3.3005703412083958
storm,2215.0,3.799805089534981
storm,2216.0,2.0241428235310024
storm,2217.0,1.8200375837916085
storm,2218.0,4.775574833044318
storm,2219.0,6.191144658185738
storm,2220.0,2.5202805031209117
storm,2221.0,-0.40600923133836486
storm,2222.0,1.6298803105989799
storm,2223.0,5.263227163597266
storm,2224.0,5.266441561649166
storm,2225.0,2.0280937394529954
storm,2226.0,1.5143233565721115
storm,2227.0,3.691616236421347
storm,2228.0,4.076760171215958
storm,2229.0,1.9413054233253366
storm,2230.0,1.4536111516829313
storm,2231.0,3.8545907053806276
storm,2232.0,5.104420947475874
storm,2233.0,3.425750711316038
storm,2234.0,1.1636894282523618
storm,2235.0,1.3231533116059508
storm,2236.0,3.184589791938844
storm,2237.0,4.304337857745426
storm,2238.0,4.1558891610695206
storm,2239.0,3.4416348129239602
storm,2240.0,2.703708589440505
storm,2241.0,2.283906483659845
storm,2242.0,2.387695739488627
storm,2243.0,2.7220084505240494
storm,2244.0,2.993695937620477
storm,2245.0,3.570698263968406
storm,2246.0,4.323086734161753
storm,2247.0,3.955241233774607
storm,2248.0,2.1486054470694795
storm,2249.0,0.9240558396285977
storm,2250.0,2.270298141549072
storm,2251.0,4.5475121882163885
storm,2252.0,4.632373052965064
storm,2253.0,3.0081254573404776
storm,2254.0,2.277826286547279
storm,2255.0,2.811598002011717
storm,2256.0,2.932049464057421
storm,2257.0,2.351749786244673
storm,2258.0,2.5902771067524517
storm,2259.0,3.728583321465631
storm,2260.0,4.295710234081778
storm,2261.0,3.613367355315551
storm,2262.0,2.769101071512446
storm,2263.0,2.230222334327439
storm,2264.0,1.8516987636250122
storm,2265.0,2.4384248084244193
storm,2266.0,4.410639288556105
storm,2267.0,5.059808151114688
storm,2268.0,2.9123831034440157
storm,2269.0,0.8720167786794765
storm,2270.0,2.131555598396969
storm,2271.0,5.027856099721613
storm,2272.0,4.207041494655025
storm,2273.0,1.546495395071479
storm,2274.0,1.826609963957389
storm,2275.0,4.794629474649802
storm,2276.0,5.180638974314718
storm,2277.0,1.3000389956659903
storm,2278.0,-0.1262627985319447
storm,2279.0,3.3799479157089243
storm,2280.0,6.263291941038621
storm,2281.0,4.223682905972672
storm,2282.0,0.927289791382301
storm,2283.0,1.756794370329079
storm,2284.0,4.072132262130606
storm,2285.0,3.2860822603765536
storm,2286.0,1.5110227813735386
storm,2287.0,2.6759552258868013
storm,2288.0,5.587986344535889
storm,2289.0,4.754918096888613
storm,2290.0,1.5042482026894528
storm,2291.0,0.8212532827891433
storm,2292.0,3.0549574063941933
storm,2293.0,4.493837616811946
storm,2294.0,3.5089554783024948
storm,2295.0,3.184012804501951
storm,2296.0,3.9143602229304935
storm,2297.0,3.1158046799445653
storm,2298.0,1.099930283212223
storm,2299.0,1.41587876675104
storm,2300.0,3.9919505704649687
storm,2301.0,5.11433963946494
storm,2302.0,3.363530791332686
storm,2303.0,2.2884849913570307
storm,2304.0,3.374617224056954
storm,2305.0,3.4169262583896267
storm,2306.0,1.5742771541358294
storm,2307.0,1.16471532060413
storm,2308.0,3.962634013663975
storm,2309.0,6.092444487686265
storm,2310.0,4.004322113897722
storm,2311.0,0.7631801118588809
storm,2312.0,1.0622604499244466
storm,2313.0,3.744109921524174
storm,2314.0,4.619251918897881
storm,2315.0,3.11400506094484
storm,2316.0,2.3039358893110307
storm,2317.0,3.164202889468195
storm,2318.0,3.7615161516459783
storm,2319.0,2.861191799392371
storm,2320.0,1.747779424554767
storm,2321.0,2.248485651120144
storm,2322.0,3.8329768477785313
storm,2323.0,4.805359658668608
storm,2324.0,3.916836434503264
storm,2325.0,1.848198398177298
storm,2326.0,1.1268001171214985
storm,2327.0,2.6961536010255194
storm,2328.0,4.680484676181385
storm,2329.0,4.30889316200305
storm,2330.0,2.4349109749226536
storm,2331.0,2.143400424111522
storm,2332.0,3.415852562421458
storm,2333.0,3.6961492196249743
storm,2334.0,2.0350190786846594
storm,2335.0,1.8110253332791866
storm,2336.0,3.836079066510323
storm,2337.0,4.9519047947789225
storm,2338.0,3.4297745959232184
storm,2339.0,1.4212274106300602
storm,2340.0,1.8042929367824172
storm,2341.0,3.1825205677759576
storm,2342.0,3.314774553604288
storm,2343.0,3.074107752039081
storm,2344.0,3.906557990363543
storm,2345.0,4.399297838543596
storm,2346.0,2.9287715687234623
storm,2347.0,1.5259393733767876
storm,2348.0,2.138793770471383
storm,2349.0,3.2727770711519177
storm,2350.0,3.3360625582993926
storm,2351.0,3.2645262822799985
storm,2352.0,4.328429601773991
storm,2353.0,4.180161883923969
storm,2354.0,1.7864806282144972
storm,2355.0,0.30006838321803997
storm,2356.0,2.906752584726761
storm,2357.0,6.1391707019917785
storm,2358.0,4.514585066417127
storm,2359.0,1.3214720475777915
storm,2360.0,1.4936406148460768
storm,2361.0,4.516538850201756
storm,2362.0,4.302502511822134
storm,2363.0,1.1338839806559546
storm,2364.0,1.1019304810485395
storm,2365.0,5.1707571719697505
storm,2366.0,6.868660588642253
storm,2367.0,2.622640049645785
storm,2368.0,-0.570569218625171
storm,2369.0,1.7265954004599493
storm,2370.0,5.307498186706013
storm,2371.0,4.7357616329301075
storm,2372.0,2.1495194050181197
storm,2373.0,2.166246866467331
storm,2374.0,3.8410390052648284
storm,2375.0,3.3422021022471697
storm,2376.0,1.6374692303058747
storm,2377.0,2.2290420232224033
storm,2378.0,4.589658578171441
storm,2379.0,4.836865483351135
storm,2380.0,2.885281658526387
storm,2381.0,1.9836858791202
storm,2382.0,2.4200335219878664
storm,2383.0,2.5598315045997504
storm,2384.0,2.5204786409872084
storm,2385.0,3.774949626832948
storm,2386.0,5.040689134302652
storm,2387.0,3.967787707169687
storm,2388.0,1.5751974332736778
storm,2389.0,1.2922696138630543
storm,2390.0,3.091655160074445
storm,2391.0,4.06525151588697
storm,2392.0,3.201004350930052
storm,2393.0,2.8037201994998178
storm,2394.0,3.72065621900158
storm,2395.0,3.8657164934056922
storm,2396.0,2.3257272901086306
storm,2397.0,1.1845832020444045
storm,2398.0,2.498986563532145
storm,2399.0,4.284545780132987
storm,2400.0,4.485510049976479
storm,2401.0,3.304318765160392
storm,2402.0,2.173114984640218
storm,2403.0,2.175226261847666
storm,2404.0,2.8155393464536305
storm,2405.0,3.2573624700954404
storm,2406.0,3.1365908941462486
storm,2407.0,2.9517907744001817
storm,2408.0,3.569645157171138
storm,2409.0,4.32228275703562
storm,2410.0,3.351949328433617
storm,2411.0,1.2764576418959126
storm,2412.0,1.2839663656742226
storm,2413.0,3.8474497606976628
storm,2414.0,5.679787562353775
storm,2415.0,3.6836338146802965
storm,2416.0,0.8826794955656384
storm,2417.0,1.634938832875433
storm,2418.0,4.342941546584824
storm,2419.0,4.475898976218149
storm,2420.0,2.1589597651448296
storm,2421.0,2.1327538484671695
storm,2422.0,4.270899838224491
storm,2423.0,4.641635858329515
storm,2424.0,1.8574067573120037
storm,2425.0,0.48448818844616826
storm,2426.0,2.7454174133903146
storm,2427.0,4.92728255091372
storm,2428.0,4.424624738331042
storm,2429.0,2.875959112968637
storm,2430.0,2.7975092253483242
storm,2431.0,2.757943199176486
storm,2432.0,1.8776795285915102
storm,2433.0,2.1375268693576666
storm,2434.0,4.248232941746884
storm,2435.0,5.084605049574733
storm,2436.0,3.1417507136496696
storm,2437.0,1.6276022266468522
storm,2438.0,2.6826416766989127
storm,2439.0,3.500260437009241
storm,2440.0,2.2399934267531822
storm,2441.0,1.8010768627272051
storm,2442.0,4.741860771606278
storm,2443.0,6.348723603228371
storm,2444.0,3.0881930196848524
storm,2445.0,-0.2596396090853213
storm,2446.0,0.9670352316136898
storm,2447.0,5.263557693778849
storm,2448.0,5.4757131404453
storm,2449.0,2.198137301638324
storm,2450.0,1.6184232117709656
storm,2451.0,4.406736974467386
storm,2452.0,4.9303559393496075
storm,2453.0,1.5905049039293646
storm,2454.0,0.4021551188597025
storm,2455.0,3.4669170414769908
storm,2456.0,5.983142613102439
storm,2457.0,4.046142917905507
storm,2458.0,1.1463916894183097
storm,2459.0,1.4684946281097813
storm,2460.0,3.8346876644236456
storm,2461.0,4.11519338485315
storm,2462.0,2.817020178143763
storm,2463.0,2.7748481946033094
storm,2464.0,3.7344851172989864
storm,2465.0,3.5985474040808882
storm,2466.0,2.4357775699680477
storm,2467.0,2.106493325678767
storm,2468.0,2.7619565860660797
storm,2469.0,3.459935121771684
storm,2470.0,3.867070319701981
storm,2471.0,3.9552366167927904
storm,2472.0,3.267694105131285
storm,2473.0,1.9297977394045862
storm,2474.0,1.5753311725436605
storm,2475.0,3.11651620590206
storm,2476.0,4.389960904108702
storm,2477.0,3.9131860118336603
storm,2478.0,2.7454236503243052
storm,2479.0,2.5090280799044393
storm,2480.0,2.907080416631035
storm,2481.0,2.792910174351762
storm,2482.0,2.4978594040645272
storm,2483.0,3.0391982185142545
storm,2484.0,3.9748998206356285
storm,2485.0,4.177275468739765
storm,2486.0,3.5689928625511222
storm,2487.0,2.4147811588692707
storm,2488.0,1.4541940812424246
storm,2489.0,1.7631762410948228
storm,2490.0,3.5370822195736196
storm,2491.0,5.348075659655144
storm,2492.0,4.483883822657427
storm,2493.0,1.943176442805389
storm,2494.0,1.6607045866294086
storm,2495.0,3.292103798403503
storm,2496.0,3.658191257942068
storm,2497.0,2.1369425733823006
storm,2498.0,2.191766828996425
storm,2499.0,4.7407270989504235
storm,2500.0,5.543962064062265
storm,2501.0,2.1516237063484054
storm,2502.0,-0.3060656818634834
storm,2503.0,2.1218416606148405
storm,2504.0,5.892071446694079
storm,2505.0,5.372245584702885
storm,2506.0,1.8655822625118803
storm,2507.0,1.5852430431846303
storm,2508.0,3.6595379890275463
storm,2509.0,3.812259960266817
storm,2510.0,1.674432203736553
storm,2511.0,1.8194087936221657
storm,2512.0,4.478002058418374
storm,2513.0,5.09896011414796
storm,2514.0,2.696228293289041
storm,2515.0,0.9703729894973416
storm,2516.0,2.4324284633280606
storm,2517.0,3.882089668250194
storm,2518.0,3.4826841393330814
storm,2519.0,3.1974670255455595
storm,2520.0,3.9400679421697307
storm,2521.0,3.464297688263244
storm,2522.0,1.5467072438820553
storm,2523.0,1.3360278672455626
storm,2524.0,3.8609808526883014
storm,2525.0,5.015718608606629
storm,2526.0,3.175678998360848
storm,2527.0,2.0846365981580663
storm,2528.0,3.7483157705735315
storm,2529.0,4.287904945353202
storm,2530.0,1.7893328103505481
storm,2531.0,0.23083119847715336
storm,2532.0,3.1567506877759257
storm,2533.0,6.978301497773214
storm,2534.0,5.0879225269188435
storm,2535.0,1.0493899408380603
storm,2536.0,0.6249808589449486
storm,2537.0,3.846674819290879
storm,2538.0,4.931495896952832
storm,2539.0,2.5311837319847794
storm,2540.0,1.6940915626563053
storm,2541.0,3.7617823000276043
storm,2542.0,5.283276418296339
storm,2543.0,3.226736143895429
storm,2544.0,0.9293591421095094
storm,2545.0,1.6165675929785026
storm,2546.0,3.876922166586923
storm,2547.0,4.755736489456862
storm,2548.0,3.7866559479840918
storm,2549.0,2.7666574874109373
storm,2550.0,2.4508613314576198
storm,2551.0,2.56818454055466
storm,2552.0,2.796416745898712
storm,2553.0,2.995265425828534
storm,2554.0,3.2152639574603397
storm,2555.0,3.604699771133826
storm,2556.0,3.9536730511584492
storm,2557.0,3.3599300393561946
storm,2558.0,2.0305581250641
storm,2559.0,1.6386967537769932
storm,2560.0,3.2395090780361553
storm,2561.0,4.7659154056145665
storm,2562.0,4.0603903110809725
storm,2563.0,2.3543472695716487
storm,2564.0,1.8195935125524234
storm,2565.0,2.6928247452020733
storm,2566.0,3.162060502225352
storm,2567.0,3.1426238965491793
storm,2568.0,3.7912095178093166
storm,2569.0,4.425344462281806
storm,2570.0,3.4000392548397653
storm,2571.0,1.9397763280331635
storm,2572.0,1.8910788938756484
storm,2573.0,2.9639053355070013
storm,2574.0,3.4244351754800917
storm,2575.0,3.4048708183998633
storm,2576.0,4.15123315169514
storm,2577.0,4.456601720032385
storm,2578.0,2.439738148005795
storm,2579.0,0.25889285620567193
storm,2580.0,1.879007951217135
storm,2581.0,5.287914728830887
storm,2582.0,5.48118427083155
storm,2583.0,2.246492650181746
storm,2584.0,1.2822526868399449
storm,2585.0,3.6623850169614776
storm,2586.0,4.47760076591065
storm,2587.0,1.7153756248747118
storm,2588.0,0.5328518035350668
storm,2589.0,4.045407551678863
storm,2590.0,7.117254641811012
storm,2591.0,4.286995502399788
storm,2592.0,0.10360097689334163
storm,2593.0,0.844618221712342
storm,2594.0,4.134901605779171
storm,2595.0,4.9199062053539855
storm,2596.0,2.63592847434529
storm,2597.0,2.2207438542732123
storm,2598.0,3.8215541242715
storm,2599.0,3.9666078688524777
storm,2600.0,2.002350599326553
storm,2601.0,1.6304062333573528
storm,2602.0,3.611814750495562
storm,2603.0,4.052835542571678
storm,2604.0,2.997008800275075
storm,2605.0,2.602142239303914
storm,2606.0,3.4009020833571997
storm,2607.0,3.0681191749391554
storm,2608.0,1.8544441248361452
storm,2609.0,2.4984532165999
storm,2610.0,4.7644788467381955
storm,2611.0,4.8900297198011975
storm,2612.0,2.386940702641067
storm,2613.0,1.3645266958808189
storm,2614.0,3.0790290044122406
storm,2615.0,3.9695945288176064
storm,2616.0,2.547573941024795
storm,2617.0,2.029125116387158
storm,2618.0,4.281824492403283
storm,2619.0,5.561893870775169
storm,2620.0,2.91040249634595
storm,2621.0,0.2499710877197219
storm,2622.0,1.4090221217214294
storm,2623.0,4.9975937752672435
storm,2624.0,5.558481175998089
storm,2625.0,3.0989036532134664
storm,2626.0,1.820091924213922
storm,2627.0,2.7414960721603707
storm,2628.0,3.5455224021071996
storm,2629.0,2.6652764196558505
storm,2630.0,1.9962125878603885
storm,2631.0,3.0654674129673607
storm,2632.0,5.010121898779234
storm,2633.0,5.110193448172779
storm,2634.0,2.9411757435948824
storm,2635.0,1.03487118012124
storm,2636.0,1.1772510175567998
storm,2637.0,3.512156242708434
storm,2638.0,5.334891508541727
storm,2639.0,4.277674017614137
storm,2640.0,2.162152355229096
storm,2641.0,1.9184266691797704
storm,2642.0,3.4670376433379926
storm,2643.0,3.614817169274785
storm,2644.0,2.2964694542575432
storm,2645.0,2.3514662195784695
storm,2646.0,4.358829964783398
storm,2647.0,4.905290995344883
storm,2648.0,2.6032956176745814
storm,2649.0,0.8670785812802428
storm,2650.0,2.203312202846997
storm,2651.0,4.422645781646162
storm,2652.0,4.297792281384205
storm,2653.0,3.099945042786898
storm,2654.0,3.1177718862647064
storm,2655.0,3.3229092421202653
storm,2656.0,2.2438471684816186
storm,2657.0,1.7088205719196772
storm,2658.0,3.4320202826116515
storm,2659.0,5.1915580206737735
storm,2660.0,3.7763840078823128
storm,2661.0,1.8584537800926697
storm,2662.0,2.3644845206038627
storm,2663.0,3.9478368249723705
storm,2664.0,3.095057696911073
storm,2665.0,1.5833502503572008
storm,2666.0,3.1582538755953955
storm,2667.0,5.337943375613495
storm,2668.0,4.339925555691147
storm,2669.0,0.6284015315832102
storm,2670.0,0.5530935086333413
storm,2671.0,3.9701350294841666
storm,2672.0,5.106080155220106
storm,2673.0,2.6115190475003613
storm,2674.0,1.543677120900631
storm,2675.0,4.452707403362172
storm,2676.0,5.576859207786634
storm,2677.0,2.213531342998219
storm,2678.0,-0.3497650789150386
storm,2679.0,2.068310779652399
storm,2680.0,5.919973274617219
storm,2681.0,5.5519569765704855
storm,2682.0,2.1352803348725216
storm,2683.0,1.3814052715802478
storm,2684.0,3.1468644771419942
storm,2685.0,3.7136006187079578
storm,2686.0,2.584155958042553
storm,2687.0,2.653321418557568
storm,2688.0,3.909211677890831
storm,2689.0,4.059149342631298
storm,2690.0,2.8840365408311013
storm,2691.0,2.2213083413508934
storm,2692.0,2.6433915983396044
storm,2693.0,2.6476959890218135
storm,2694.0,2.7632896138246412
storm,2695.0,4.138127440495092
storm,2696.0,5.197180940520261
storm,2697.0,3.3385015411047188
storm,2698.0,1.0487841952078771
storm,2699.0,1.5192614097411712
storm,2700.0,4.085786471433537
storm,2701.0,4.963807390585234
storm,2702.0,3.1588282125176352
storm,2703.0,2.1405538506853294
storm,2704.0,3.11271137735203
storm,2705.0,3.7111028321528297
storm,2706.0,2.474298133713873
storm,2707.0,1.8583939914667418
storm,2708.0,3.476052426610396
storm,2709.0,5.203967402004838
storm,2710.0,4.295071560876435
storm,2711.0,2.019144335038668
storm,2712.0,1.08295124591127
storm,2713.0,2.1778294046660345
storm,2714.0,4.080530956444306
storm,2715.0,4.772261544995393
storm,2716.0,3.860849968872076
storm,2717.0,2.6937920760500678
storm,2718.0,2.556670963682754
storm,2719.0,3.052534406693605
storm,2720.0,2.780769922902055
storm,2721.0,2.0177427855937604
storm,2722.0,2.7219831562921226
storm,2723.0,5.065274377372519
storm,2724.0,5.23547966938764
storm,2725.0,2.423598556136918
storm,2726.0,0.09884678809249402
storm,2727.0,1.849252061684437
storm,2728.0,5.416968948838935
storm,2729.0,4.825441385543473
storm,2730.0,2.1442609359811766
storm,2731.0,1.8814940336470043
storm,2732.0,4.359821243104811
storm,2733.0,4.507200282392041
storm,2734.0,1.6631187881261325
storm,2735.0,0.8766511010160075
storm,2736.0,3.6237911344201383
storm,2737.0,6.018111445251619
storm,2738.0,4.124957709545119
storm,2739.0,1.681471745524126
storm,2740.0,2.148111332958185
storm,2741.0,3.4221734764000327
storm,2742.0,2.9813290126031746
storm,2743.0,2.5865523227048217
storm,2744.0,3.8826749185988385
storm,2745.0,4.513023903472138
storm,2746.0,2.6066257685166727
storm,2747.0,1.179187857340172
storm,2748.0,2.9177813841463034
storm,2749.0,5.021809972765714
storm,2750.0,3.5874673070568823
storm,2751.0,1.8014251656877867
storm,2752.0,3.051355985895663
storm,2753.0,5.041498747224894
storm,2754.0,3.3576267096968633
storm,2755.0,0.08783211733424517
storm,2756.0,1.4321404196227001
storm,2757.0,5.159613381496161
storm,2758.0,6.085682752394009
storm,2759.0,2.5437042217847505
storm,2760.0,0.7227435453784831
storm,2761.0,2.9384182183351077
storm,2762.0,4.077467689026459
storm,2763.0,2.508052034448759
storm,2764.0,1.5677434328673283
storm,2765.0,4.062851222550831
storm,2766.0,5.765687505408559
storm,2767.0,3.5769138701450216
storm,2768.0,0.6227073534664387
storm,2769.0,1.033448243192406
storm,2770.0,3.7581296759792813
storm,2771.0,4.943502071177961
storm,2772.0,4.0098287624635685
storm,2773.0,3.171571518191739
storm,2774.0,2.973897881205602
storm,2775.0,2.486141364055115
storm,2776.0,2.1039873456608564
storm,2777.0,2.6778426560691404
storm,2778.0,3.6271789071143052
storm,2779.0,3.897131589590653
storm,2780.0,3.828657094325123
storm,2781.0,3.7475919697730777
storm,2782.0,2.8741879507974133
storm,2783.0,1.6181894238745904
storm,2784.0,1.8423121771415076
storm,2785.0,3.8846113745803064
storm,2786.0,5.272503367194864
storm,2787.0,3.7739009495707214
storm,2788.0,1.7612134753420146
storm,2789.0,1.8100502658309374
storm,2790.0,3.429811022840507
storm,2791.0,4.084303440482793
storm,2792.0,3.264424101799512
storm,2793.0,2.873768579360743
storm,2794.0,3.337885454454853
storm,2795.0,3.592402683214158
storm,2796.0,2.9647350416022826
storm,2797.0,2.2496861425438905
storm,2798.0,2.2217594840223756
storm,2799.0,3.1735767399024217
storm,2800.0,4.698272048490337
storm,2801.0,4.83602290687308
storm,2802.0,2.777049420517053
storm,2803.0,0.8943803519201918
storm,2804.0,1.8122581818337584
storm,2805.0,4.66916929645429
storm,2806.0,5.012222308833871
storm,2807.0,2.6125924494174235
storm,2808.0,1.7583203099075193
storm,2809.0,3.712801764030637
storm,2810.0,4.572771073921897
storm,2811.0,2.037003071228748
storm,2812.0,0.29484411313913106
storm,2813.0,3.360246513663684
storm,2814.0,6.55301849013108
storm,2815.0,4.6916521848769825
storm,2816.0,0.9702253477297831
storm,2817.0,0.8347766502362859
storm,2818.0,4.005870911689601
storm,2819.0,4.223307563230434
storm,2820.0,2.0145500186699814
storm,2821.0,2.041829395914006
storm,2822.0,5.272235849724828
storm,2823.0,5.956787625214852
storm,2824.0,2.204359595274526
storm,2825.0,0.4026625969699223
storm,2826.0,2.34421332511785
storm,2827.0,4.811665096023143
storm,2828.0,4.261424416784387
storm,2829.0,2.903403721378094
storm,2830.0,3.262547618795979
storm,2831.0,3.4245648862161016
storm,2832.0,1.938814764795341
storm,2833.0,1.6007477098475198
storm,2834.0,3.9096734561295627
storm,2835.0,5.3982027236901216
storm,2836.0,3.5143142279574926
storm,2837.0,1.6160949781520435
storm,2838.0,2.6589505532120614
storm,2839.0,4.079320136033836
storm,2840.0,2.827766660489832
storm,2841.0,1.3942433172388486
storm,2842.0,3.3157044649489094
storm,2843.0,5.842902901808231
storm,2844.0,4.518010169835607
storm,2845.0,0.583636520365811
storm,2846.0,0.42355178734070326
storm,2847.0,3.8757297890670555
storm,2848.0,5.647092742353575
storm,2849.0,3.7397261375205186
storm,2850.0,1.8713017308652025
storm,2851.0,2.641873186965949
storm,2852.0,3.5706083240042767
storm,2853.0,2.833312415708798
storm,2854.0,1.8579597345138146
storm,2855.0,3.0130341303042902
storm,2856.0,4.707242034371396
storm,2857.0,4.609571050080703
storm,2858.0,3.061023389480937
storm,2859.0,1.6916953625610085
storm,2860.0,1.6358590308723793
storm,2861.0,2.699631727421067
storm,2862.0,4.178200252582232
storm,2863.0,4.739333272818014
storm,2864.0,3.6144012506341388
storm,2865.0,2.436007252388728
storm,2866.0,2.556165576485321
storm,2867.0,3.134706856517195
storm,2868.0,2.8279827675557265
storm,2869.0,2.4844977450617582
storm,2870.0,3.4465076544142277
storm,2871.0,4.60736772355673
storm,2872.0,3.922339674299706
storm,2873.0,1.9194162487311968
storm,2874.0,1.5154194149884337
storm,2875.0,3.0554497533440634
storm,2876.0,4.159686756840061
storm,2877.0,3.7070346073726945
storm,2878.0,3.2293135961682853
storm,2879.0,3.3709608175015338
storm,2880.0,3.107166342686534
storm,2881.0,2.3929552427784997
storm,2882.0,2.5322408277348254
storm,2883.0,3.166676097437646
storm,2884.0,3.3220228270581904
storm,2885.0,3.3168081125520503
storm,2886.0,4.000347899878706
storm,2887.0,4.06750576549282
storm,2888.0,2.2563807525021
storm,2889.0,0.9352561771814633
storm,2890.0,2.8424989541093026
storm,2891.0,6.017818093364056
storm,2892.0,5.01459160822487
storm,2893.0,1.350570692445505
storm,2894.0,0.5360686976840129
storm,2895.0,3.787730998994367
storm,2896.0,5.461412147675715
storm,2897.0,2.700398880349743
storm,2898.0,1.1306134202644509
storm,2899.0,4.080739447012422
storm,2900.0,6.317897952783832
storm,2901.0,3.1421260341380832
storm,2902.0,-0.5586325997510099
storm,2903.0,1.0049572073423316
storm,2904.0,5.662770205047414
storm,2905.0,6.155177639704423
storm,2906.0,2.702009881929365
storm,2907.0,1.4185353941629992
storm,2908.0,3.4341795054165067
storm,2909.0,3.8620275936482664
storm,2910.0,1.97351041732756
storm,2911.0,1.8789955235537665
storm,2912.0,4.459098699321622
storm,2913.0,5.68084247015227
storm,2914.0,3.292538900103305
storm,2915.0,1.459610709640209
storm,2916.0,2.1117806039028943
storm,2917.0,3.210564405260088
storm,2918.0,3.133931401440225
storm,2919.0,3.47822931351615
storm,2920.0,4.718365457149998
storm,2921.0,4.352287795408917
storm,2922.0,1.935134983425365
storm,2923.0,0.9777224462287076
storm,2924.0,2.919601348864321
storm,2925.0,4.6432568032500345
storm,2926.0,3.70716419614116
storm,2927.0,2.376909704832714
storm,2928.0,3.216981159621755
storm,2929.0,4.232559251172701
storm,2930.0,2.9667701634364043
storm,2931.0,1.2226138200935868
storm,2932.0,2.497943080588578
storm,2933.0,4.715644230174974
storm,2934.0,4.597422962748364
storm,2935.0,2.5097251933700755
storm,2936.0,1.3163639261045517
storm,2937.0,2.576575401385901
storm,2938.0,3.9708837997523445
storm,2939.0,3.865504054771904
storm,2940.0,3.1463404547057
storm,2941.0,3.034333561807077
storm,2942.0,3.4253688182567164
storm,2943.0,3.4973635208356058
storm,2944.0,2.7959910272883826
storm,2945.0,1.9262981914376371
storm,2946.0,2.2776326463781142
storm,2947.0,3.9890179345132193
storm,2948.0,5.312988913063011
storm,2949.0,3.9693662114226123
storm,2950.0,1.3253668896894317
storm,2951.0,1.1938286909797746
storm,2952.0,3.452914277065951
storm,2953.0,4.82814442249474
storm,2954.0,3.53796793994172
storm,2955.0,2.4838410721038224
storm,2956.0,3.4434442615522642
storm,2957.0,4.0648040970445845
storm,2958.0,2.4584402061083264
storm,2959.0,1.0204422484623548
storm,2960.0,2.5477955336467346
storm,2961.0,4.984274908316617
storm,2962.0,5.020815750787415
storm,2963.0,3.16921201144455
storm,2964.0,2.376789984589935
storm,2965.0,2.5691267354904817
storm,2966.0,2.314257927338826
storm,2967.0,2.3649627966310174
storm,2968.0,3.9137552297742615
storm,2969.0,5.036281825676894
storm,2970.0,3.6138760082818715
storm,2971.0,1.7067345416877775
storm,2972.0,2.3949046547428536
storm,2973.0,3.815795888522704
storm,2974.0,3.0818789792866546
storm,2975.0,1.9881946624248121
storm,2976.0,3.6323648355939677
storm,2977.0,5.818977388552909
storm,2978.0,3.7748737262623386
storm,2979.0,0.20271888834978863
storm,2980.0,0.6441929898750514
storm,2981.0,5.260354030166501
storm,2982.0,6.757727586247803
storm,2983.0,2.8530854877489955
storm,2984.0,0.6616162011206769
storm,2985.0,3.077060039964719
storm,2986.0,5.111930392482005
storm,2987.0,2.7692486754166032
storm,2988.0,0.5590963806375684
storm,2989.0,3.107750117875782
storm,2990.0,6.406320449619944
storm,2991.0,4.630715202057867
storm,2992.0,0.7581695090179638
storm,2993.0,0.3911411843568312
storm,2994.0,3.947788515678938
storm,2995.0,5.517281952781297
storm,2996.0,3.5794533934592643
storm,2997.0,2.427736844041765
storm,2998.0,3.2983415037462533
storm,2999.0,3.6055262924621463
storm,3000.0,2.3382585468495356
storm,3001.0,1.9249804680327411
storm,3002.0,3.1516206128241886
storm,3003.0,4.3077787147487605
storm,3004.0,4.1134716343615985
storm,3005.0,3.650757650290209
storm,3006.0,3.3032006216092173
storm,3007.0,2.303045423852917
storm,3008.0,1.4529787300949275
storm,3009.0,2.5604619700794817
storm,3010.0,4.664269709058218
storm,3011.0,4.8817827014441955
storm,3012.0,2.96351693061636
storm,3013.0,1.8231720002883418
storm,3014.0,2.7886856046706185
storm,3015.0,3.632280092983456
storm,3016.0,3.0323801163190103
storm,3017.0,2.5823608008505716
storm,3018.0,3.502955336186908
storm,3019.0,4.3517018012970485
storm,3020.0,3.665319540092592
storm,3021.0,2.1289084584475915
storm,3022.0,1.7026708614946788
storm,3023.0,2.7083720300505756
storm,3024.0,3.980430972753532
storm,3025.0,4.589985686324142
storm,3026.0,3.7766236009704315
storm,3027.0,2.302941200705606
storm,3028.0,2.048606902906973
storm,3029.0,3.119137332442567
storm,3030.0,3.756591855275462
storm,3031.0,3.0204149535648512
storm,3032.0,2.6774417229021243
storm,3033.0,3.914235524135352
storm,3034.0,4.656799944714251
storm,3035.0,2.556821638711258
storm,3036.0,0.5050008177756758
storm,3037.0,2.305330681249572
storm,3038.0,5.677293412183856
storm,3039.0,5.708775488386644
storm,3040.0,2.259104018969899
storm,3041.0,0.933546872781914
storm,3042.0,2.826351522212444
storm,3043.0,4.041796054275305
storm,3044.0,2.7899859888303253
storm,3045.0,2.24628637723934
storm,3046.0,4.478635023587063
storm,3047.0,5.449992422231464
storm,3048.0,2.9939206529226374
storm,3049.0,0.7191281400962756
storm,3050.0,1.756349470807535
storm,3051.0,4.05884169277807
storm,3052.0,4.345100247169059
storm,3053.0,3.530285566455475
storm,3054.0,3.710414831230992
storm,3055.0,3.5544181467060088
storm,3056.0,1.90155587911223
storm,3057.0,1.1280152515781943
storm,3058.0,3.5254268702792184
storm,3059.0,5.44485253149862
storm,3060.0,3.803140995831552
storm,3061.0,1.6926891283017964
storm,3062.0,2.7653427346160893
storm,3063.0,4.7112975851238925
storm,3064.0,3.0968286647397028
storm,3065.0,0.6459138103345592
storm,3066.0,2.1730362494073385
storm,3067.0,6.56321546958758
storm,3068.0,6.2252958947914765
storm,3069.0,1.515629880666916
storm,3070.0,-0.1065770946815977
storm,3071.0,3.210498993314297
storm,3072.0,5.831704699017023
storm,3073.0,3.636770683339389
storm,3074.0,1.3875207354983228
storm,3075.0,2.792436148903952
storm,3076.0,4.958881750390524
storm,3077.0,3.7305575853233583
storm,3078.0,1.0763925477734533
storm,3079.0,1.8280227066300698
storm,3080.0,4.61563878946453
storm,3081.0,4.955746446967328
storm,3082.0,3.0554942314927653
storm,3083.0,1.849349754764754
storm,3084.0,2.423603995870097
storm,3085.0,3.2151251927407705
storm,3086.0,3.2307749001017516
storm,3087.0,3.3188279753655983
storm,3088.0,3.7867030276259293
storm,3089.0,3.8375078319174243
storm,3090.0,3.292202891021087
storm,3091.0,2.7653155661123443
storm,3092.0,2.315736594796886
storm,3093.0,2.198503154544423
storm,3094.0,3.2023977802187074
storm,3095.0,4.858639015058566
storm,3096.0,4.8209640856130145
storm,3097.0,2.796796696872872
storm,3098.0,1.1969529012473166
storm,3099.0,1.9480843597363453
storm,3100.0,3.7400900450891545
storm,3101.0,4.260353116524704
storm,3102.0,3.7428820787893824
storm,3103.0,3.487671048775793
storm,3104.0,3.3815408933031166
storm,3105.0,2.6977731671833833
storm,3106.0,2.0984232710689383
storm,3107.0,2.438935059553194
storm,3108.0,3.3678337705060986
storm,3109.0,4.115595290697471
storm,3110.0,4.495843656877851
storm,3111.0,4.086641541740368
storm,3112.0,2.4068937659957834
storm,3113.0,0.9666035049686352
storm,3114.0,2.0851634811247632
storm,3115.0,4.899926870057224
storm,3116.0,5.426664480361814
storm,3117.0,2.7257411322482348
storm,3118.0,1.135228099228662
storm,3119.0,3.003319111549999
storm,3120.0,4.915031770246389
storm,3121.0,3.139844178599826
storm,3122.0,1.3260609495960605
storm,3123.0,3.2140095315840553
storm,3124.0,5.858176999287904
storm,3125.0,4.3443586533789995
storm,3126.0,0.4449886778861467
storm,3127.0,0.6712444989426041
storm,3128.0,4.2957138086771165
storm,3129.0,5.758449643981157
storm,3130.0,3.363303606499289
storm,3131.0,1.8393786069543423
storm,3132.0,3.328973377988602
storm,3133.0,3.886811143611791
storm,3134.0,2.1727691219142855
storm,3135.0,1.5155984758929166
storm,3136.0,4.018493051752895
storm,3137.0,5.396551155428118
storm,3138.0,3.474665284620754
storm,3139.0,1.7006445506852603
storm,3140.0,2.375069416563622
storm,3141.0,3.5777558968744465
storm,3142.0,2.9128844808789065
storm,3143.0,2.6496234210750935
storm,3144.0,4.312979627470981
storm,3145.0,5.029660071897461
storm,3146.0,2.8171719420555585
storm,3147.0,0.8046412110163258
storm,3148.0,2.3977106011503575
storm,3149.0,4.401874137109223
storm,3150.0,3.4814228426635996
storm,3151.0,1.9470800366130387
storm,3152.0,3.5158975404029604
storm,3153.0,6.021014121359018
storm,3154.0,4.046772571315901
storm,3155.0,0.4510631929307532
storm,3156.0,0.6170356577644056
storm,3157.0,4.5624731121660655
storm,3158.0,6.475873299254497
storm,3159.0,3.6362106127329845
storm,3160.0,1.1455270405895916
storm,3161.0,2.203598407669133
storm,3162.0,4.25116111081209
storm,3163.0,3.723956594431179
storm,3164.0,2.2291885911304936
storm,3165.0,2.7198778169581703
storm,3166.0,4.399283389236167
storm,3167.0,4.6045866267075395
storm,3168.0,2.8291245824919704
storm,3169.0,1.4414526866675978
storm,3170.0,1.955545025076025
storm,3171.0,3.6694005032762216
storm,3172.0,4.9414793825101215
storm,3173.0,4.3853898958394675
storm,3174.0,2.5502124715556707
storm,3175.0,1.6641188125658006
storm,3176.0,2.6521991534805722
storm,3177.0,3.8477000664363947
storm,3178.0,3.6588212232551696
storm,3179.0,3.046111771411815
storm,3180.0,3.531180645407958
storm,3181.0,3.9862514858537645
storm,3182.0,2.844536598876921
storm,3183.0,1.2936868379895439
storm,3184.0,2.033816166256134
storm,3185.0,4.580116433883769
storm,3186.0,5.2861108391706635
storm,3187.0,3.659934509213104
storm,3188.0,2.3487777692859906
storm,3189.0,2.3996161624253958
storm,3190.0,2.542292333588981
storm,3191.0,2.4565171027717323
storm,3192.0,3.3378794086241625
storm,3193.0,4.846442965388697
storm,3194.0,4.506453866817931
storm,3195.0,2.6857258072889696
storm,3196.0,2.1671377648922037
storm,3197.0,2.975223307219028
storm,3198.0,3.029311366160759
storm,3199.0,2.384490541760949
storm,3200.0,3.4980252694117144
storm,3201.0,5.22324384194261
storm,3202.0,4.241901534237763
storm,3203.0,1.0354438056770714
storm,3204.0,0.4291683223140318
storm,3205.0,4.139711608055364
storm,3206.0,5.966798022915399
storm,3207.0,3.1830456159807223
storm,3208.0,1.0839919616521905
storm,3209.0,3.2740488464871746
storm,3210.0,5.935841338034892
storm,3211.0,3.463431511323792
storm,3212.0,0.16718189747805412
storm,3213.0,1.6229331551801602
storm,3214.0,5.609267562108409
storm,3215.0,6.216189978359368
storm,3216.0,2.2175353523814683
storm,3217.0,0.6980911997369776
storm,3218.0,3.069674184986901
storm,3219.0,4.479230950942484
storm,3220.0,3.2140263456271017
storm,3221.0,2.5017134884185395
storm,3222.0,3.8269730658011616
storm,3223.0,4.115590712349291
storm,3224.0,2.4349886299961834
storm,3225.0,1.5134010399563953
storm,3226.0,3.149947460115796
storm,3227.0,4.426612922322641
storm,3228.0,3.577656300188151
storm,3229.0,3.0696174826034226
storm,3230.0,3.9186385313808643
storm,3231.0,3.690676625946824
storm,3232.0,1.6101425390566744
storm,3233.0,1.169659058883862
storm,3234.0,3.64141152762553
storm,3235.0,5.745305161642479
storm,3236.0,4.326160005897664
storm,3237.0,1.8951050869766775
storm,3238.0,2.2633159772544014
storm,3239.0,3.5756939742693814
storm,3240.0,3.0358629141211817
storm,3241.0,1.9765332139036786
storm,3242.0,3.208295350936197
storm,3243.0,5.514133413551238
storm,3244.0,4.853420275794683
storm,3245.0,1.9368682907125558
storm,3246.0,0.6124141312542692
storm,3247.0,2.3666657004495852
storm,3248.0,4.766069241504765
storm,3249.0,4.921035675557934
storm,3250.0,3.5087149164318703
storm,3251.0,2.605182279356242
storm,3252.0,2.7834636915615096
storm,3253.0,3.132744200685504
storm,3254.0,2.87776051189166
storm,3255.0,2.435405372784807
storm,3256.0,2.9486769287210164
storm,3257.0,4.540209018570211
storm,3258.0,5.04249966661743
storm,3259.0,2.9986602136634457
storm,3260.0,0.7622195577320269
storm,3261.0,1.6390810277611938
storm,3262.0,4.896270528580013
storm,3263.0,5.654500754932872
storm,3264.0,2.9922747555136957
storm,3265.0,1.2851115467027017
storm,3266.0,2.6443658478947922
storm,3267.0,4.4860661772207
storm,3268.0,3.4529837211979033
storm,3269.0,1.9209457537106398
storm,3270.0,3.1243703189553207
storm,3271.0,4.919056747939269
storm,3272.0,4.1687184153667864
storm,3273.0,1.828864070990899
storm,3274.0,1.5801619740632868
storm,3275.0,3.217058267836135
storm,3276.0,3.8295228733792834
storm,3277.0,3.430730173862261
storm,3278.0,3.866242085799962
storm,3279.0,4.299922150476627
storm,3280.0,2.7376189019279566
storm,3281.0,1.2458665060705458
storm,3282.0,2.432882923519112
storm,3283.0,4.913154413132177
storm,3284.0,4.623687577267543
storm,3285.0,2.487415867102333
storm,3286.0,2.6320593776396772
storm,3287.0,4.213703133782982
storm,3288.0,3.4811489159867697
storm,3289.0,0.7575728930495109
storm,3290.0,1.4390307926432053
storm,3291.0,5.387752301898621
storm,3292.0,6.426038749190188
storm,3293.0,2.8080198018909903
storm,3294.0,0.24172922960741824
storm,3295.0,2.670666139417681
storm,3296.0,4.875072932107521
storm,3297.0,3.0556144879979588
storm,3298.0,1.2061195182163433
storm,3299.0,3.3269087836399827
storm,3300.0,6.636230064246793
storm,3301.0,4.778698216868902
storm,3302.0,0.5690235218834848
storm,3303.0,0.5793802325206883
storm,3304.0,4.016825550393216
storm,3305.0,5.775352865229062
storm,3306.0,3.8297296280495687
storm,3307.0,2.164168123836738
storm,3308.0,2.7669446522200287
storm,3309.0,3.267006393582329
storm,3310.0,2.62956144506869
storm,3311.0,2.7204098222214377
storm,3312.0,4.041122342526368
storm,3313.0,4.424744644782926
storm,3314.0,3.3225060934156776
storm,3315.0,2.550446167226702
storm,3316.0,2.765921868369048
storm,3317.0,2.749534403322008
storm,3318.0,2.535870559763491
storm,3319.0,3.5229963220930904
storm,3320.0,4.989949906629747
storm,3321.0,4.35576733708317
storm,3322.0,1.9131844909195725
storm,3323.0,0.9781645698504456
storm,3324.0,2.8924219975952825
storm,3325.0,4.925194952825333
storm,3326.0,4.514352285375171
storm,3327.0,3.047080459916906
storm,3328.0,2.7650072513047648
storm,3329.0,3.1308766802657892
storm,3330.0,2.885571136672412
storm,3331.0,2.301137839156059
storm,3332.0,2.6152924656316996
storm,3333.0,3.9064551221517094
storm,3334.0,4.836445603157684
storm,3335.0,4.409709787032362
storm,3336.0,2.7005989391330165
storm,3337.0,1.2542266625144396
storm,3338.0,1.8478543168106336
storm,3339.0,3.9196646951907774
storm,3340.0,4.951684629351401
storm,3341.0,3.5630696411274974
storm,3342.0,2.1934256879030327
storm,3343.0,3.1435350160897757
storm,3344.0,4.226942395580973
storm,3345.0,2.8625210970705197
storm,3346.0,1.1436430905836068
storm,3347.0,2.8078866299966947
storm,3348.0,5.7413718876657205
storm,3349.0,5.101944397003288
storm,3350.0,1.5606988221270823
storm,3351.0,0.43589948817192764
storm,3352.0,3.5110952962100006
storm,3353.0,5.378549334671992
storm,3354.0,3.3327936301864414
storm,3355.0,1.7487345138941073
storm,3356.0,3.441105880663744
storm,3357.0,5.257291748000138
storm,3358.0,3.35001035639004
storm,3359.0,0.9996383357239653
storm,3360.0,2.125787740718673
storm,3361.0,4.43223855166538
storm,3362.0,4.608563182800868
storm,3363.0,3.040136017361065
storm,3364.0,2.723810413352391
storm,3365.0,3.1569753656340445
storm,3366.0,2.4584105215697827
storm,3367.0,2.1863838449090767
storm,3368.0,4.162450737067985
storm,3369.0,5.796248965613602
storm,3370.0,3.6575330493307376
storm,3371.0,1.087768753269586
storm,3372.0,1.8251906782850844
storm,3373.0,4.286341091710352
storm,3374.0,4.124322513855966
storm,3375.0,2.017212370344647
storm,3376.0,2.9649319705508823
storm,3377.0,5.811854519432771
storm,3378.0,4.905528887581427
storm,3379.0,0.7473896211093034
storm,3380.0,-0.25909627309631644
storm,3381.0,3.670475939397367
storm,3382.0,6.6567773798657175
storm,3383.0,4.4651768537431495
storm,3384.0,1.464017526384008
storm,3385.0,2.2424100720588664
storm,3386.0,4.279771242620648
storm,3387.0,3.375383825609861
storm,3388.0,1.5342327905568416
storm,3389.0,2.6248242082822393
storm,3390.0,5.335613320317252
storm,3391.0,5.2902357817901144
storm,3392.0,2.5620502910394207
storm,3393.0,1.1713059186283354
storm,3394.0,2.2483338223187905
storm,3395.0,3.7426744879104605
storm,3396.0,4.193042556194229
storm,3397.0,3.961088100342662
storm,3398.0,3.5810443812110195
storm,3399.0,2.9775095041686632
storm,3400.0,2.5256216177732305
storm,3401.0,2.804838945916827
storm,3402.0,3.2439164342585576
storm,3403.0,3.293518375777615
storm,3404.0,3.43043174814701
storm,3405.0,3.887317499656394
storm,3406.0,3.6518448589489885
storm,3407.0,2.3916963399156224
storm,3408.0,1.7939296281696757
storm,3409.0,3.1893758513069006
storm,3410.0,4.7191154397957344
storm,3411.0,4.242583536675093
storm,3412.0,2.8689860550853115
storm,3413.0,2.3156183121760106
storm,3414.0,2.6707916426938376
storm,3415.0,3.0364721222204536
storm,3416.0,3.2905807690068123
storm,3417.0,3.6895579634138445
storm,3418.0,3.7858217679166275
storm,3419.0,3.4108751360669882
storm,3420.0,3.2790485395120452
storm,3421.0,3.3442085796091625
storm,3422.0,2.5595607741025064
storm,3423.0,1.7003386133362521
storm,3424.0,2.8548341342959302
storm,3425.0,5.443844199214678
storm,3426.0,5.5997824629370045
storm,3427.0,2.1679599143987196
storm,3428.0,0.2510239905278394
storm,3429.0,2.598786033344377
storm,3430.0,5.240100318493744
storm,3431.0,4.128628474587773
storm,3432.0,1.791960510995696
storm,3433.0,3.1033682092926735
storm,3434.0,5.471434403439715
storm,3435.0,3.9326565599561603
storm,3436.0,0.2789311564757105
storm,3437.0,0.6098571198616375
storm,3438.0,4.985032318432854
storm,3439.0,6.708766567668084
storm,3440.0,3.581198756444474
storm,3441.0,1.08825558275897
storm,3442.0,2.631223810824817
storm,3443.0,4.161040216885091
storm,3444.0,2.8878642579290776
storm,3445.0,1.962827771279379
storm,3446.0,3.7138974189753307
storm,3447.0,5.210173086011941
storm,3448.0,3.6079422960839636
storm,3449.0,1.4527088358117946
storm,3450.0,2.153901120423045
storm,3451.0,3.8132343676242146
storm,3452.0,3.732197013073613
storm,3453.0,3.2546261888854877
storm,3454.0,4.111269868107532
storm,3455.0,4.192045671318949
storm,3456.0,2.0854436346714538
storm,3457.0,0.9145685328035719
storm,3458.0,3.117472277524705
storm,3459.0,5.927718759710441
storm,3460.0,4.726439032735425
storm,3461.0,1.889615832068282
storm,3462.0,2.1583628661553305
storm,3463.0,4.160748348876406
storm,3464.0,3.7162997079117215
storm,3465.0,1.429692875022697
storm,3466.0,2.1393370460152177
storm,3467.0,5.444373330802025
storm,3468.0,5.752036228176117
storm,3469.0,2.3667879156905784
storm,3470.0,0.14973092362886345
storm,3471.0,2.13854417242179
storm,3472.0,5.258609855812634
storm,3473.0,4.90663125194278
storm,3474.0,2.8601137748306087
storm,3475.0,2.6091002073227676
storm,3476.0,3.714637517914118
storm,3477.0,3.69868708513055
storm,3478.0,2.348728364586666
storm,3479.0,1.831910797965787
storm,3480.0,2.942434370595124
storm,3481.0,4.644671423458701
storm,3482.0,5.141498725198925
storm,3483.0,3.690358582433342
storm,3484.0,1.85239613611562
storm,3485.0,1.5947977510847613
storm,3486.0,3.1237718730453685
storm,3487.0,4.371687133313072
storm,3488.0,3.8447127125884966
storm,3489.0,2.8501790821843174
storm,3490.0,3.1222934463238845
storm,3491.0,3.8527588267901294
storm,3492.0,3.078263819576069
storm,3493.0,1.8950079168348974
storm,3494.0,2.639508981056205
storm,3495.0,4.650683942776566
storm,3496.0,4.821263384648368
storm,3497.0,2.9969374965023947
storm,3498.0,1.9909842779066964
storm,3499.0,2.6648724199896003
storm,3500.0,3.2631177523068495
storm,3501.0,3.1508994277304327
storm,3502.0,3.6132781218652545
storm,3503.0,4.501345226949292
storm,3504.0,3.7535572397819728
storm,3505.0,1.9163459296237957
storm,3506.0,1.9763129774816803
storm,3507.0,3.745284455430006
storm,3508.0,4.220364177991181
storm,3509.0,2.957486152446268
storm,3510.0,2.9829586515459385
storm,3511.0,4.452940148803581
storm,3512.0,3.908711115246097
storm,3513.0,0.9420359076630581
storm,3514.0,0.6976662218959964
storm,3515.0,4.662376902039838
storm,3516.0,7.193010003680765
storm,3517.0,4.075148290821892
storm,3518.0,0.4105335477578132
storm,3519.0,1.7529893410259052
storm,3520.0,4.449864846457081
storm,3521.0,3.792877856193749
storm,3522.0,1.295146765000555
storm,3523.0,2.675574942060887
storm,3524.0,6.321359940767712
storm,3525.0,5.524811615713425
storm,3526.0,1.2473731418755505
storm,3527.0,-0.18607404322868198
storm,3528.0,3.176469411799709
storm,3529.0,5.802541324450339
storm,3530.0,4.40168073333283
storm,3531.0,2.462873276035432
storm,3532.0,2.874677787656954
storm,3533.0,3.592631826012797
storm,3534.0,2.6771633647205397
storm,3535.0,2.128903747403762
storm,3536.0,3.5333937357009706
storm,3537.0,4.446836729175612
storm,3538.0,3.6020285081138557
storm,3539.0,2.8321769634479153
storm,3540.0,3.367835152339248
storm,3541.0,3.3196979078263587
storm,3542.0,2.0734984225898736
storm,3543.0,2.1466155642685547
storm,3544.0,4.444108930441023
storm,3545.0,5.7362504728616885
storm,3546.0,3.2928446029893603
storm,3547.0,1.0496124247245076
storm,3548.0,2.2380043398106415
storm,3549.0,4.685788104744906
storm,3550.0,4.382345222860343
storm,3551.0,2.4716944861946266
storm,3552.0,2.591137514476746
storm,3553.0,4.14140426650833
storm,3554.0,4.040680858433655
storm,3555.0,1.9665361406519133
storm,3556.0,1.453548095267837
storm,3557.0,3.6152559093084324
storm,3558.0,5.365831100550352
storm,3559.0,4.496027335884067
storm,3560.0,2.5171468561620274
storm,3561.0,1.7725673608822456
storm,3562.0,2.574315779387456
storm,3563.0,3.5707835361210205
storm,3564.0,3.6803604120046596
storm,3565.0,3.2678116716388175
storm,3566.0,3.3743178050715006
storm,3567.0,4.1879236980224155
storm,3568.0,4.12672429518872
storm,3569.0,2.3389734656945698
storm,3570.0,0.9918708403907072
storm,3571.0,2.463170526217799
storm,3572.0,5.689558382149523
storm,3573.0,5.937913790619021
storm,3574.0,2.749220662678792
storm,3575.0,0.7804166225746687
storm,3576.0,2.360806796766948
storm,3577.0,4.387407512836984
storm,3578.0,3.619465648687054
storm,3579.0,2.4293136892490734
storm,3580.0,3.733656158998246
storm,3581.0,5.423583931353737
storm,3582.0,3.698636512579943
storm,3583.0,1.1338231143162252
storm,3584.0,1.4636599989310348
storm,3585.0,3.9971611335821557
storm,3586.0,5.047152847165351
storm,3587.0,3.701947175852405
storm,3588.0,3.093934960597591
storm,3589.0,3.415023682858545
storm,3590.0,2.653700201791633
storm,3591.0,1.695586494448106
storm,3592.0,3.1816727970946577
storm,3593.0,5.38796995354022
storm,3594.0,4.482281561887719
storm,3595.0,1.7131491578636862
storm,3596.0,1.542762438635304
storm,3597.0,4.108122171037392
storm,3598.0,4.6651112981179415
storm,3599.0,2.168725445756662
storm,3600.0,1.9949988910633536
storm,3601.0,4.911129109087397
storm,3602.0,5.84207215198533
storm,3603.0,2.1184922178078045
storm,3604.0,-0.3939621053963493
storm,3605.0,2.537919750592484
storm,3606.0,5.967748020144889
storm,3607.0,4.995833823931505
storm,3608.0,1.7538427787336377
storm,3609.0,2.1448752211394986
storm,3610.0,4.347762653873627
storm,3611.0,3.7967402821954424
storm,3612.0,1.2997804607619423
storm,3613.0,1.7204456346356605
storm,3614.0,5.100470541642479
storm,3615.0,5.648811774039691
storm,3616.0,3.071738167450116
storm,3617.0,1.1949245303444311
storm,3618.0,2.168713797358343
storm,3619.0,3.7191213287669447
storm,3620.0,3.667034134557726
storm,3621.0,3.4395135053349497
storm,3622.0,3.9640506864610225
storm,3623.0,3.955904459127506
storm,3624.0,2.937732268676433
storm,3625.0,2.4288771105702
storm,3626.0,2.828824421332932
storm,3627.0,2.90738192587394
storm,3628.0,2.8470902006712
storm,3629.0,3.8739370892699347
storm,3630.0,5.225779596960883
storm,3631.0,4.109358357628018
storm,3632.0,1.5453915863113588
storm,3633.0,1.215604768573987
storm,3634.0,3.506898816315126
storm,3635.0,5.406914711323005
storm,3636.0,4.237416800073095
storm,3637.0,2.3571323066065584
storm,3638.0,2.3490979256247484
storm,3639.0,3.391830686562284
storm,3640.0,3.495853917866082
storm,3641.0,2.82266151012532
storm,3642.0,2.961557752450622
storm,3643.0,3.9789679243243503
storm,3644.0,4.555863537618623
storm,3645.0,3.6214850645509777
storm,3646.0,2.0294455762661157
storm,3647.0,1.4828318316549876
storm,3648.0,2.868536793572642
storm,3649.0,5.223264168917168
storm,3650.0,5.395695462902509
storm,3651.0,2.8700773926207925
storm,3652.0,1.130710821491546
storm,3653.0,2.392608894622434
storm,3654.0,4.547648888049664
storm,3655.0,3.9631320552034297
storm,3656.0,2.338796821319915
storm,3657.0,3.2680873798258894
storm,3658.0,5.217485084331898
storm,3659.0,4.026683113635424
storm,3660.0,0.7170198209959486
storm,3661.0,0.4154060009132925
storm,3662.0,4.460423071239624
storm,3663.0,6.7289689094092715
storm,3664.0,4.036119249171835
storm,3665.0,1.4519936493157466
storm,3666.0,2.6092577783846393
storm,3667.0,4.28840430549506
storm,3668.0,2.8544931107388734
storm,3669.0,1.4168992785649042
storm,3670.0,3.17740842331209
storm,3671.0,6.050001662551803
storm,3672.0,4.881325223323244
storm,3673.0,1.8070652903766815
storm,3674.0,1.5585529506953364
storm,3675.0,3.406245864783442
storm,3676.0,3.97389278109024
storm,3677.0,3.093977830707162
storm,3678.0,3.578496502604866
storm,3679.0,4.450729731371038
storm,3680.0,3.233467410852169
storm,3681.0,1.0244192947156057
storm,3682.0,2.1251506482525904
storm,3683.0,4.917861449176989
storm,3684.0,4.592234560662561
storm,3685.0,2.1181536148216464
storm,3686.0,2.077675908885428
storm,3687.0,4.875732820008982
storm,3688.0,5.029474798606795
storm,3689.0,1.548726919917901
storm,3690.0,0.5765573873792619
storm,3691.0,3.7779969124491894
storm,3692.0,6.418640826105402
storm,3693.0,4.267883022688354
storm,3694.0,0.6769641268157294
storm,3695.0,1.4674600318945366
storm,3696.0,4.199428738489686
storm,3697.0,4.565635006348878
storm,3698.0,2.8771354104849234
storm,3699.0,2.803727340819851
storm,3700.0,4.094517952219521
storm,3701.0,3.8530290723500222
storm,3702.0,2.193989699033385
storm,3703.0,1.4635348850257537
storm,3704.0,2.995682319150756
storm,3705.0,4.491139114052927
storm,3706.0,4.620526612549065
storm,3707.0,3.949715404655729
storm,3708.0,2.8686048259851713
storm,3709.0,1.955782876720526
storm,3710.0,2.069583929906393
storm,3711.0,3.2547194172379332
storm,3712.0,4.349749359347867
storm,3713.0,4.108284011365818
storm,3714.0,3.41260086004684
storm,3715.0,3.349607397034808
storm,3716.0,3.1104266281052766
storm,3717.0,2.128284371626016
storm,3718.0,1.9730397500433465
storm,3719.0,3.7118489309612244
storm,3720.0,5.433636594235123
storm,3721.0,4.607865740141534
storm,3722.0,2.3494246050828114
storm,3723.0,1.5632669551699339
storm,3724.0,2.4988232521559093
storm,3725.0,3.6366694287127483
storm,3726.0,4.0552841033674305
storm,3727.0,3.9876644639159613
storm,3728.0,3.5889358023703855
storm,3729.0,2.9639395054439808
storm,3730.0,2.768181709277068
storm,3731.0,3.0906142417100697
storm,3732.0,2.956584516089264
storm,3733.0,2.657055420292121
storm,3734.0,3.5764426539514456
storm,3735.0,5.139150176759489
storm,3736.0,4.179097790543801
storm,3737.0,1.3100916113830192
storm,3738.0,0.5591835875865759
storm,3739.0,4.188956840755002
storm,3740.0,7.027312698896787
storm,3741.0,4.1116569466646276
storm,3742.0,0.8978592612397571
storm,3743.0,1.748967362976902
storm,3744.0,5.06841267654116
storm,3745.0,4.633646766243349
storm,3746.0,1.249339198881942
storm,3747.0,1.5885951485440442
storm,3748.0,5.37031340736094
storm,3749.0,6.379235709229125
storm,3750.0,2.4155059089942448
storm,3751.0,-0.029374669252615154
storm,3752.0,2.500680065558925
storm,3753.0,5.127978679716619
storm,3754.0,3.989859677874482
storm,3755.0,2.3410396935768323
storm,3756.0,3.470402141315597
storm,3757.0,4.8259914448097065
storm,3758.0,2.965065972756597
storm,3759.0,1.067530489247716
storm,3760.0,2.3650893585781976
storm,3761.0,5.105392546119043
storm,3762.0,4.995737083986326
storm,3763.0,3.004039270045497
storm,3764.0,2.805221494707662
storm,3765.0,3.4277957149422087
storm,3766.0,2.518765664865213
storm,3767.0,1.5276874649131609
storm,3768.0,3.2497813424575543
storm,3769.0,5.379270851892606
storm,3770.0,4.7409333519415355
storm,3771.0,1.9302111491677845
storm,3772.0,1.7320053769293513
storm,3773.0,3.724737087815883
storm,3774.0,3.7240275140469477
storm,3775.0,2.178849634985974
storm,3776.0,2.4457915347866837
storm,3777.0,5.002386184382591
storm,3778.0,5.369746838634989
storm,3779.0,2.3134963876941645
storm,3780.0,0.3584819448426187
storm,3781.0,2.4799503653066988
storm,3782.0,5.341235191816979
storm,3783.0,5.1659013062806824
storm,3784.0,2.9032806560578073
storm,3785.0,1.9319059963439111
storm,3786.0,2.6910990114124207
storm,3787.0,3.3299441414373683
storm,3788.0,3.257070005460657
storm,3789.0,3.228010072423974
storm,3790.0,3.690795037811241
storm,3791.0,4.0516777493199765
storm,3792.0,3.821560096897747
storm,3793.0,2.747467848839151
storm,3794.0,1.573790629469436
storm,3795.0,2.0737299600938526
storm,3796.0,4.215461981658367
storm,3797.0,5.664866355479525
storm,3798.0,4.159463826259094
storm,3799.0,1.6786152882717913
storm,3800.0,1.5516162953640926
storm,3801.0,3.271317135045599
storm,3802.0,4.246150602994611
storm,3803.0,3.465663206557427
storm,3804.0,3.3111489765462467
storm,3805.0,4.075744908764312
storm,3806.0,3.871364243964037
storm,3807.0,2.2505578778320556
storm,3808.0,1.4918325788429598
storm,3809.0,2.835910795716211
storm,3810.0,4.09431104625721
storm,3811.0,4.137700745827588
storm,3812.0,3.8725294730312276
storm,3813.0,3.7554117112438545
storm,3814.0,2.8347875524053103
storm,3815.0,1.75984185436105
storm,3816.0,2.45616615547346
storm,3817.0,4.286700139439956
storm,3818.0,4.401999120972344
storm,3819.0,2.7945756666567805
storm,3820.0,2.5065770801712643
storm,3821.0,4.115485891363102
storm,3822.0,3.8963509282821036
storm,3823.0,1.5907606780346466
storm,3824.0,1.4839243924729466
storm,3825.0,5.122586577907924
storm,3826.0,6.5372270730145825
storm,3827.0,2.920899099042604
storm,3828.0,-0.111058101520779
storm,3829.0,2.041831876412655
storm,3830.0,6.126479799042965
storm,3831.0,4.787351473713696
storm,3832.0,1.3484610138916389
storm,3833.0,1.8707439733313096
storm,3834.0,5.679215350719565
storm,3835.0,5.673580652446746
storm,3836.0,1.2112132350713347
storm,3837.0,0.22075597071730949
storm,3838.0,3.812960876885999
storm,3839.0,6.590329260000738
storm,3840.0,4.319042523688868
storm,3841.0,1.3805557955033372
storm,3842.0,1.897030764951294
storm,3843.0,3.5945116300024478
storm,3844.0,3.402819800750058
storm,3845.0,2.8241567507906957
storm,3846.0,4.031254956050102
storm,3847.0,5.058640362042479
storm,3848.0,3.5177663296315678
storm,3849.0,1.7373226541712636
storm,3850.0,2.0389800277684924
storm,3851.0,3.231487343240524
storm,3852.0,3.550376790446477
storm,3853.0,3.6412809996430515
storm,3854.0,4.589504580991144
storm,3855.0,4.554531011738577
storm,3856.0,2.431460266105352
storm,3857.0,0.6907407277696139
storm,3858.0,2.265064476088778
storm,3859.0,4.785350702719811
storm,3860.0,4.9637633528961755
storm,3861.0,3.1174409040618025
storm,3862.0,2.397966733862815
storm,3863.0,3.250408788704785
storm,3864.0,3.3061115723908787
storm,3865.0,2.391449437519512
storm,3866.0,2.5116421279837224
storm,3867.0,4.160163832653184
storm,3868.0,4.870526218800792
storm,3869.0,3.7463787599444376
storm,3870.0,2.107425956769352
storm,3871.0,1.6960021207906284
storm,3872.0,2.7886941048941125
storm,3873.0,4.02371263923965
storm,3874.0,4.418931223979083
storm,3875.0,3.543248243508534
storm,3876.0,2.464500838116472
storm,3877.0,2.759130313580541
storm,3878.0,3.7094690357956366
storm,3879.0,3.476839589981536
storm,3880.0,2.370756379617145
storm,3881.0,2.8508306836754826
storm,3882.0,4.574159419885868
storm,3883.0,4.654145068913865
storm,3884.0,2.0603399295356546
storm,3885.0,0.5408317255142945
storm,3886.0,2.9264718387134883
storm,3887.0,5.726943142747365
storm,3888.0,4.902625301743111
storm,3889.0,2.3075265723199316
storm,3890.0,2.2173165606072973
storm,3891.0,3.669659132123067
storm,3892.0,3.5300794258726627
storm,3893.0,1.9606785773810766
storm,3894.0,2.419587592728219
storm,3895.0,4.368383075063557
storm,3896.0,4.774239277460723
storm,3897.0,3.287876081925299
storm,3898.0,2.3565508570502542
storm,3899.0,2.821478578692565
storm,3900.0,2.6363025681857697
storm,3901.0,2.3861889823898808
storm,3902.0,3.914101502918719
storm,3903.0,5.7750487014098155
storm,3904.0,4.229232200273511
storm,3905.0,1.171422096915814
storm,3906.0,1.1949833504440017
storm,3907.0,4.065332473830244
storm,3908.0,4.830404466735895
storm,3909.0,2.6118951999403883
storm,3910.0,2.2496046630420707
storm,3911.0,5.156768633301055
storm,3912.0,5.483865697680878
storm,3913.0,1.614053350533603
storm,3914.0,-0.35524447027795436
storm,3915.0,3.0587691946513176
storm,3916.0,7.302551330705075
storm,3917.0,5.250337932527638
storm,3918.0,1.0891431200498234
storm,3919.0,1.2218476204235782
storm,3920.0,4.6295647502513555
storm,3921.0,4.828140631656986
storm,3922.0,1.9555113815513128
storm,3923.0,1.8571277945570648
storm,3924.0,4.710301763880782
storm,3925.0,5.609357657585484
storm,3926.0,2.5530090187790386
storm,3927.0,0.55839167883869
storm,3928.0,2.3623742119986235
storm,3929.0,5.061941368345456
storm,3930.0,4.972919117677198
storm,3931.0,3.3587711159519005
storm,3932.0,2.7689554781177987
storm,3933.0,2.7966979486160124
storm,3934.0,2.5391953569191066
storm,3935.0,2.6779322412030027
storm,3936.0,3.5853532783361417
storm,3937.0,4.200207104890956
storm,3938.0,3.8399066315645682
storm,3939.0,3.335179789527726
storm,3940.0,3.1319718150661395
storm,3941.0,2.574588615697731
storm,3942.0,1.9751654704222872
storm,3943.0,2.906672475058279
storm,3944.0,4.8989414182270705
storm,3945.0,4.980462710273825
storm,3946.0,3.0921977660568323
storm,3947.0,1.5393403037038498
storm,3948.0,2.0302506369743365
storm,3949.0,3.4908631143685986
storm,3950.0,3.943238048153896
storm,3951.0,3.6830460101357536
storm,3952.0,3.6238239558603835
storm,3953.0,3.626808273928443
storm,3954.0,3.3095889729942973
storm,3955.0,2.8621844816533524
storm,3956.0,2.45310935971637
storm,3957.0,2.3616284370983656
storm,3958.0,3.159146163129889
storm,3959.0,4.634086799823312
storm,3960.0,5.045620659341088
storm,3961.0,2.8408870077137194
storm,3962.0,0.9435239667648024
storm,3963.0,2.326143257514191
storm,3964.0,4.572704819179324
storm,3965.0,4.46620013512312
storm,3966.0,2.393592512188742
storm,3967.0,2.3866385121889215
storm,3968.0,4.352028966488678
storm,3969.0,4.26306677743359
storm,3970.0,1.5375807374374877
storm,3971.0,1.0769439114879222
storm,3972.0,4.340838301046382
storm,3973.0,6.360086216355457
storm,3974.0,3.8374602684972507
storm,3975.0,0.7993253883538933
storm,3976.0,1.8551967854644578
storm,3977.0,4.1358007301298905
storm,3978.0,3.9805081272043736
storm,3979.0,2.6015443554476407
storm,3980.0,3.3642202527042024
storm,3981.0,4.680173522455865
storm,3982.0,3.5148370960899173
storm,3983.0,1.353008924270462
storm,3984.0,1.860608597657748
storm,3985.0,4.230388577362547
storm,3986.0,4.555344075492456
storm,3987.0,3.384917556056467
storm,3988.0,3.3741891525972654
storm,3989.0,3.8519884115844807
storm,3990.0,2.36700174298772
storm,3991.0,0.8902635260818179
storm,3992.0,2.7114519238614405
storm,3993.0,6.343724773538912
storm,3994.0,5.849138352370244
storm,3995.0,2.022129297961121
storm,3996.0,1.087536806138428
storm,3997.0,3.616239044046048
storm,3998.0,4.395912486116653
storm,3999.0,2.0373002817252517
storm,4000.0,1.4272973800020128
storm,4001.0,4.952194411004687
storm,4002.0,6.970252134480539
storm,4003.0,3.2727517792726233
storm,4004.0,-0.24104793526493318
storm,4005.0,1.2519039387622608
storm,4006.0,5.6724007615218595
storm,4007.0,5.961596642513774
storm,4008.0,2.7445183238303006
storm,4009.0,1.6848572133769495
storm,4010.0,3.350393872885751
storm,4011.0,4.3884265834222145
storm,4012.0,2.8472037593047608
storm,4013.0,1.9327851481586962
storm,4014.0,3.1567500577805805
storm,4015.0,4.697823304248671
storm,4016.0,4.454295427098654
storm,4017.0,2.9169237047005083
storm,4018.0,2.0314160924189224
storm,4019.0,2.3511998190558474
storm,4020.0,3.4051669445251864
storm,4021.0,4.20057655109017
storm,4022.0,3.9390776171285915
storm,4023.0,2.973103247576706
storm,4024.0,2.5252080113060735
storm,4025.0,3.130201825883171
storm,4026.0,3.43449439435306
storm,4027.0,2.925260517176546
storm,4028.0,2.993859578950872
storm,4029.0,4.196311373765853
storm,4030.0,4.508882569450929
storm,4031.0,2.973427981074334
storm,4032.0,1.5241271127376397
storm,4033.0,2.055397658146043
storm,4034.0,3.8563459315946647
storm,4035.0,4.421139737801443
storm,4036.0,3.925505219103719
storm,4037.0,3.6597470983020886
storm,4038.0,3.2601691088500058
storm,4039.0,2.3036944308957015
storm,4040.0,2.05813153940983
storm,4041.0,3.120316861692486
storm,4042.0,4.199150364291464
storm,4043.0,3.855437531214278
storm,4044.0,3.3869759488361866
storm,4045.0,3.8555721795811877
storm,4046.0,3.573126585236327
storm,4047.0,1.5750175838679954
storm,4048.0,1.0667802677126415
storm,4049.0,4.009197603367614
storm,4050.0,6.554580689952164
storm,4051.0,4.572947323910037
storm,4052.0,0.7261234153066679
storm,4053.0,1.122285959265702
storm,4054.0,4.1795624400672295
storm,4055.0,4.601207428033666
storm,4056.0,2.1486839401043185
storm,4057.0,2.0298109892266685
storm,4058.0,5.215384009692258
storm,4059.0,5.738108070390086
storm,4060.0,2.02669418570941
storm,4061.0,-0.05201102107064996
storm,4062.0,2.7069015340711418
storm,4063.0,5.773950194967235
storm,4064.0,4.845824300990605
storm,4065.0,2.1910126369070673
storm,4066.0,2.2267594433204345
storm,4067.0,3.4622837333976313
storm,4068.0,3.148299124675144
storm,4069.0,2.4113763183611976
storm,4070.0,3.834771680993376
storm,4071.0,4.959585541572411
storm,4072.0,3.43587493665852
storm,4073.0,1.7161363800685694
storm,4074.0,2.263598143241104
storm,4075.0,3.9955517595806427
storm,4076.0,3.5040072024990807
storm,4077.0,2.4703739682368937
storm,4078.0,3.7418982399657974
storm,4079.0,5.588006039418062
storm,4080.0,3.803115149532733
storm,4081.0,0.7341213991103688
storm,4082.0,1.2665251978159806
storm,4083.0,4.540546859541648
storm,4084.0,5.5005353123768765
storm,4085.0,3.050679054943646
storm,4086.0,1.954055766221521
storm,4087.0,3.7517429071712836
storm,4088.0,4.484333107866472
storm,4089.0,2.2406070929609037
storm,4090.0,0.9277822442619775
storm,4091.0,3.3673986357844266
storm,4092.0,6.269155546867877
storm,4093.0,5.040792652061841
storm,4094.0,1.9377470914397712
storm,4095.0,1.0683112476328736
storm,4096.0,2.833843418235014
storm,4097.0,4.378215206849839
storm,4098.0,3.8072605582271133
storm,4099.0,2.915991658474293
storm,4100.0,3.203597684166383
storm,4101.0,4.174346483357385
storm,4102.0,4.072009895966989
storm,4103.0,2.5739244301858055
storm,4104.0,1.5500087891477399
storm,4105.0,2.415205650621117
storm,4106.0,4.812337404329785
storm,4107.0,5.633450273280824
storm,4108.0,3.285078937544573
storm,4109.0,1.045113960670941
storm,4110.0,1.8911665699897384
storm,4111.0,4.403970617103058
storm,4112.0,4.6509199370688465
storm,4113.0,3.0075733296397162
storm,4114.0,2.658394359503376
storm,4115.0,3.878315113697341
storm,4116.0,3.761827773307822
storm,4117.0,2.025770989670028
storm,4118.0,1.750788711086409
storm,4119.0,3.876957945897011
storm,4120.0,5.362728736170201
storm,4121.0,4.063306472837122
storm,4122.0,2.487621721970642
storm,4123.0,2.4679873186720016
storm,4124.0,2.7331175009735493
storm,4125.0,2.5187359041341275
storm,4126.0,3.3242269410415317
storm,4127.0,5.1092023970017255
storm,4128.0,4.880572268842615
storm,4129.0,2.1809202570625517
storm,4130.0,1.0904264920612825
storm,4131.0,2.9654575027607386
storm,4132.0,4.773440263553246
storm,4133.0,3.511548652583022
storm,4134.0,2.534400738855355
storm,4135.0,4.181191661746263
storm,4136.0,4.993177744426816
storm,4137.0,2.402704982256012
storm,4138.0,-0.3415682261548052
storm,4139.0,2.1331161113032078
storm,4140.0,5.95777530778899
storm,4141.0,5.553970458994663
storm,4142.0,1.950195520497427
storm,4143.0,1.3858708963654642
storm,4144.0,4.2833928539614075
storm,4145.0,4.432590933217326
storm,4146.0,1.7023617701676859
storm,4147.0,1.1441847523045983
storm,4148.0,4.493527940505524
storm,4149.0,6.292331633693637
storm,4150.0,3.525847972330223
storm,4151.0,0.7428775563537763
storm,4152.0,1.8512371169698605
storm,4153.0,4.335342872172804
storm,4154.0,4.417880132237257
storm,4155.0,3.210232268325049
storm,4156.0,3.291034042140008
storm,4157.0,3.6400051801338655
storm,4158.0,2.7821687857419213
storm,4159.0,2.0766601441473087
storm,4160.0,3.2555452449333306
storm,4161.0,4.220317099126856
storm,4162.0,3.314570505237885
storm,4163.0,2.6673277137918636
storm,4164.0,3.7784780249768617
storm,4165.0,4.527361286421278
storm,4166.0,2.610297339785205
storm,4167.0,1.234504464742887
storm,4168.0,2.836622333216745
storm,4169.0,5.579726968663839
storm,4170.0,5.161602815174235
storm,4171.0,2.1246589436085483
storm,4172.0,1.1979392720098323
storm,4173.0,2.9398517635903203
storm,4174.0,4.358982818937283
storm,4175.0,3.651486239608031
storm,4176.0,2.9862987536012198
storm,4177.0,3.798443791000728
storm,4178.0,4.354794400898635
storm,4179.0,3.1521921687879075
storm,4180.0,1.5571885621397379
storm,4181.0,1.6191996986127006
storm,4182.0,3.5187070988545095
storm,4183.0,5.438191639764065
storm,4184.0,5.156938360595444
storm,4185.0,2.97012466742157
storm,4186.0,1.416699498958815
storm,4187.0,2.165098853618642
storm,4188.0,3.811786955886497
storm,4189.0,3.9022714712211166
storm,4190.0,2.8764286865574906
storm,4191.0,3.1851948041936256
storm,4192.0,4.788681388978919
storm,4193.0,4.202525266086618
storm,4194.0,1.447132546789024
storm,4195.0,0.5336122583631849
storm,4196.0,3.782206874732778
storm,4197.0,6.76332389487957
storm,4198.0,4.682304322818061
storm,4199.0,1.3792521935341118
storm,4200.0,1.4350647454012453
storm,4201.0,4.027452537623981
storm,4202.0,4.266153381687778
storm,4203.0,2.379174748476523
storm,4204.0,2.4668975909400617
storm,4205.0,4.6900828821494285
storm,4206.0,4.97368973794743
storm,4207.0,2.404685604207417
storm,4208.0,1.4237728652345532
storm,4209.0,3.0537308179429146
storm,4210.0,4.330403079121265
storm,4211.0,3.700467012404462
storm,4212.0,3.3379394196160312
storm,4213.0,3.7907447857493755
storm,4214.0,3.0163310585961334
storm,4215.0,1.269025479341543
storm,4216.0,2.024905638521143
storm,4217.0,5.369105723211362
storm,4218.0,5.943799272361126
storm,4219.0,2.6879937610283484
storm,4220.0,1.1547637584635577
storm,4221.0,3.215757773377843
storm,4222.0,4.903748989390688
storm,4223.0,2.6621536788893607
storm,4224.0,0.8929826851195807
storm,4225.0,3.5011065207729564
storm,4226.0,6.326834606367369
storm,4227.0,4.718266361380404
storm,4228.0,0.40498514760717486
storm,4229.0,0.7079195756572069
storm,4230.0,4.093317597876524
storm,4231.0,4.82189266817326
storm,4232.0,2.8904600096144257
storm,4233.0,2.3282912672793237
storm,4234.0,4.394315054979892
storm,4235.0,4.506325051903139
storm,4236.0,2.0595851206050364
storm,4237.0,0.877520482142155
storm,4238.0,3.0954910010846604
storm,4239.0,5.467832198371898
storm,4240.0,4.779538112083837
storm,4241.0,2.971442211079221
storm,4242.0,2.452017323475618
storm,4243.0,2.6600569059044155
storm,4244.0,2.582976064154072
storm,4245.0,2.9737053289914313
storm,4246.0,4.0235467374330804
storm,4247.0,4.33312100114441
storm,4248.0,3.3774283946073145
storm,4249.0,2.696691385071037
storm,4250.0,3.086232473720457
storm,4251.0,3.135389891015732
storm,4252.0,2.5955808260880135
storm,4253.0,3.008098392307115
storm,4254.0,4.486280301130343
storm,4255.0,4.75127558134775
storm,4256.0,2.6933294281781603
storm,4257.0,1.1734162472032954
storm,4258.0,2.19877949702879
storm,4259.0,4.508581736645872
storm,4260.0,5.233499424366204
storm,4261.0,3.8564927425908366
storm,4262.0,2.5422517432276033
storm,4263.0,2.2888709830275444
storm,4264.0,2.7695384162491954
storm,4265.0,3.3531754540525087
storm,4266.0,3.4498772441100467
storm,4267.0,3.2692929879605637
storm,4268.0,3.6872907505488497
storm,4269.0,4.4846118653317175
storm,4270.0,3.8122245276581563
storm,4271.0,1.6238101245021508
storm,4272.0,0.840293889879706
storm,4273.0,3.4894775229993633
storm,4274.0,6.6409952933913905
storm,4275.0,5.204748943737636
storm,4276.0,1.513248034052693
storm,4277.0,0.964595679060376
storm,4278.0,3.6466344215452478
storm,4279.0,4.810460082953025
storm,4280.0,2.530461928714173
storm,4281.0,1.76417518877169
storm,4282.0,4.637080700920672
storm,4283.0,6.019589528300253
storm,4284.0,2.985151093657222
storm,4285.0,0.01107628060644388
storm,4286.0,1.7990045440955378
storm,4287.0,5.210705932012793
storm,4288.0,4.738610673757424
storm,4289.0,2.3833909811718788
storm,4290.0,2.459656587159844
storm,4291.0,4.59032723614231
storm,4292.0,4.043812745900836
storm,4293.0,1.7161299694011192
storm,4294.0,1.9276398163702997
storm,4295.0,4.24089177471316
storm,4296.0,5.019029308754017
storm,4297.0,3.136842943390307
storm,4298.0,2.3033276965557112
storm,4299.0,3.1564510907514074
storm,4300.0,3.1688314535238957
storm,4301.0,2.2726484248337564
storm,4302.0,3.306992253654557
storm,4303.0,5.332711469718213
storm,4304.0,4.515295526298449
storm,4305.0,1.5113203223969651
storm,4306.0,0.9688715496207476
storm,4307.0,3.913452689764917
storm,4308.0,5.217711270412047
storm,4309.0,2.968490428407238
storm,4310.0,1.7207932604751723
storm,4311.0,3.9433844162481613
storm,4312.0,5.538512791352921
storm,4313.0,2.8913617161212124
storm,4314.0,0.051946568356878615
storm,4315.0,2.0985843153100863
storm,4316.0,5.881992643822401
storm,4317.0,5.928266248481226
storm,4318.0,2.576153273804745
storm,4319.0,1.0086278593508948
storm,4320.0,2.5176528352760776
storm,4321.0,3.6857133047476434
storm,4322.0,3.305089780014416
storm,4323.0,3.156783054328008
storm,4324.0,4.288963883687835
storm,4325.0,4.61544141766421
storm,4326.0,3.272571145190678
storm,4327.0,1.8933337152695673
storm,4328.0,1.778014805141051
storm,4329.0,2.8287063022025216
storm,4330.0,4.170906078260282
storm,4331.0,4.94207064320969
storm,4332.0,4.241547241041294
storm,4333.0,2.4534580669845156
storm,4334.0,1.6452946570803773
storm,4335.0,2.6701825098745355
storm,4336.0,4.005486123719142
storm,4337.0,3.9974669863917702
storm,4338.0,3.400529859251071
storm,4339.0,3.4582043203191564
storm,4340.0,3.5487711211524737
storm,4341.0,2.701361696521946
storm,4342.0,1.9459882184077124
storm,4343.0,2.862050805329417
storm,4344.0,4.34530153854052
storm,4345.0,4.476532828126306
storm,4346.0,3.4194405932432996
storm,4347.0,2.731946691740377
storm,4348.0,2.6040776536476504
storm,4349.0,2.5686317547456854
storm,4350.0,3.126234888325341
storm,4351.0,4.165300243582111
storm,4352.0,4.156916854891052
storm,4353.0,2.8093279493716876
storm,4354.0,2.115110028022998
storm,4355.0,3.431895786337604
storm,4356.0,4.170308484812524
storm,4357.0,2.6805517027658365
storm,4358.0,1.9502496161936185
storm,4359.0,4.249217110704042
storm,4360.0,6.012501885015193
storm,4361.0,3.325495376172844
storm,4362.0,-0.06799446798143458
storm,4363.0,1.0815800777749478
storm,4364.0,5.749092479307501
storm,4365.0,6.503433142104663
storm,4366.0,2.5528451211829255
storm,4367.0,1.1238482590439536
storm,4368.0,3.892902232926812
storm,4369.0,5.277500124614974
storm,4370.0,2.214718669536656
storm,4371.0,0.28962123003336343
storm,4372.0,3.184622036910391
storm,4373.0,6.509702357685276
storm,4374.0,5.097776699028754
storm,4375.0,1.4456777022944596
storm,4376.0,1.2573341550984138
storm,4377.0,3.5720803322633805
storm,4378.0,3.8249789738331903
storm,4379.0,2.852529269920883
storm,4380.0,3.4817039813325112
storm,4381.0,4.91285108912348
storm,4382.0,3.8925539415043002
storm,4383.0,1.6870685247459831
storm,4384.0,1.8106239490650116
storm,4385.0,3.5115194384478623
storm,4386.0,4.120090002675455
storm,4387.0,3.404646659762746
storm,4388.0,3.8107244412842487
storm,4389.0,4.491206364295567
storm,4390.0,2.997736937975203
storm,4391.0,0.9190276773869702
storm,4392.0,1.923513442097271
storm,4393.0,5.062904126743648
storm,4394.0,5.535655546020364
storm,4395.0,2.7761776950990127
storm,4396.0,1.3023233643269507
storm,4397.0,3.0299631663991806
storm,4398.0,4.466602382271022
storm,4399.0,3.1787915773662077
storm,4400.0,2.143830096924884
storm,4401.0,3.7654703157223053
storm,4402.0,5.088937986013781
storm,4403.0,3.6002219373672406
storm,4404.0,1.1459472971108662
storm,4405.0,1.235523381370034
storm,4406.0,3.850195549142563
storm,4407.0,5.374585297187011
storm,4408.0,4.4838899073955405
storm,4409.0,2.873356138688333
storm,4410.0,2.254158268333883
storm,4411.0,2.697344084513032
storm,4412.0,3.245337714835425
storm,4413.0,3.283841699796958
storm,4414.0,3.0753812010011257
storm,4415.0,3.501712275577086
storm,4416.0,4.40628787260646
storm,4417.0,4.200400110383318
storm,4418.0,2.2529859837733817
storm,4419.0,0.9205555566870307
storm,4420.0,2.554500002819788
storm,4421.0,5.300390547788901
storm,4422.0,5.3507993087295525
storm,4423.0,2.9216172732691494
storm,4424.0,1.8439902182215444
storm,4425.0,2.93365034301598
storm,4426.0,3.5903825887270515
storm,4427.0,2.711834701520054
storm,4428.0,2.571431753869712
storm,4429.0,4.090778077587761
storm,4430.0,4.820650525770958
storm,4431.0,3.4331881251124665
storm,4432.0,2.125251351631948
storm,4433.0,2.636401934399997
storm,4434.0,3.196208578846867
storm,4435.0,2.888851965645385
storm,4436.0,3.2607680619249684
storm,4437.0,4.644141797931246
storm,4438.0,4.378379018996424
storm,4439.0,1.8804505746705265
storm,4440.0,1.1907731213597448
storm,4441.0,3.7056207580663227
storm,4442.0,5.205560179513662
storm,4443.0,3.388492110159403
storm,4444.0,1.7607938268873988
storm,4445.0,3.4877151604144117
storm,4446.0,5.045503621820622
storm,4447.0,2.74454737573259
storm,4448.0,0.3121949942492223
storm,4449.0,2.6246340859466977
storm,4450.0,7.06962867375427
storm,4451.0,6.014902213772027
storm,4452.0,1.1543414940369903
storm,4453.0,0.13350049568258465
storm,4454.0,3.6211557326041395
storm,4455.0,5.512800949297718
storm,4456.0,3.1335315358733196
storm,4457.0,1.732639159678439
storm,4458.0,4.02356670603928
storm,4459.0,5.392479598733588
storm,4460.0,2.796363318348439
storm,4461.0,0.2311532477557804
storm,4462.0,1.992469667024197
storm,4463.0,5.473995047998628
storm,4464.0,5.625834063078582
storm,4465.0,3.322825473303396
storm,4466.0,2.297543422905533
storm,4467.0,2.657567623613803
storm,4468.0,2.5257931953998893
storm,4469.0,2.488773123317897
storm,4470.0,3.693337523948656
storm,4471.0,4.850540080613382
storm,4472.0,4.1520592458334615
storm,4473.0,2.7098010131150665
storm,4474.0,2.7746396113816454
storm,4475.0,3.183181597967889
storm,4476.0,2.541267760612176
storm,4477.0,2.2690982506809556
storm,4478.0,3.9819043385814292
storm,4479.0,5.495522399788412
storm,4480.0,3.9444930809766
storm,4481.0,1.274209055585654
storm,4482.0,1.2537233800063021
storm,4483.0,3.908656273298727
storm,4484.0,5.230526020936686
storm,4485.0,3.755437590677861
storm,4486.0,2.415667984091896
storm,4487.0,2.8556615249503285
storm,4488.0,3.666910803826544
storm,4489.0,3.273391081460306
storm,4490.0,2.4560580667661913
storm,4491.0,2.737135963410963
storm,4492.0,3.8036333904993778
storm,4493.0,4.4843355616468665
storm,4494.0,3.905879728623447
storm,4495.0,2.285151873100222
storm,4496.0,1.5870355276460586
storm,4497.0,2.914762753962843
storm,4498.0,4.620173145952759
storm,4499.0,4.460189309440543
storm,4500.0,2.690785875479599
storm,4501.0,2.1406939816479604
storm,4502.0,3.5319450509689863
storm,4503.0,4.033594767357752
storm,4504.0,2.327791963068258
storm,4505.0,1.726841002287796
storm,4506.0,4.2614343684477305
storm,4507.0,6.206958467136236
storm,4508.0,3.9625435440779624
storm,4509.0,0.6580554506133113
storm,4510.0,1.0900079970134953
storm,4511.0,4.022040966580189
storm,4512.0,4.887535430039503
storm,4513.0,3.2515648113319875
storm,4514.0,2.908599782659766
storm,4515.0,4.391026487835357
storm,4516.0,3.985837491208608
storm,4517.0,1.7033476699528243
storm,4518.0,1.3643277370243563
storm,4519.0,3.678624136393014
storm,4520.0,5.119383990338138
storm,4521.0,3.8957486373831105
storm,4522.0,2.8483067965686177
storm,4523.0,3.306414474579452
storm,4524.0,2.9823849256038066
storm,4525.0,1.5902971439913174
storm,4526.0,2.3577215416089548
storm,4527.0,5.350404894278776
storm,4528.0,5.85441451339706
storm,4529.0,2.4891368034100223
storm,4530.0,0.4699065414743781
storm,4531.0,2.8882888039275434
storm,4532.0,5.097968995746601
storm,4533.0,3.3681923215078617
storm,4534.0,1.3792188894749884
storm,4535.0,3.5163480390542676
storm,4536.0,6.407464927045945
storm,4537.0,4.130565951961835
storm,4538.0,0.1483946180005202
storm,4539.0,0.8011421753806716
storm,4540.0,5.257263897104854
storm,4541.0,6.618836304354902
storm,4542.0,3.1368758104083865
storm,4543.0,0.975581976745495
storm,4544.0,2.4919962139399194
storm,4545.0,4.268563930005504
storm,4546.0,3.439000791864675
storm,4547.0,2.3890669157477813
storm,4548.0,3.7290833629709588
storm,4549.0,4.77447999243439
storm,4550.0,3.5987320335561104
storm,4551.0,1.8906347568246866
storm,4552.0,1.797493626050281
storm,4553.0,3.078376403876695
storm,4554.0,3.8695216458489305
storm,4555.0,4.061088654904381
storm,4556.0,4.106691715186068
storm,4557.0,3.5134274593700865
storm,4558.0,2.328557647264982
storm,4559.0,2.1938538589232475
storm,4560.0,3.1918254814815383
storm,4561.0,3.7122277945539612
storm,4562.0,3.391605439906064
storm,4563.0,3.470121965453231
storm,4564.0,4.16842438954731
storm,4565.0,3.7230031890596114
storm,4566.0,2.0254753032754995
storm,4567.0,1.4322555296580293
storm,4568.0,3.19591401063793
storm,4569.0,5.134502341112811
storm,4570.0,4.778704747410654
storm,4571.0,3.055454014961145
storm,4572.0,2.154377392077884
storm,4573.0,2.4888909960290984
storm,4574.0,3.106264855588062
storm,4575.0,3.4509339847668308
storm,4576.0,3.5216696485505334
storm,4577.0,3.383289479170732
storm,4578.0,3.5088662505685484
storm,4579.0,3.949544446533654
storm,4580.0,3.5364915515990996
storm,4581.0,2.0326935131258534
storm,4582.0,1.6316832432806816
storm,4583.0,3.767902751271703
storm,4584.0,5.97960184013735
storm,4585.0,4.393002373630853
storm,4586.0,0.9378223708971033
storm,4587.0,0.7810581533897422
storm,4588.0,4.20841122772199
storm,4589.0,5.776660953005978
storm,4590.0,3.2327671206051605
storm,4591.0,1.7272532529191715
storm,4592.0,3.754066965358043
storm,4593.0,5.15061614210107
storm,4594.0,2.5433239014618176
storm,4595.0,0.2505204052669741
storm,4596.0,2.5620590483607457
storm,4597.0,6.269351196622989
storm,4598.0,5.726806794826188
storm,4599.0,2.0574613512391515
storm,4600.0,1.2529602450264492
storm,4601.0,3.1782830610895187
storm,4602.0,3.7033417917754
storm,4603.0,2.63713612050569
storm,4604.0,3.2708818901401524
storm,4605.0,5.247429776995761
storm,4606.0,4.461179663833922
storm,4607.0,1.7402782336935945
storm,4608.0,1.1576626449704828
storm,4609.0,3.3443743007052302
storm,4610.0,4.667700806147275
storm,4611.0,3.492206605792591
storm,4612.0,3.240839883864823
storm,4613.0,4.4182728423886655
storm,4614.0,3.9170305968491306
storm,4615.0,1.2326650391620022
storm,4616.0,0.9126713370383452
storm,4617.0,4.024535725387136
storm,4618.0,5.575300926176975
storm,4619.0,3.491805443529509
storm,4620.0,1.3944338193173567
storm,4621.0,3.1502117697778256
storm,4622.0,5.044126876181386
storm,4623.0,3.189574254643307
storm,4624.0,0.9858911374468349
storm,4625.0,2.530976005324757
storm,4626.0,5.876978760069009
storm,4627.0,5.334366147116497
storm,4628.0,1.8405571794280011
storm,4629.0,0.5892107798655811
storm,4630.0,3.016166914489264
storm,4631.0,5.273435328305025
storm,4632.0,4.379408423692896
storm,4633.0,2.740186441204507
storm,4634.0,2.690114287187003
storm,4635.0,3.393315187166562
storm,4636.0,3.4030215921659974
storm,4637.0,2.81919815027032
storm,4638.0,2.6750603809213525
storm,4639.0,3.192686570847856
storm,4640.0,3.9763534546275365
storm,4641.0,4.3894087378851685
storm,4642.0,3.427683132611833
storm,4643.0,1.7501426795240564
storm,4644.0,1.7234740082691347
storm,4645.0,3.5244100818956694
storm,4646.0,5.003408647042426
storm,4647.0,4.292512963013893
storm,4648.0,2.702679318988483
storm,4649.0,2.5078886863940104
storm,4650.0,3.001798234525035
storm,4651.0,2.768498528796843
storm,4652.0,2.4771836722254768
storm,4653.0,3.6458755072353006
storm,4654.0,5.068430095173889
storm,4655.0,4.530559162792854
storm,4656.0,2.6742410942011166
storm,4657.0,1.7773045352470302
storm,4658.0,2.2347516430554175
storm,4659.0,2.9693568661413035
storm,4660.0,3.8223131768509737
storm,4661.0,4.810956861009874
storm,4662.0,4.525489997189534
storm,4663.0,2.541845466046733
storm,4664.0,1.4805987537272998
storm,4665.0,2.792087841670602
storm,4666.0,4.294658580146208
storm,4667.0,3.595517049086748
storm,4668.0,2.616477383696553
storm,4669.0,3.8738584009990715
storm,4670.0,4.894227550224231
storm,4671.0,2.7746500407936363
storm,4672.0,0.14123446335311104
storm,4673.0,1.93719126252547
storm,4674.0,6.46338134369999
storm,4675.0,6.248946067155234
storm,4676.0,1.8943851556703915
storm,4677.0,0.2536998882784624
storm,4678.0,3.5255848979218514
storm,4679.0,5.828653327369956
storm,4680.0,3.0713970837429
storm,4681.0,1.047134970851377
storm,4682.0,3.2934736241235
storm,4683.0,6.207032885609867
storm,4684.0,4.237252634904672
storm,4685.0,0.5038974624827114
storm,4686.0,1.2434626638222595
storm,4687.0,4.649972925015503
storm,4688.0,5.51690419416902
storm,4689.0,3.390582718511766
storm,4690.0,2.477767199062376
storm,4691.0,3.1701757368874066
storm,4692.0,2.914941728580173
storm,4693.0,1.9246537684954383
storm,4694.0,2.909641977649205
storm,4695.0,5.1009369142745395
storm,4696.0,4.742503444720904
storm,4697.0,2.654877955754611
storm,4698.0,2.2629217264919097
storm,4699.0,3.5175774978566903
storm,4700.0,3.378137950398295
storm,4701.0,1.9004183014006224
storm,4702.0,2.5224151222852202
storm,4703.0,4.907662136824985
storm,4704.0,5.4250414847346775
storm,4705.0,2.596137162461189
storm,4706.0,0.7345666030669136
storm,4707.0,2.6107050840931687
storm,4708.0,4.3060003437008
storm,4709.0,3.728685008402422
storm,4710.0,2.678412543869837
storm,4711.0,3.5892896887448424
storm,4712.0,4.624501117696773
storm,4713.0,3.2823236487353062
storm,4714.0,1.3823420277370166
storm,4715.0,1.6695227909890016
storm,4716.0,4.147963998188697
storm,4717.0,5.500990449644492
storm,4718.0,4.3281557358746765
storm,4719.0,2.476506277958894
storm,4720.0,1.8050548508164628
storm,4721.0,2.622189136547463
storm,4722.0,3.6863889378469983
storm,4723.0,3.8835209144027854
storm,4724.0,3.2564718964153796
storm,4725.0,2.9952053117466497
storm,4726.0,3.6937711811406144
storm,4727.0,3.8692370664579108
storm,4728.0,2.4678743143816364
storm,4729.0,1.5206646947222735
storm,4730.0,3.257004828508126
storm,4731.0,5.680796578195745
storm,4732.0,4.991613221461182
storm,4733.0,1.8579030229132136
storm,4734.0,0.7268114579523329
storm,4735.0,2.792765155965429
storm,4736.0,4.845273697962233
storm,4737.0,4.256521740108805
storm,4738.0,3.108470646779439
storm,4739.0,3.5248407585506554
storm,4740.0,3.739352929372554
storm,4741.0,2.540840029766947
storm,4742.0,1.7003967966609312
storm,4743.0,2.947829602318701
storm,4744.0,4.284030414779245
storm,4745.0,4.073053641066625
storm,4746.0,3.5169821118352034
storm,4747.0,3.649073601383685
storm,4748.0,2.9908451829068494
storm,4749.0,1.4803835064872415
storm,4750.0,1.8452593543451512
storm,4751.0,4.925455273834909
storm,4752.0,6.417002565099889
storm,4753.0,3.3997662649244806
storm,4754.0,0.9324254144343814
storm,4755.0,2.3498474355322294
storm,4756.0,4.73035895118469
storm,4757.0,3.573930890962191
storm,4758.0,1.255823185729522
storm,4759.0,2.9728619250191195
storm,4760.0,6.235039475912089
storm,4761.0,5.083373231589057
storm,4762.0,0.6410414155785402
storm,4763.0,0.1141746483088826
storm,4764.0,4.322273536951197
storm,4765.0,5.878975065885944
storm,4766.0,2.9828068007317072
storm,4767.0,1.1328398501030243
storm,4768.0,3.4602130649532126
storm,4769.0,5.803807150321622
storm,4770.0,3.303498943707455
storm,4771.0,0.7873730281381036
storm,4772.0,2.3740427423964947
storm,4773.0,5.553776110173562
storm,4774.0,5.360506103182045
storm,4775.0,2.3311984516822526
storm,4776.0,1.4445823355070648
storm,4777.0,2.8079871812574635
storm,4778.0,3.7337547749747557
storm,4779.0,3.6304582357718775
storm,4780.0,3.9266659153231385
storm,4781.0,4.140114732568052
storm,4782.0,3.2004243295974737
storm,4783.0,2.0162517492264813
storm,4784.0,2.4639175935485587
storm,4785.0,3.6624528846229847
storm,4786.0,3.6370837975556207
storm,4787.0,3.154437276859701
storm,4788.0,3.7756403388963213
storm,4789.0,4.395997944730145
storm,4790.0,3.047197436414447
storm,4791.0,1.1203884790993102
storm,4792.0,1.7517503634517877
storm,4793.0,4.5347241602485004
storm,4794.0,5.762610301269877
storm,4795.0,4.093108754779739
storm,4796.0,2.0942409931983503
storm,4797.0,1.9684858541585748
storm,4798.0,2.752096127252376
storm,4799.0,3.196169230465501
storm,4800.0,3.4182391689639156
storm,4801.0,3.8510623937252184
storm,4802.0,4.243191802993646
storm,4803.0,3.9808473996015286
storm,4804.0,3.080010197430694
storm,4805.0,1.9054915923770954
storm,4806.0,1.6707770838299119
storm,4807.0,3.2662255035710106
storm,4808.0,5.193564567154862
storm,4809.0,4.951804176044289
storm,4810.0,2.3466402308126977
storm,4811.0,1.153475365231771
storm,4812.0,2.9720881946382125
storm,4813.0,4.5821615925569485
storm,4814.0,3.5804580271937994
storm,4815.0,2.2565573727121526
storm,4816.0,3.5329413971567383
storm,4817.0,4.828485261393691
storm,4818.0,3.29796467280734
storm,4819.0,0.7241644486615416
storm,4820.0,1.7040291054331382
storm,4821.0,5.143112691904496
storm,4822.0,5.502040538729616
storm,4823.0,2.8354760038923588
storm,4824.0,1.5474750718912627
storm,4825.0,3.139873261740978
storm,4826.0,4.141063574124478
storm,4827.0,2.896045548863093
storm,4828.0,2.4684512291204292
storm,4829.0,3.905866477465933
storm,4830.0,4.425832692801201
storm,4831.0,2.9627472968562554
storm,4832.0,1.9395616158844717
storm,4833.0,3.0222113139492652
storm,4834.0,3.5833926129353015
storm,4835.0,2.7707035613681965
storm,4836.0,3.2155516703716205
storm,4837.0,5.367798235414991
storm,4838.0,4.948543167230988
storm,4839.0,1.4905502473492744
storm,4840.0,0.22840771268657867
storm,4841.0,3.265592263811115
storm,4842.0,6.414503920079087
storm,4843.0,4.412343108380167
storm,4844.0,1.4359781454464304
storm,4845.0,2.7561984953760565
storm,4846.0,5.476987108628315
storm,4847.0,3.8345083819427033
storm,4848.0,0.28660207495240014
storm,4849.0,1.2302205929938814
storm,4850.0,5.573529959098343
storm,4851.0,6.815138223195794
storm,4852.0,2.845548416110651
storm,4853.0,0.256847721439714
storm,4854.0,2.3485254804552165
storm,4855.0,4.7471653955613435
storm,4856.0,3.799967088260581
storm,4857.0,2.380836240920203
storm,4858.0,3.4246241855356194
storm,4859.0,4.947250880934569
storm,4860.0,3.731854382503404
storm,4861.0,1.6000830493017144
storm,4862.0,1.6946830917695863
storm,4863.0,3.4890669762112427
storm,4864.0,4.809185942167685
storm,4865.0,4.495660044796689
storm,4866.0,3.3795749559921666
storm,4867.0,2.460342442151652
storm,4868.0,2.0861159806776253
storm,4869.0,2.800666568495937
storm,4870.0,4.120668963780264
storm,4871.0,4.300047526558622
storm,4872.0,3.3628361741865076
storm,4873.0,2.7302099841263474
storm,4874.0,2.967335216027377
storm,4875.0,3.0112990191007274
storm,4876.0,2.5523545720072636
storm,4877.0,2.999046688524231
storm,4878.0,4.573174695285062
storm,4879.0,4.910494480645222
storm,4880.0,3.279971742151159
storm,4881.0,1.7494390079713795
storm,4882.0,1.7810719877515513
storm,4883.0,3.072970385058274
storm,4884.0,4.116033590627853
storm,4885.0,4.383206652984677
storm,4886.0,4.023781049580415
storm,4887.0,2.990409880630126
storm,4888.0,2.1898554928776046
storm,4889.0,2.714586429058503
storm,4890.0,3.593071000197243
storm,4891.0,3.300242809163876
storm,4892.0,2.7025327117461386
storm,4893.0,3.7387692376759474
storm,4894.0,5.090626923472112
storm,4895.0,3.741413651217502
storm,4896.0,0.6652627179360383
storm,4897.0,0.8795859593375853
storm,4898.0,4.516605344294503
storm,4899.0,6.301953059403794
storm,4900.0,3.6279504981667974
storm,4901.0,1.0997809264969605
storm,4902.0,2.7508046299541236
storm,4903.0,4.686653747583364
storm,4904.0,3.2244510840460294
storm,4905.0,1.0291468299954756
storm,4906.0,2.7175798562759077
storm,4907.0,5.7072092646169965
storm,4908.0,5.04914769188496
storm,4909.0,1.7208061381038864
storm,4910.0,1.0245206570657972
storm,4911.0,3.598828798999903
storm,4912.0,4.381476528234886
storm,4913.0,3.054886910099283
storm,4914.0,2.8318355974318266
storm,4915.0,4.125532765135494
storm,4916.0,3.831256869641882
storm,4917.0,1.8775600592739707
storm,4918.0,1.8336199945973413
storm,4919.0,4.122339609230433
storm,4920.0,4.825220972460979
storm,4921.0,3.2262128786917708
storm,4922.0,2.6347064419483126
storm,4923.0,3.847242429401884
storm,4924.0,3.4663196709903374
storm,4925.0,1.4320165412023702
storm,4926.0,1.6689118771034341
storm,4927.0,5.2210842553305765
storm,4928.0,6.966275365119526
storm,4929.0,3.2467903645159026
storm,4930.0,0.30248634349156456
storm,4931.0,1.928392729114548
storm,4932.0,4.962404941104115
storm,4933.0,4.402374153614311
storm,4934.0,2.052581654643569
storm,4935.0,2.9349690779582676
storm,4936.0,5.345559450371328
storm,4937.0,4.396930076426568
storm,4938.0,0.9716254335224149
storm,4939.0,0.3522505031213093
storm,4940.0,3.787807178123608
storm,4941.0,6.602420447776946
storm,4942.0,4.95508632040897
storm,4943.0,2.170137006067131
storm,4944.0,1.7620795184445188
storm,4945.0,2.965862204899967
storm,4946.0,3.5553317318042104
storm,4947.0,3.128500376295424
storm,4948.0,2.9912013967936013
storm,4949.0,3.6440577996499615
storm,4950.0,4.374445519093075
storm,4951.0,3.9634914413378275
storm,4952.0,2.50358776275625
storm,4953.0,1.629283764367488
storm,4954.0,2.5957938584942095
storm,4955.0,4.717796675918771
storm,4956.0,5.0646885937304305
storm,4957.0,3.091024646773421
storm,4958.0,1.6204165775239492
storm,4959.0,2.415706509037031
storm,4960.0,4.026516801840144
storm,4961.0,3.864486221174716
storm,4962.0,2.9832965115267833
storm,4963.0,3.382731013295565
storm,4964.0,4.162779845708601
storm,4965.0,3.367155469568838
storm,4966.0,2.0278333036738556
storm,4967.0,2.3202007592392015
storm,4968.0,3.7508874120063314
storm,4969.0,4.1075673918559215
storm,4970.0,3.500414300939307
storm,4971.0,3.4447780698611115
storm,4972.0,3.4878795734593946
storm,4973.0,2.3710895359146624
storm,4974.0,1.7717323864903611
storm,4975.0,3.369794775633426
storm,4976.0,5.006597069998996
storm,4977.0,4.168918066114259
storm,4978.0,2.133344934648109
storm,4979.0,2.481297046272746
storm,4980.0,3.9811107762119584
storm,4981.0,3.2298191605571973
storm,4982.0,1.220737348147142
storm,4983.0,2.558387927953833
storm,4984.0,6.212164751421527
storm,4985.0,6.170120116308158
storm,4986.0,1.7055782723560442
storm,4987.0,-0.3598310653547945
storm,4988.0,2.708914641460627
storm,4989.0,5.2700881756532265
storm,4990.0,3.958778671202358
storm,4991.0,1.793121913178369
storm,4992.0,3.4292971068523537
storm,4993.0,5.387483260349422
storm,4994.0,3.4122036970617904
storm,4995.0,0.5184055211834547
storm,4996.0,1.565158536575083
storm,4997.0,5.175263568531914
storm,4998.0,5.613099085458137
storm,4999.0,3.1685452045764952
storm,5000.0,1.8706053429685292
storm,5001.0,2.7665423538829117
storm,5002.0,3.1401564219530624
storm,5003.0,2.6701866308230198
storm,5004.0,3.5493748148494024
storm,5005.0,4.996100285766604
storm,5006.0,4.092666955418521
storm,5007.0,1.9362485608443023
storm,5008.0,1.8762065735156488
storm,5009.0,3.820853491737293
storm,5010.0,4.040701986640228
storm,5011.0,2.549159602304004
storm,5012.0,2.7774350547058444
storm,5013.0,4.931680952589281
storm,5014.0,4.771193019895508
storm,5015.0,1.6028460285665678
storm,5016.0,0.6250799379993166
storm,5017.0,3.5449449860564632
storm,5018.0,6.511513003981185
storm,5019.0,4.79863340977837
storm,5020.0,1.7588652533367533
storm,5021.0,1.6966649758279584
storm,5022.0,3.425261157750293
storm,5023.0,3.9116600382316613
storm,5024.0,2.686068204773988
storm,5025.0,2.8014321531493684
storm,5026.0,4.386681514901594
storm,5027.0,4.887860429645677
storm,5028.0,3.2385828158864696
storm,5029.0,1.4210373287552944
storm,5030.0,1.6097020630491983
storm,5031.0,3.483343490528601
storm,5032.0,4.905313308898127
storm,5033.0,4.355102730289678
storm,5034.0,2.7989088570968668
storm,5035.0,2.232488794793338
storm,5036.0,3.3130907641091616
storm,5037.0,3.906562196053364
storm,5038.0,2.70295545831856
storm,5039.0,1.9700338706870275
storm,5040.0,3.6604433692716576
storm,5041.0,5.889483509732047
storm,5042.0,4.458009955073715
storm,5043.0,1.1915966697175462
storm,5044.0,0.7436348812746721
storm,5045.0,3.681332771252349
storm,5046.0,5.644523937464711
storm,5047.0,3.91910047967226
storm,5048.0,2.2542907449816414
storm,5049.0,3.132998035506512
storm,5050.0,4.182938219571924
storm,5051.0,2.8518302857343594
storm,5052.0,1.7638028468344458
storm,5053.0,3.011978164499053
storm,5054.0,4.82659131703342
storm,5055.0,4.267800273424612
storm,5056.0,2.613446017987534
storm,5057.0,2.6091844946003104
storm,5058.0,3.1834857552620757
storm,5059.0,2.7224550902120757
storm,5060.0,2.7858848010164516
storm,5061.0,4.561501399686798
storm,5062.0,5.214429548960765
storm,5063.0,2.719320910653139
storm,5064.0,0.34111628788267234
storm,5065.0,2.111590173031572
storm,5066.0,5.3026571904831865
storm,5067.0,4.915329958145102
storm,5068.0,2.19357778813935
storm,5069.0,2.5443441484777485
storm,5070.0,4.901760350426972
storm,5071.0,4.112941836919943
storm,5072.0,0.6669541771809419
storm,5073.0,0.6524918705502455
storm,5074.0,4.832574643064252
storm,5075.0,6.825160507876483
storm,5076.0,3.7513999741697654
storm,5077.0,0.5180703970004458
storm,5078.0,1.971279847229671
storm,5079.0,4.1249033691794414
storm,5080.0,3.553085505083766
storm,5081.0,2.2301092776090843
storm,5082.0,3.69980844089128
storm,5083.0,5.39801923738755
storm,5084.0,3.7724029653480637
storm,5085.0,1.3474654933212653
storm,5086.0,1.290033344332635
storm,5087.0,3.685814019744131
storm,5088.0,4.668769354509288
storm,5089.0,3.808746032764624
storm,5090.0,3.4565977318948735
storm,5091.0,3.5735496674797917
storm,5092.0,2.7432140515944115
storm,5093.0,1.9762826866864296
storm,5094.0,2.9377661981398693
storm,5095.0,4.237522604636561
storm,5096.0,3.803602316888903
storm,5097.0,2.6453343692895706
storm,5098.0,2.9833260057116804
storm,5099.0,4.189008543722962
storm,5100.0,3.476962142025306
storm,5101.0,1.8414829800275732
storm,5102.0,2.3353440848656644
storm,5103.0,4.673584416229207
storm,5104.0,5.426583347443511
storm,5105.0,3.037300129518362
storm,5106.0,1.179938984327656
storm,5107.0,2.003812703317335
storm,5108.0,4.148420784002962
storm,5109.0,4.8905861687657355
storm,5110.0,3.691263160816121
storm,5111.0,2.7083907473322455
storm,5112.0,2.8849114458746405
storm,5113.0,3.54040109817961
storm,5114.0,3.3953738768346216
storm,5115.0,2.4467319971349775
storm,5116.0,2.295649283663385
storm,5117.0,3.832580628430003
storm,5118.0,5.5610671262516025
storm,5119.0,4.3167002402104035
storm,5120.0,1.2471697105326416
storm,5121.0,0.6681741988153825
storm,5122.0,3.583612105816913
storm,5123.0,5.9521299515974535
storm,5124.0,4.2583925807657845
storm,5125.0,2.0159475712625547
storm,5126.0,2.857027053223472
storm,5127.0,4.477142691243714
storm,5128.0,3.02194862479486
storm,5129.0,0.7644472340575812
storm,5130.0,2.1130464363992476
storm,5131.0,6.160309764194743
storm,5132.0,6.505180279344603
storm,5133.0,2.4953036239456865
storm,5134.0,0.5811148148970577
storm,5135.0,2.603191958648312
storm,5136.0,4.387968305149434
storm,5137.0,3.3287956619113843
storm,5138.0,2.58606686080809
storm,5139.0,4.084726011599845
storm,5140.0,4.922869102863778
storm,5141.0,2.7189301229602982
storm,5142.0,1.2272336910153852
storm,5143.0,2.686318851626597
storm,5144.0,4.696890786202717
storm,5145.0,4.247993827496542
storm,5146.0,3.059865262510733
storm,5147.0,3.424676282109561
storm,5148.0,3.4697816520188924
storm,5149.0,1.8433800526830908
storm,5150.0,1.2350416486392857
storm,5151.0,4.252937987817354
storm,5152.0,6.057755586708905
storm,5153.0,3.7486942341739016
storm,5154.0,0.7346304661787072
storm,5155.0,1.797103959215598
storm,5156.0,5.07828541454423
storm,5157.0,4.53455683546584
storm,5158.0,1.6836923993148523
storm,5159.0,1.9852434319457106
storm,5160.0,5.0661666463091315
storm,5161.0,5.469998063834258
storm,5162.0,1.8858515437723264
storm,5163.0,-0.0027131578247780843
storm,5164.0,2.8721973627481576
storm,5165.0,5.726578021862786
storm,5166.0,4.909425134979566
storm,5167.0,2.5997719363814458
storm,5168.0,2.424501489862994
storm,5169.0,3.2094192065177833
storm,5170.0,2.8608214057827426
storm,5171.0,2.2709171412785873
storm,5172.0,3.1641773599657466
storm,5173.0,4.580418059425947
storm,5174.0,4.309268588765286
storm,5175.0,3.296752038332821
storm,5176.0,2.735188574535115
storm,5177.0,2.4793726443569493
storm,5178.0,2.35884127459793
storm,5179.0,2.9194467171302856
storm,5180.0,4.1152819399779395
storm,5181.0,4.640454633131357
storm,5182.0,3.372921481870137
storm,5183.0,2.2012234340443935
storm,5184.0,2.5893868223690446
storm,5185.0,3.269683606060032
storm,5186.0,3.1998246458487554
storm,5187.0,3.219501238703744
storm,5188.0,4.060312936399375
storm,5189.0,4.436961394864922
storm,5190.0,3.216335830256217
storm,5191.0,1.8040463482278788
storm,5192.0,1.9810054556736036
storm,5193.0,3.325042584766166
storm,5194.0,4.544691130970776
storm,5195.0,4.625159633176491
storm,5196.0,3.5159736318486363
storm,5197.0,2.177003185499492
storm,5198.0,1.9060241845568187
storm,5199.0,3.285055146040404
storm,5200.0,4.513936369367518
storm,5201.0,3.709934023339038
storm,5202.0,2.4840205469681114
storm,5203.0,3.089200378650284
storm,5204.0,4.469745561813618
storm,5205.0,3.261722776003409
storm,5206.0,0.94157848968815
storm,5207.0,1.8513400083586433
storm,5208.0,6.234139271918298
storm,5209.0,7.0942845311289915
storm,5210.0,2.486864145569978
storm,5211.0,-0.2865406474884283
storm,5212.0,1.9123575425947688
storm,5213.0,5.85348955770566
storm,5214.0,4.928530462868666
storm,5215.0,1.8408346140921228
storm,5216.0,2.536778777178407
storm,5217.0,5.3401227307256995
storm,5218.0,4.6041256915558355
storm,5219.0,0.8914337290047846
storm,5220.0,0.7063362297860578
storm,5221.0,4.171860240608848
storm,5222.0,5.9690214459830315
storm,5223.0,3.8279664553918145
storm,5224.0,2.0156831178722787
storm,5225.0,2.832633454379618
storm,5226.0,3.442618993174294
storm,5227.0,2.378574276418856
storm,5228.0,2.4107962084773007
storm,5229.0,4.488825298274378
storm,5230.0,5.34939839264704
storm,5231.0,3.1680724242559077
storm,5232.0,1.7389342739053695
storm,5233.0,2.808888356638587
storm,5234.0,3.7319431027423606
storm,5235.0,2.796150108852169
storm,5236.0,2.5335124056454545
storm,5237.0,4.334811164398364
storm,5238.0,4.985575586650047
storm,5239.0,2.7343852556367243
storm,5240.0,0.51942687874383
storm,5241.0,2.6849697931991234
storm,5242.0,5.0707206561883735
storm,5243.0,3.980338467052774
storm,5244.0,1.9151623662958879
storm,5245.0,2.3757925671382027
storm,5246.0,4.734571904027592
storm,5247.0,4.202269365020434
storm,5248.0,1.6266355519491158
storm,5249.0,1.467101795617458
storm,5250.0,4.403728875860596
storm,5251.0,5.955139964101227
storm,5252.0,3.8793728083538803
storm,5253.0,1.39915349916615
storm,5254.0,1.5212883446524645
storm,5255.0,3.212075317441894
storm,5256.0,4.162292793973512
storm,5257.0,4.094704979632143
storm,5258.0,3.6725929441681613
storm,5259.0,3.2662353460761584
storm,5260.0,2.9845246830189645
storm,5261.0,2.8432667441229533
storm,5262.0,2.667575768407986
storm,5263.0,2.636367204691937
storm,5264.0,3.490676950225504
storm,5265.0,4.769565648785665
storm,5266.0,4.707758903918641
storm,5267.0,2.5831010671403916
storm,5268.0,0.9287297900740377
storm,5269.0,2.0138667813493605
storm,5270.0,4.219882924841014
storm,5271.0,5.025501274586498
storm,5272.0,3.9514118598927612
storm,5273.0,3.171583183653474
storm,5274.0,3.040444263215729
storm,5275.0,2.5530194764442316
storm,5276.0,2.100725663590646
storm,5277.0,2.937689386578992
storm,5278.0,4.221967877766785
storm,5279.0,4.222512525286708
storm,5280.0,3.457670505653575
storm,5281.0,3.186862908588028
storm,5282.0,3.028772543254147
storm,5283.0,2.20757779297761
storm,5284.0,2.2048004637887217
storm,5285.0,4.13440877397195
storm,5286.0,5.538168810395557
storm,5287.0,3.5870381388386066
storm,5288.0,1.0438346276969483
storm,5289.0,1.8717804046891156
storm,5290.0,4.769782859948267
storm,5291.0,4.620327013933739
storm,5292.0,2.0596829168767083
storm,5293.0,2.303723509166823
storm,5294.0,5.253218414388994
storm,5295.0,5.030539103330191
storm,5296.0,1.1989325062340814
storm,5297.0,-0.09670613434955426
storm,5298.0,4.075685522055136
storm,5299.0,7.417046912972604
storm,5300.0,4.199753537901964
storm,5301.0,0.6093083564857971
storm,5302.0,1.6765207630321382
storm,5303.0,5.313539022773763
storm,5304.0,4.750147858457233
storm,5305.0,1.5204461319921576
storm,5306.0,1.9216534190533967
storm,5307.0,4.928878887019519
storm,5308.0,5.621305474101585
storm,5309.0,2.441984999600604
storm,5310.0,0.8006912714895256
storm,5311.0,2.4600513529073886
storm,5312.0,4.189513854843882
storm,5313.0,4.098179386898231
storm,5314.0,3.824708864346248
storm,5315.0,4.188180892152321
storm,5316.0,3.3880598157125723
storm,5317.0,1.736623723051029
storm,5318.0,1.833351947271323
storm,5319.0,3.620716773048857
storm,5320.0,4.4631574983195454
storm,5321.0,3.4583328182022885
storm,5322.0,3.1053176794715394
storm,5323.0,4.109279326152595
storm,5324.0,3.6889931812088568
storm,5325.0,1.6339278564676099
storm,5326.0,1.3193655189106066
storm,5327.0,4.030245664987437
storm,5328.0,5.7518222092884095
storm,5329.0,4.105378058183064
storm,5330.0,1.5054288166352707
storm,5331.0,1.6943969207132559
storm,5332.0,3.590522985642044
storm,5333.0,3.87598254278106
storm,5334.0,3.0622994379116837
storm,5335.0,3.209573941003081
storm,5336.0,4.273782931508771
storm,5337.0,4.026107422027004
storm,5338.0,2.523364167708662
storm,5339.0,1.667695448293024
storm,5340.0,2.552513401749457
storm,5341.0,4.205889473143385
storm,5342.0,4.862150341894475
storm,5343.0,3.9648331697354795
storm,5344.0,2.1700770340709425
storm,5345.0,1.5225979702487535
storm,5346.0,2.9254162136571713
storm,5347.0,4.4903793977427435
storm,5348.0,4.234747319332254
storm,5349.0,2.9344981428601904
storm,5350.0,3.014548397588996
storm,5351.0,3.777447053416966
storm,5352.0,3.11644759216031
storm,5353.0,1.3609117131995154
storm,5354.0,1.8806223171490726
storm,5355.0,5.012821276711968
storm,5356.0,6.105134036960821
storm,5357.0,3.585461278161361
storm,5358.0,1.2147787805985886
storm,5359.0,1.9440178544159787
storm,5360.0,3.606118776577213
storm,5361.0,3.6109115714523137
storm,5362.0,3.066074747136138
storm,5363.0,3.85859794549369
storm,5364.0,4.365724528607803
storm,5365.0,3.119089709625712
storm,5366.0,1.827859508161779
storm,5367.0,2.7016971110602763
storm,5368.0,3.852661722752268
storm,5369.0,3.201509888078908
storm,5370.0,2.828073984898665
storm,5371.0,4.369232796829618
storm,5372.0,5.08671388079142
storm,5373.0,2.373082746355537
storm,5374.0,0.33338014950364814
storm,5375.0,2.5019690889518915
storm,5376.0,6.139717524359389
storm,5377.0,5.286353055812894
storm,5378.0,1.5980919208806497
storm,5379.0,1.5371094240897931
storm,5380.0,4.724445302152833
storm,5381.0,4.846267680326413
storm,5382.0,1.436604279312381
storm,5383.0,0.9004143619674871
storm,5384.0,4.742609755892427
storm,5385.0,6.849861449399966
storm,5386.0,3.247935133683301
storm,5387.0,-0.12888544297557242
storm,5388.0,1.852966177546464
storm,5389.0,5.687568428547386
storm,5390.0,5.018670746313964
storm,5391.0,2.2680621345460166
storm,5392.0,2.313845250982288
storm,5393.0,4.216211261781162
storm,5394.0,3.9948645512683196
storm,5395.0,1.725981714391982
storm,5396.0,1.6946461726189874
storm,5397.0,4.01942577509719
storm,5398.0,5.456370899854429
storm,5399.0,4.252643821490504
storm,5400.0,2.6216783066361913
storm,5401.0,2.166612388458569
storm,5402.0,2.2066004174201406
storm,5403.0,2.709420560549138
storm,5404.0,4.0925367586320105
storm,5405.0,5.017854562492936
storm,5406.0,3.9918589144204484
storm,5407.0,2.2547703949558877
storm,5408.0,2.1348786961478416
storm,5409.0,3.1169629072271836
storm,5410.0,3.2902331883834193
storm,5411.0,2.9485779299365156
storm,5412.0,3.8126233643989034
storm,5413.0,5.035683769689324
storm,5414.0,4.029589571091415
storm,5415.0,1.7520062378306354
storm,5416.0,0.9527339892043417
storm,5417.0,2.8934469960354336
storm,5418.0,5.029824770702078
storm,5419.0,4.829357640489652
storm,5420.0,3.374716631160391
storm,5421.0,2.4388005298363873
storm,5422.0,2.5406754222689805
storm,5423.0,3.105640461166708
storm,5424.0,3.409693388003148
storm,5425.0,3.2246487228338183
storm,5426.0,3.0228831712510074
storm,5427.0,3.559483512400533
storm,5428.0,4.298303489702382
storm,5429.0,3.571288404141042
storm,5430.0,1.5789204685248028
storm,5431.0,1.600337489223312
storm,5432.0,4.191877812138654
storm,5433.0,5.639319417152067
storm,5434.0,3.680064077215479
storm,5435.0,1.0976166175587059
storm,5436.0,1.96698973088572
storm,5437.0,4.374844585206945
storm,5438.0,4.1851695708997285
storm,5439.0,2.135164675015698
storm,5440.0,2.6192609211093942
storm,5441.0,5.017171190347793
storm,5442.0,4.764433815303074
storm,5443.0,1.7120796926297221
storm,5444.0,0.6450702368318576
storm,5445.0,3.4312393440682967
storm,5446.0,5.240023545011152
storm,5447.0,3.8879830668078377
storm,5448.0,2.44985772006932
storm,5449.0,3.242589547100652
storm,5450.0,3.7752223388548303
storm,5451.0,2.3248172575747827
storm,5452.0,1.7314911000889648
storm,5453.0,3.889124364759039
storm,5454.0,5.408787708079787
storm,5455.0,3.844393370789365
storm,5456.0,2.117773381152338
storm,5457.0,2.8528571762065424
storm,5458.0,3.6481807420535115
storm,5459.0,2.2283566045128183
storm,5460.0,1.6403933843767124
storm,5461.0,4.407072396258196
storm,5462.0,7.06268754930231
storm,5463.0,4.213602858467696
storm,5464.0,0.18032961872562817
storm,5465.0,1.038220085239538
storm,5466.0,4.606505036801492
storm,5467.0,5.125994925547056
storm,5468.0,2.337347988195109
storm,5469.0,1.9132598435645924
storm,5470.0,4.818267957297704
storm,5471.0,5.299224825316505
storm,5472.0,1.80240615217459
storm,5473.0,0.14920113616825564
storm,5474.0,3.3128434269851343
storm,5475.0,6.783347155188149
storm,5476.0,5.138891145369398
storm,5477.0,1.6793294797866156
storm,5478.0,1.1786285983209557
storm,5479.0,3.168159749279532
storm,5480.0,4.34761669530899
storm,5481.0,3.617613939862986
storm,5482.0,3.186465832635957
storm,5483.0,3.571366709057476
storm,5484.0,3.7041996992439388
storm,5485.0,3.001908287183483
storm,5486.0,2.4739843766708853
storm,5487.0,2.6298749741080494
storm,5488.0,3.2420100327712307
storm,5489.0,4.178255428490303
storm,5490.0,4.55988891407602
storm,5491.0,3.3931020843789073
storm,5492.0,1.7197373557918623
storm,5493.0,1.6829473381140296
storm,5494.0,3.5661032140155235
storm,5495.0,4.8445295916174995
storm,5496.0,4.09441639518905
storm,5497.0,3.0813418656745855
storm,5498.0,3.123809023721049
storm,5499.0,3.14319532275041
storm,5500.0,2.3956729692340697
storm,5501.0,2.1187366994310763
storm,5502.0,3.4045861301248426
storm,5503.0,4.790299058562148
storm,5504.0,4.449714940935802
storm,5505.0,3.264351107548918
storm,5506.0,2.484740200856899
storm,5507.0,2.1878049661737085
storm,5508.0,2.4879153816559385
storm,5509.0,3.5182871909936893
storm,5510.0,4.410242114331275
storm,5511.0,3.945019368750459
storm,5512.0,2.4933805554937973
storm,5513.0,2.561092481257421
storm,5514.0,3.8313074965691363
storm,5515.0,3.5329930220410892
storm,5516.0,1.8555251639599275
storm,5517.0,2.3459777656488785
storm,5518.0,5.298122220938985
storm,5519.0,5.879213975760502
storm,5520.0,2.2498317317190817
storm,5521.0,-0.2755691266260322
storm,5522.0,2.3994912404955686
storm,5523.0,5.721810281061029
storm,5524.0,4.777455636041542
storm,5525.0,1.7203384258225256
storm,5526.0,2.099767735204115
storm,5527.0,4.865616026901331
storm,5528.0,4.301752512617177
storm,5529.0,1.3403578552712803
storm,5530.0,1.3964145898387614
storm,5531.0,4.715788873740581
storm,5532.0,5.865069169582763
storm,5533.0,3.108320009875602
storm,5534.0,1.06975096338971
storm,5535.0,2.3771315200299985
storm,5536.0,3.9034010973968565
storm,5537.0,3.5336633838879266
storm,5538.0,3.4359253632667315
storm,5539.0,4.68783953821777
storm,5540.0,4.259617586585636
storm,5541.0,1.838789542993952
storm,5542.0,0.9334942313620904
storm,5543.0,3.270833007938261
storm,5544.0,5.294680554654229
storm,5545.0,3.9208322625398084
storm,5546.0,2.520447983545056
storm,5547.0,3.758949508790842
storm,5548.0,4.6946731149807555
storm,5549.0,2.2860530589882293
storm,5550.0,0.5399845666345713
storm,5551.0,2.7885731286093938
storm,5552.0,6.217708539160773
storm,5553.0,5.563614057753729
storm,5554.0,1.8511530354006618
storm,5555.0,1.0675065001745172
storm,5556.0,3.298550927883445
storm,5557.0,4.301426311955772
storm,5558.0,2.8315430726553332
storm,5559.0,2.3847696801033598
storm,5560.0,4.402615423693096
storm,5561.0,5.217813283097418
storm,5562.0,3.111373601056831
storm,5563.0,1.0274550534907159
storm,5564.0,1.692045552846998
storm,5565.0,4.1867786779298015
storm,5566.0,5.153052578897927
storm,5567.0,3.892252443049157
storm,5568.0,2.489811786405269
storm,5569.0,2.2719507878272482
storm,5570.0,3.2371898510756347
storm,5571.0,3.9905288655239572
storm,5572.0,3.4072577471653407
storm,5573.0,2.5380471985351747
storm,5574.0,2.9136307693729737
storm,5575.0,4.341060152329133
storm,5576.0,4.350083005010808
storm,5577.0,2.254454090170049
storm,5578.0,1.2411067015097916
storm,5579.0,3.145968067132762
storm,5580.0,5.520602770405872
storm,5581.0,4.811726020869048
storm,5582.0,2.397294076038641
storm,5583.0,1.7816040367488264
storm,5584.0,2.9904667051564395
storm,5585.0,3.5611161516883296
storm,5586.0,3.0460135703301536
storm,5587.0,3.3210339418290635
storm,5588.0,4.3507503535786745
storm,5589.0,4.090346625130913
storm,5590.0,2.652843631430128
storm,5591.0,2.1793649336780505
storm,5592.0,2.8517712169740927
storm,5593.0,3.1579366940089186
storm,5594.0,3.3051761936114232
storm,5595.0,4.397441870086215
storm,5596.0,4.9728040686339305
storm,5597.0,2.9522541111414085
storm,5598.0,0.6133912292364636
storm,5599.0,1.6855349830042954
storm,5600.0,4.9111983373381145
storm,5601.0,5.572366839447807
storm,5602.0,2.885835826277787
storm,5603.0,2.1560635949107243
storm,5604.0,4.123119235899141
storm,5605.0,4.183128747297174
storm,5606.0,1.3118104302744202
storm,5607.0,0.5183238674989872
storm,5608.0,4.397137307585861
storm,5609.0,7.077973689530599
storm,5610.0,4.220067698675267
storm,5611.0,0.11117468987891749
storm,5612.0,1.3002495949517259
storm,5613.0,4.807747913532824
storm,5614.0,4.505032503192429
storm,5615.0,2.0606979783043395
storm,5616.0,2.3258095729534483
storm,5617.0,5.013984125745257
storm,5618.0,4.716407761254076
storm,5619.0,1.655078065714289
storm,5620.0,0.8701259322140773
storm,5621.0,3.6772931672642253
storm,5622.0,5.73323168697199
storm,5623.0,4.257204639778988
storm,5624.0,2.5426436058462976
storm,5625.0,2.6227993009221477
storm,5626.0,2.8472687025899415
storm,5627.0,2.3837351066034107
storm,5628.0,3.0710086909310683
storm,5629.0,4.833677218896812
storm,5630.0,4.554978684028514
storm,5631.0,2.4729751380447818
storm,5632.0,1.6549655517833226
storm,5633.0,3.386930063132201
storm,5634.0,4.4542146832230145
storm,5635.0,2.947333758928961
storm,5636.0,2.2117309282040445
storm,5637.0,3.8919038123953835
storm,5638.0,5.3966644230171
storm,5639.0,3.4387476755069337
storm,5640.0,0.806051511945195
storm,5641.0,1.4550889532708713
storm,5642.0,4.22726925526995
storm,5643.0,5.532143934426775
storm,5644.0,4.022322974761479
storm,5645.0,2.5957829651611553
storm,5646.0,2.7685222194136063
storm,5647.0,3.1699269781231934
storm,5648.0,2.8532002749017193
storm,5649.0,2.4751968139486324
storm,5650.0,3.026153963937349
storm,5651.0,4.2367492519981225
storm,5652.0,4.81503982408227
storm,5653.0,3.7856044636270556
storm,5654.0,1.820042663275281
storm,5655.0,1.3487233997321695
storm,5656.0,3.20804305269941
storm,5657.0,4.877507029607235
storm,5658.0,4.261999139578547
storm,5659.0,2.4407683353372978
storm,5660.0,2.4095799690483197
storm,5661.0,3.940626415986755
storm,5662.0,3.6560705421802138
storm,5663.0,1.863564251605248
storm,5664.0,2.0589251003383726
storm,5665.0,4.974405664305373
storm,5666.0,6.0324869944486155
storm,5667.0,3.0450248430955873
storm,5668.0,0.5791484514170305
storm,5669.0,1.927382435699407
storm,5670.0,4.624948597639531
storm,5671.0,4.61709413584151
storm,5672.0,3.0169311160956482
storm,5673.0,2.966105626189675
storm,5674.0,3.7804263886079497
storm,5675.0,3.006591067028814
storm,5676.0,1.9177777397760616
storm,5677.0,2.9198357140670295
storm,5678.0,4.584627195403502
storm,5679.0,4.288856774900194
storm,5680.0,2.9132231816183913
storm,5681.0,2.936768860695392
storm,5682.0,3.2685560812789447
storm,5683.0,2.152741901025568
storm,5684.0,1.4562871458493594
storm,5685.0,4.175592528326574
storm,5686.0,7.08354484890313
storm,5687.0,4.75462180519702
storm,5688.0,0.5952403879015605
storm,5689.0,0.5212277316442608
storm,5690.0,4.229249650364293
storm,5691.0,5.681510940619256
storm,5692.0,2.7044560387980465
storm,5693.0,1.5791011883924286
storm,5694.0,4.323876774452371
storm,5695.0,5.80926137394259
storm,5696.0,2.5532727730233336
storm,5697.0,-0.38224595000373696
storm,5698.0,2.305783563104362
storm,5699.0,5.837818826125801
storm,5700.0,5.178340744409081
storm,5701.0,2.1111637147727036
storm,5702.0,1.6866394267270475
storm,5703.0,3.7248070496742156
storm,5704.0,3.7607311242549066
storm,5705.0,2.196571168500774
storm,5706.0,2.4224721442561763
storm,5707.0,4.661282032337826
storm,5708.0,5.093374806888774
storm,5709.0,3.0788119995992025
storm,5710.0,1.8391747487691676
storm,5711.0,2.5171782005221823
storm,5712.0,3.431059346430757
storm,5713.0,3.5338760135561147
storm,5714.0,3.7006657745525238
storm,5715.0,3.895674462616244
storm,5716.0,3.2254566288523123
storm,5717.0,2.124936473770549
storm,5718.0,2.5417611480303917
storm,5719.0,3.990377969122528
storm,5720.0,3.987895124898091
storm,5721.0,3.0433534845271684
storm,5722.0,2.9799381036910386
storm,5723.0,3.822943245817578
storm,5724.0,3.5703923423875485
storm,5725.0,2.0935476427807425
storm,5726.0,1.8724692067698252
storm,5727.0,3.646795169588177
storm,5728.0,5.412068979357506
storm,5729.0,4.787773483416612
storm,5730.0,2.6895006024017096
storm,5731.0,1.5514500972636316
storm,5732.0,2.015212187360353
storm,5733.0,3.4607726986088854
storm,5734.0,4.5876540382430155
storm,5735.0,4.224198118007358
storm,5736.0,3.0339050971525996
storm,5737.0,2.781009232346707
storm,5738.0,3.4770782060357868
storm,5739.0,3.2129738736313453
storm,5740.0,1.862636198977243
storm,5741.0,2.150098068779464
storm,5742.0,4.984642145139245
storm,5743.0,6.446012011512665
storm,5744.0,3.444418988826884
storm,5745.0,0.14594472430157748
storm,5746.0,1.1587492989981647
storm,5747.0,4.692027336000979
storm,5748.0,5.490910571599628
storm,5749.0,2.942058340069367
storm,5750.0,2.248663958224004
storm,5751.0,4.236261864553405
storm,5752.0,4.356519678372925
storm,5753.0,1.7763484113204044
storm,5754.0,0.9177226834339327
storm,5755.0,3.7891473314306494
storm,5756.0,5.7262395070582075
storm,5757.0,3.9159472267538797
storm,5758.0,1.6658654560925745
storm,5759.0,2.2988000797753254
storm,5760.0,3.954728708127038
storm,5761.0,3.396177613017882
storm,5762.0,2.6490049463788767
storm,5763.0,3.7627919037119595
storm,5764.0,4.703512836751242
storm,5765.0,3.08328315430365
storm,5766.0,1.4352156187788248
storm,5767.0,2.6031186955373213
storm,5768.0,4.342717708723293
storm,5769.0,3.7410128910707794
storm,5770.0,2.6041123894047757
storm,5771.0,3.864726331537622
storm,5772.0,4.908159309363716
storm,5773.0,2.770573358791476
storm,5774.0,0.2544164897602386
storm,5775.0,2.0907288294082735
storm,5776.0,6.189309377750761
storm,5777.0,5.730720069398583
storm,5778.0,1.9140238544888228
storm,5779.0,0.8936146381571535
storm,5780.0,3.8322560787184843
storm,5781.0,5.349323693828027
storm,5782.0,2.5357702474868273
storm,5783.0,1.0253213279926896
storm,5784.0,3.696279828848757
storm,5785.0,6.378951032274208
storm,5786.0,4.4830995523409705
storm,5787.0,0.8356205393591805
storm,5788.0,0.8450869813912939
storm,5789.0,3.408141140394252
storm,5790.0,4.761516379586613
storm,5791.0,4.0579457986994285
storm,5792.0,3.345092516937268
storm,5793.0,3.5105515853348574
storm,5794.0,3.27483308102575
storm,5795.0,2.5111353668244663
storm,5796.0,2.323575815416616
storm,5797.0,2.9946500367706173
storm,5798.0,3.8574685464119396
storm,5799.0,4.360571612624005
storm,5800.0,4.108278347505081
storm,5801.0,2.885842031867448
storm,5802.0,1.6864366273300282
storm,5803.0,2.165786200531123
storm,5804.0,4.037576554898797
storm,5805.0,4.873513416595941
storm,5806.0,3.7953592226946915
storm,5807.0,2.581688062896536
storm,5808.0,2.5892329399591865
storm,5809.0,3.0069599943407126
storm,5810.0,2.8894998116273016
storm,5811.0,3.0684825215297824
storm,5812.0,4.05544489933909
storm,5813.0,4.472026096847624
storm,5814.0,3.4865478975327835
storm,5815.0,2.3504773915032815
storm,5816.0,2.328382409332575
storm,5817.0,2.889541516577974
storm,5818.0,3.43043320995017
storm,5819.0,4.218047402558694
storm,5820.0,4.563934703202541
storm,5821.0,3.270966563294453
storm,5822.0,1.3197136841827146
storm,5823.0,1.6632153488691244
storm,5824.0,4.252830255747656
storm,5825.0,5.12584420424126
storm,5826.0,3.196455059703226
storm,5827.0,2.2926932220934853
storm,5828.0,4.019630980604812
storm,5829.0,4.462567406717422
storm,5830.0,1.8200700771167233
storm,5831.0,0.1460204039222245
storm,5832.0,3.340927143253061
storm,5833.0,7.3679614479545
storm,5834.0,5.531046012726619
storm,5835.0,1.0285664026206587
storm,5836.0,0.682359210006769
storm,5837.0,3.9822698968479266
storm,5838.0,4.973657705838065
storm,5839.0,2.4852177701833393
storm,5840.0,1.8300523063849714
storm,5841.0,4.2793280690488595
storm,5842.0,5.322867717490911
storm,5843.0,2.845397227570508
storm,5844.0,0.8386624957368415
storm,5845.0,2.587175041234094
storm,5846.0,4.495252013734143
storm,5847.0,3.8622293360039777
storm,5848.0,3.081337341076191
storm,5849.0,3.75422405938148
storm,5850.0,3.846464172260427
storm,5851.0,2.1104832407393053
storm,5852.0,1.6345844004993932
storm,5853.0,3.6376524975079447
storm,5854.0,5.169522397987707
storm,5855.0,3.7262615407654214
storm,5856.0,2.031968265017197
storm,5857.0,3.1657257247443273
storm,5858.0,4.351756929562277
storm,5859.0,2.7701529215049123
storm,5860.0,1.355824746072356
storm,5861.0,3.3509563597357297
storm,5862.0,5.9365740614372156
storm,5863.0,4.507891395313041
storm,5864.0,0.9616010040082468
storm,5865.0,0.7395191837849453
storm,5866.0,4.077291377432321
storm,5867.0,5.681014452214114
storm,5868.0,3.601899459049464
storm,5869.0,2.212628797505146
storm,5870.0,3.415548102383161
storm,5871.0,4.240450791205774
storm,5872.0,2.6668403379882912
storm,5873.0,1.1798692909711193
storm,5874.0,2.5064978586065654
storm,5875.0,5.183555040386249
storm,5876.0,5.733062541861427
storm,5877.0,3.6457280871002373
storm,5878.0,1.5661027121105673
storm,5879.0,1.5173844221203538
storm,5880.0,3.002497820791392
storm,5881.0,4.3746438930680895
storm,5882.0,4.322410144085628
storm,5883.0,3.300309882789714
storm,5884.0,2.973990944094081
storm,5885.0,3.470938756338755
storm,5886.0,3.2093916644212306
storm,5887.0,1.994339488746296
storm,5888.0,1.998199969136421
storm,5889.0,4.334776424548219
storm,5890.0,6.008932571946199
storm,5891.0,4.121840360090789
storm,5892.0,1.3872476818388861
storm,5893.0,1.3331554646078634
storm,5894.0,3.4454279327888733
storm,5895.0,4.45519865669044
storm,5896.0,3.565170772627984
storm,5897.0,3.1936980461213333
storm,5898.0,3.743499488781672
storm,5899.0,3.4162344017540724
storm,5900.0,2.27316398132231
storm,5901.0,2.5319506950123225
storm,5902.0,3.855944999508224
storm,5903.0,3.9018225456559024
storm,5904.0,2.973809716119295
storm,5905.0,3.1108184803161025
storm,5906.0,3.941807789631232
storm,5907.0,3.065488303929525
storm,5908.0,1.3953072515390545
storm,5909.0,2.628636909631548
storm,5910.0,5.431351942375272
storm,5911.0,5.265329462883942
storm,5912.0,2.014340354617574
storm,5913.0,0.7889100804029143
storm,5914.0,3.456595990445207
storm,5915.0,4.952887259754793
storm,5916.0,2.810272316421791
storm,5917.0,1.391864687790686
storm,5918.0,4.195193974059514
storm,5919.0,6.452831676443003
storm,5920.0,3.489820432791529
storm,5921.0,-0.21044873837988923
storm,5922.0,1.2105602736220142
storm,5923.0,5.420980805439883
storm,5924.0,5.775245141827097
storm,5925.0,2.68548162872006
storm,5926.0,1.758173932551281
storm,5927.0,3.74040810361904
storm,5928.0,4.073341381661752
storm,5929.0,1.9696880843112226
storm,5930.0,1.5332337146064838
storm,5931.0,4.206027493775638
storm,5932.0,5.75125996512838
storm,5933.0,4.0233494497198405
storm,5934.0,2.073905210857637
storm,5935.0,2.186408818152666
storm,5936.0,2.7859195523454257
storm,5937.0,2.6867210495701728
storm,5938.0,3.3893704804768405
storm,5939.0,4.987604083555219
storm,5940.0,4.841896344428738
storm,5941.0,2.3333750311275474
storm,5942.0,1.3582064040762394
storm,5943.0,3.070489210681026
storm,5944.0,4.347389878406824
storm,5945.0,3.3866046615637124
storm,5946.0,2.5587354100170603
storm,5947.0,3.8235457960623234
storm,5948.0,4.668691698611694
storm,5949.0,2.7525747872630917
storm,5950.0,0.8545545370029525
storm,5951.0,2.3384010866762153
storm,5952.0,5.5665266055272085
storm,5953.0,5.799140983995398
storm,5954.0,2.930526471671478
storm,5955.0,1.2202000122843
storm,5956.0,2.118708550536974
storm,5957.0,3.891494247613099
storm,5958.0,4.2793003991996
storm,5959.0,3.449499825852072
storm,5960.0,3.051133541916099
storm,5961.0,3.427580949895958
storm,5962.0,3.7465525184176856
storm,5963.0,2.9932809826895133
storm,5964.0,1.8801432072985562
storm,5965.0,2.341281715720053
storm,5966.0,4.414678083891866
storm,5967.0,5.575727252169259
storm,5968.0,3.742286608104509
storm,5969.0,1.1648180222775835
storm,5970.0,1.4174514349161127
storm,5971.0,3.952474193529054
storm,5972.0,4.822371690496131
storm,5973.0,3.0617857245327054
storm,5974.0,2.5377842587472763
storm,5975.0,4.4247188748360635
storm,5976.0,4.852051789713373
storm,5977.0,2.1615356882665906
storm,5978.0,0.48387811421464294
storm,5979.0,2.6646772071153473
storm,5980.0,5.670339416389538
storm,5981.0,5.026891437660561
storm,5982.0,2.475498663522179
storm,5983.0,2.2180509309710423
storm,5984.0,3.613434880634526
storm,5985.0,3.365349342177617
storm,5986.0,2.225317735981025
storm,5987.0,2.9689719924913276
storm,5988.0,4.580119900080102
storm,5989.0,4.250043856637776
storm,5990.0,2.3880379822437825
storm,5991.0,2.3582740976225716
storm,5992.0,3.564456289927246
storm,5993.0,3.217680765143238
storm,5994.0,2.2269581898664934
storm,5995.0,3.595289433765796
storm,5996.0,5.648955933879739
storm,5997.0,4.225716733632248
storm,5998.0,0.612778124773582
storm,5999.0,0.7173892387934515
storm,6000.0,4.512351166675445
storm,6001.0,5.77900043449604
storm,6002.0,2.995444557094136
storm,6003.0,1.1498919740107771
storm,6004.0,3.6160930523087673
storm,6005.0,5.2782230397850025
storm,6006.0,2.7322616193411076
storm,6007.0,0.5381525036425245
storm,6008.0,3.0102510887592517
storm,6009.0,6.630058505105395
storm,6010.0,5.231745123737398
storm,6011.0,1.3267129798506347
storm,6012.0,0.5694694578032734
storm,6013.0,3.121211426727513
storm,6014.0,4.791235946276994
storm,6015.0,3.9497300520550813
storm,6016.0,3.4333944189659262
storm,6017.0,4.049298380665607
storm,6018.0,3.5027863648380793
storm,6019.0,2.0123236113238563
storm,6020.0,1.7089442878578125
storm,6021.0,3.2587476388846226
storm,6022.0,4.407211878225402
storm,6023.0,4.053402965059172
storm,6024.0,3.6598080125300227
storm,6025.0,3.509454978892843
storm,6026.0,2.5510913629921115
storm,6027.0,1.675234909965665
storm,6028.0,2.652171501837524
storm,6029.0,4.511628549644732
storm,6030.0,4.851648822132176
storm,6031.0,3.2122794608972125
storm,6032.0,2.2480836998592735
storm,6033.0,2.9036639130358206
storm,6034.0,3.326325457180653
storm,6035.0,2.770528496446166
storm,6036.0,2.803742006057922
storm,6037.0,4.106011257495238
storm,6038.0,4.79717311110098
storm,6039.0,3.6351140032232703
storm,6040.0,1.9682943445336152
storm,6041.0,1.7494367859788962
storm,6042.0,3.066132040463368
storm,6043.0,4.443922305148366
storm,6044.0,4.467521211951351
storm,6045.0,3.1776291174420965
storm,6046.0,2.001921125758017
storm,6047.0,2.475107894510677
storm,6048.0,4.21314806361027
storm,6049.0,4.286793028017332
storm,6050.0,2.5352034954748013
storm,6051.0,2.157167651112838
storm,6052.0,4.196058570272911
storm,6053.0,5.418792625022757
storm,6054.0,2.708809746930075
storm,6055.0,0.13891940415155316
storm,6056.0,2.0314431545869214
storm,6057.0,6.181705439510195
storm,6058.0,6.198760529527114
storm,6059.0,2.2382685128814845
storm,6060.0,0.9865201854263624
storm,6061.0,3.4381852863039755
storm,6062.0,4.647602086221458
storm,6063.0,2.406208299370928
storm,6064.0,1.4845994189424772
storm,6065.0,4.166042000128389
storm,6066.0,6.292207192845076
storm,6067.0,3.820802832495325
storm,6068.0,0.7008053742944421
storm,6069.0,1.5609701257718667
storm,6070.0,4.016684706356342
storm,6071.0,4.373594408811863
storm,6072.0,3.3598219286130107
storm,6073.0,3.7955068948155106
storm,6074.0,4.3070758414699695
storm,6075.0,2.6059679723832887
storm,6076.0,1.0148602463923087
storm,6077.0,2.455982032292958
storm,6078.0,5.046082298600527
storm,6079.0,4.862638522531671
storm,6080.0,2.836997935296647
storm,6081.0,2.898699734946513
storm,6082.0,3.926865044437411
storm,6083.0,2.872672699450121
storm,6084.0,1.0460868447450689
storm,6085.0,2.577977525528513
storm,6086.0,5.632568933294543
storm,6087.0,5.2613754055971516
storm,6088.0,1.7642065255850943
storm,6089.0,0.38854832858138905
storm,6090.0,3.5766200918532656
storm,6091.0,5.2361645102019425
storm,6092.0,3.266607368287755
storm,6093.0,1.7470009968577582
storm,6094.0,3.5960718059308485
storm,6095.0,5.247125104355499
storm,6096.0,3.2341383188314317
storm,6097.0,0.8152750725820381
storm,6098.0,1.7305535033817028
storm,6099.0,5.143616231716954
storm,6100.0,5.940173981847585
storm,6101.0,3.556898629172129
storm,6102.0,1.8435200801361196
storm,6103.0,2.062593161316327
storm,6104.0,3.0275882823453353
storm,6105.0,3.660310759477012
storm,6106.0,3.93699230925195
storm,6107.0,3.772562419999058
storm,6108.0,3.2299810598671646
storm,6109.0,2.9784347336833163
storm,6110.0,3.1466823648873565
storm,6111.0,2.9284788677621676
storm,6112.0,2.407526039741947
storm,6113.0,2.947270465444313
storm,6114.0,4.332460732735075
storm,6115.0,4.875626556539399
storm,6116.0,3.3050379906239615
storm,6117.0,1.6217490818183258
storm,6118.0,2.003981674854101
storm,6119.0,3.2261573921481275
storm,6120.0,3.8852547689133528
storm,6121.0,3.92502534100823
storm,6122.0,4.002139086778157
storm,6123.0,3.715821766582057
storm,6124.0,2.8604981198654094
storm,6125.0,2.2939442644302317
storm,6126.0,2.644526808649238
storm,6127.0,3.1698609938987476
storm,6128.0,3.470900458269967
storm,6129.0,4.119080469820579
storm,6130.0,4.509805960756798
storm,6131.0,3.10466078262133
storm,6132.0,1.2651214250208982
storm,6133.0,1.9499630454163834
storm,6134.0,4.644311407803208
storm,6135.0,5.3593038905798895
storm,6136.0,2.9072363840105018
storm,6137.0,1.5909685488887828
storm,6138.0,3.4891248058596576
storm,6139.0,4.708187341316242
storm,6140.0,2.4426864973700013
storm,6141.0,0.8352063592528514
storm,6142.0,3.693807109731427
storm,6143.0,7.186059668420904
storm,6144.0,4.780373391416899
storm,6145.0,0.09765099718528904
storm,6146.0,0.24242493123341408
storm,6147.0,4.767891083281847
storm,6148.0,6.454969054053494
storm,6149.0,3.109565713558446
storm,6150.0,1.4013224216391662
storm,6151.0,3.4571677255363173
storm,6152.0,4.997764343483523
storm,6153.0,2.565032407966312
storm,6154.0,0.8579882742755942
storm,6155.0,3.1148565254247855
storm,6156.0,5.94588845821748
storm,6157.0,5.068927636509644
storm,6158.0,2.306383882416469
storm,6159.0,1.8376682700529372
storm,6160.0,2.5929457975853905
storm,6161.0,2.7313328491802897
storm,6162.0,3.116539829101756
storm,6163.0,4.938758051928041
storm,6164.0,5.341075372880771
storm,6165.0,2.9981457255122295
storm,6166.0,1.0965803161363306
storm,6167.0,2.3039627058862666
storm,6168.0,4.41250256165975
storm,6169.0,3.849479908910088
storm,6170.0,2.3732379374285295
storm,6171.0,3.255358080938867
storm,6172.0,4.909961918966999
storm,6173.0,3.86037063723906
storm,6174.0,0.9876308433082417
storm,6175.0,1.2765845664460684
storm,6176.0,4.3463908334326025
storm,6177.0,5.2187616665644265
storm,6178.0,3.391866974033362
storm,6179.0,1.8488353849988164
storm,6180.0,2.93217873223634
storm,6181.0,3.911451110378191
storm,6182.0,2.9600948638239304
storm,6183.0,2.1471387811542266
storm,6184.0,3.262546173075019
storm,6185.0,4.954579405048047
storm,6186.0,4.408406960516996
storm,6187.0,2.6492514420999544
storm,6188.0,1.7125036806500176
storm,6189.0,2.4397021582875604
storm,6190.0,3.924300276399236
storm,6191.0,4.460618710876988
storm,6192.0,3.747796998012055
storm,6193.0,2.504961936349562
storm,6194.0,2.1536205572066174
storm,6195.0,3.235027889212264
storm,6196.0,3.908496216711759
storm,6197.0,3.175693683674014
storm,6198.0,2.7471793255076395
storm,6199.0,3.9449316488984847
storm,6200.0,4.800389872456043
storm,6201.0,3.2393640868864684
storm,6202.0,1.0215368749191442
storm,6203.0,1.5319121990347597
storm,6204.0,4.08583281223874
storm,6205.0,5.348455766367829
storm,6206.0,4.175192805066232
storm,6207.0,2.8704325322577877
storm,6208.0,2.7581176205296525
storm,6209.0,2.531231329039399
storm,6210.0,2.24203032924336
storm,6211.0,3.193083721452432
storm,6212.0,4.702894907922732
storm,6213.0,4.3382855566418606
storm,6214.0,2.8412420689473743
storm,6215.0,2.5980047081598983
storm,6216.0,3.4071464704321017
storm,6217.0,2.806459135305438
storm,6218.0,1.7656713410107454
storm,6219.0,3.269053678945264
storm,6220.0,6.431931420301157
storm,6221.0,5.563037498616889
storm,6222.0,1.1979865047535256
storm,6223.0,0.07398920244303395
storm,6224.0,3.3715148715829226
storm,6225.0,6.256957932142128
storm,6226.0,3.892888555236114
storm,6227.0,1.302279442668968
storm,6228.0,3.1282065501792577
storm,6229.0,5.597452271638545
storm,6230.0,3.5255449023110557
storm,6231.0,0.10632568582964597
storm,6232.0,1.8141267623627881
storm,6233.0,5.940733732671498
storm,6234.0,5.745955575887693
storm,6235.0,1.8344066785249975
storm,6236.0,0.44911116843826565
storm,6237.0,3.4122500716168775
storm,6238.0,5.454051776182966
storm,6239.0,3.4043650498843694
storm,6240.0,2.020481094510775
storm,6241.0,3.5537709455937128
storm,6242.0,4.969055481466461
storm,6243.0,3.2854586875000567
storm,6244.0,1.3515056081811843
storm,6245.0,2.1379892026242153
storm,6246.0,3.933549422996253
storm,6247.0,4.514917913443542
storm,6248.0,4.056040559077491
storm,6249.0,3.681201444762668
storm,6250.0,2.8973172628328707
storm,6251.0,1.8054805475518427
storm,6252.0,2.051044516049446
storm,6253.0,4.218697680786442
storm,6254.0,4.984363248474857
storm,6255.0,3.4097366318231708
storm,6256.0,2.223255180206053
storm,6257.0,3.0787829592139953
storm,6258.0,3.9761989992596196
storm,6259.0,2.769748486538766
storm,6260.0,1.6768802362152029
storm,6261.0,3.19596933577706
storm,6262.0,5.55270781715891
storm,6263.0,5.090346986576798
storm,6264.0,2.3797701822531243
storm,6265.0,1.047924916971979
storm,6266.0,2.2834747871473926
storm,6267.0,3.7827805416967806
storm,6268.0,4.144121403022047
storm,6269.0,3.782916046267311
storm,6270.0,3.40100199457972
storm,6271.0,3.256522582750184
storm,6272.0,3.0961956617021316
storm,6273.0,2.782595595973585
storm,6274.0,2.4727243848239544
storm,6275.0,2.9307898710550124
storm,6276.0,4.294673660123806
storm,6277.0,4.856438698122602
storm,6278.0,3.3099269669802482
storm,6279.0,1.0238260267006487
storm,6280.0,1.5598992620723553
storm,6281.0,4.361065045737418
storm,6282.0,5.339652497227984
storm,6283.0,3.4884089417625046
storm,6284.0,2.0326386658208495
storm,6285.0,3.1106196536351516
storm,6286.0,3.7938780259090183
storm,6287.0,2.489502983999706
storm,6288.0,1.630180340488016
storm,6289.0,3.854686727299823
storm,6290.0,5.803682981587536
storm,6291.0,4.124778224054101
storm,6292.0,1.399881998665282
storm,6293.0,1.3928547693948037
storm,6294.0,3.6444751959413835
storm,6295.0,4.255146919998155
storm,6296.0,3.3909628181867095
storm,6297.0,3.6159809910427425
storm,6298.0,4.218227689919228
storm,6299.0,2.9547061650979947
storm,6300.0,1.2968699173775957
storm,6301.0,2.227406079585976
storm,6302.0,4.722533090344593
storm,6303.0,4.583651150943412
storm,6304.0,2.7510465973916833
storm,6305.0,3.0760606619496333
storm,6306.0,4.78459096638085
storm,6307.0,3.4472664986555195
storm,6308.0,0.5688089826572527
storm,6309.0,1.2229993086737994
storm,6310.0,5.650457500906646
storm,6311.0,7.32381769846595
storm,6312.0,2.883407500318544
storm,6313.0,0.10341557723973704
storm,6314.0,2.5858978238306376
storm,6315.0,5.7806548660619335
storm,6316.0,3.9420912113292874
storm,6317.0,1.0243714937536337
storm,6318.0,2.4681671306316115
storm,6319.0,5.680239126476772
storm,6320.0,5.156381143929195
storm,6321.0,1.1353086386881668
storm,6322.0,0.5202182464296891
storm,6323.0,3.7079303558692067
storm,6324.0,5.4784999932837515
storm,6325.0,3.8988517940874803
storm,6326.0,2.310599018068674
storm,6327.0,2.914035428651805
storm,6328.0,3.674515300302907
storm,6329.0,2.939078030841263
storm,6330.0,2.4131650062925973
storm,6331.0,3.197117799620539
storm,6332.0,4.161344339875015
storm,6333.0,4.120425817612896
storm,6334.0,3.314690287256961
storm,6335.0,2.6664326784873964
storm,6336.0,2.2696798939273832
storm,6337.0,2.552720079705011
storm,6338.0,4.066765502828903
storm,6339.0,5.144872295329812
storm,6340.0,3.928308551439735
storm,6341.0,2.019138295918607
storm,6342.0,1.640605891653075
storm,6343.0,3.091221536165401
storm,6344.0,4.038932655379923
storm,6345.0,3.614727561187798
storm,6346.0,3.569093971622117
storm,6347.0,4.244380114387163
storm,6348.0,3.86215641891809
storm,6349.0,2.2827820259386926
storm,6350.0,1.48501345212507
storm,6351.0,2.5040631601580285
storm,6352.0,4.3686264093922995
storm,6353.0,5.057016186625039
storm,6354.0,4.241147709071699
storm,6355.0,2.7722361350819695
storm,6356.0,1.5743483049832079
storm,6357.0,2.0388717499602182
storm,6358.0,3.771374718892216
storm,6359.0,4.606149614043388
storm,6360.0,3.5769324157212923
storm,6361.0,2.548787145793346
storm,6362.0,3.4277431522584756
storm,6363.0,4.077069914357129
storm,6364.0,2.5211388818611344
storm,6365.0,0.9059299396339648
storm,6366.0,2.9475480933196674
storm,6367.0,6.232557314708325
storm,6368.0,5.478547400626303
storm,6369.0,1.5575661895783535
storm,6370.0,0.32987299886357974
storm,6371.0,3.36808311741612
storm,6372.0,5.18763802096004
storm,6373.0,3.4206414728170786
storm,6374.0,1.880035332683695
storm,6375.0,3.518688024664188
storm,6376.0,4.786055906456722
storm,6377.0,3.0144377341307096
storm,6378.0,1.0526031331121113
storm,6379.0,2.7614238287376094
storm,6380.0,5.16825578925087
storm,6381.0,4.186338483753346
storm,6382.0,2.367489556750812
storm,6383.0,2.5582656672343655
storm,6384.0,3.7137182691852884
storm,6385.0,2.897355956024848
storm,6386.0,1.9189354225476554
storm,6387.0,3.554608509969218
storm,6388.0,5.674510878036977
storm,6389.0,4.269458931720016
storm,6390.0,1.5236658421608475
storm,6391.0,1.8300043149608232
storm,6392.0,4.103262139649887
storm,6393.0,3.86477253808042
storm,6394.0,1.9408074755076732
storm,6395.0,2.733546347419957
storm,6396.0,5.880278237342146
storm,6397.0,5.529371855951142
storm,6398.0,1.2043773352721137
storm,6399.0,-0.03609181077512413
storm,6400.0,3.3352551653095457
storm,6401.0,6.512653442272978
storm,6402.0,4.572859931835385
storm,6403.0,1.6893288895776177
storm,6404.0,2.522981402893938
storm,6405.0,4.430147647572878
storm,6406.0,3.487448494932646
storm,6407.0,1.201272467322724
storm,6408.0,1.9931811989589727
storm,6409.0,5.0606675004218244
storm,6410.0,6.1134981236816355
storm,6411.0,3.5070209292960253
storm,6412.0,1.2018049304869955
storm,6413.0,1.6520490096981446
storm,6414.0,3.3433164413384846
storm,6415.0,4.357643167065494
storm,6416.0,4.064346950870102
storm,6417.0,3.2489058716156753
storm,6418.0,2.821429130619926
storm,6419.0,3.061808567521551
storm,6420.0,3.3637153160965503
storm,6421.0,2.969302600377594
storm,6422.0,2.6346486099933424
storm,6423.0,3.5555144403455814
storm,6424.0,4.921828314634825
storm,6425.0,4.140870689808079
storm,6426.0,1.866277378402629
storm,6427.0,1.1320621888837228
storm,6428.0,3.1110042360155803
storm,6429.0,5.425786865315789
storm,6430.0,4.790212865737606
storm,6431.0,2.9702488076704228
storm,6432.0,2.463288886760257
storm,6433.0,2.815566926288137
storm,6434.0,2.772018328418209
storm,6435.0,2.8397068382452764
storm,6436.0,3.7472024388875727
storm,6437.0,4.3646982655032165
storm,6438.0,3.68758480780438
storm,6439.0,2.845651216352902
storm,6440.0,2.808859203263171
storm,6441.0,2.739567608432072
storm,6442.0,2.309379395573381
storm,6443.0,3.1873804506862426
storm,6444.0,4.974480149352071
storm,6445.0,4.9295515776330365
storm,6446.0,2.384139614233376
storm,6447.0,0.7789828613121449
storm,6448.0,2.779061852140202
storm,6449.0,4.674046852466325
storm,6450.0,3.520527419083264
storm,6451.0,1.8289430010435932
storm,6452.0,3.649183677063975
storm,6453.0,5.963284259369487
storm,6454.0,3.918515711981128
storm,6455.0,0.14589871060405973
storm,6456.0,0.7527301563109811
storm,6457.0,4.928482912928407
storm,6458.0,5.97905862829545
storm,6459.0,2.967366647277669
storm,6460.0,1.0223864604552817
storm,6461.0,3.309064275768847
storm,6462.0,4.812014415214494
storm,6463.0,2.8205640090424415
storm,6464.0,1.4380646383999982
storm,6465.0,3.5636547160507566
storm,6466.0,5.5511376686386535
storm,6467.0,3.942522939494788
storm,6468.0,1.5903114355988164
storm,6469.0,1.9573500098354877
storm,6470.0,3.726333079520834
storm,6471.0,3.6593590539571705
storm,6472.0,3.1066857461721438
storm,6473.0,4.089651644086449
storm,6474.0,4.6668458398676975
storm,6475.0,2.580745102114494
storm,6476.0,0.912716762625526
storm,6477.0,2.630493848292393
storm,6478.0,5.281734726974283
storm,6479.0,4.631109781546289
storm,6480.0,2.2531174238854135
storm,6481.0,2.3718546672525105
storm,6482.0,4.2672165543008145
storm,6483.0,3.7261436368675653
storm,6484.0,1.3966356100445767
storm,6485.0,1.8638248271558433
storm,6486.0,5.279462610444043
storm,6487.0,6.671675967554642
storm,6488.0,3.2576686156706254
storm,6489.0,0.5380194191001845
storm,6490.0,1.4729701371983135
storm,6491.0,4.0127257419516225
storm,6492.0,4.974970308723283
storm,6493.0,3.748020215146991
storm,6494.0,3.2113688247312915
storm,6495.0,3.5834007527093785
storm,6496.0,3.4434164507076606
storm,6497.0,2.395051677852313
storm,6498.0,1.8543063317262
storm,6499.0,2.8368257848035245
storm,6500.0,4.474997204016234
storm,6501.0,5.075920766466587
storm,6502.0,3.6285242431269724
storm,6503.0,1.5988061814766594
storm,6504.0,1.5464007585936068
storm,6505.0,3.6564758650320486
storm,6506.0,4.846327054137112
storm,6507.0,3.5489119278253365
storm,6508.0,2.3458346552065006
storm,6509.0,3.2979314339146284
storm,6510.0,4.557195578833213
storm,6511.0,3.175194236656262
storm,6512.0,1.2803255873334223
storm,6513.0,2.2006660219106746
storm,6514.0,5.181313114356644
storm,6515.0,5.625275472759506
storm,6516.0,2.8601534216612277
storm,6517.0,1.410665482663561
storm,6518.0,2.6671142721264194
storm,6519.0,4.086255282455421
storm,6520.0,3.6108058417159077
storm,6521.0,3.1027641460600495
storm,6522.0,3.582815412210673
storm,6523.0,3.628817263227865
storm,6524.0,2.484703503961296
storm,6525.0,2.316030450605071
storm,6526.0,3.5719299310303456
storm,6527.0,3.8947030521211268
storm,6528.0,2.9897652424857744
storm,6529.0,3.291231849456362
storm,6530.0,4.677149129396581
storm,6531.0,3.8886159518916266
storm,6532.0,1.0055036916252815
storm,6533.0,0.5899507010423369
storm,6534.0,4.317055312011112
storm,6535.0,6.619760929708671
storm,6536.0,4.026819967100057
storm,6537.0,0.9202477659651842
storm,6538.0,2.3598587831647078
storm,6539.0,4.785961840270317
storm,6540.0,3.3758989774933874
storm,6541.0,0.8995119567668161
storm,6542.0,2.507437133079507
storm,6543.0,6.334303843923447
storm,6544.0,5.780261645477968
storm,6545.0,1.4222106190775894
storm,6546.0,-0.0690287734556905
storm,6547.0,3.0761278750823666
storm,6548.0,5.150738994372047
storm,6549.0,3.905607965149693
storm,6550.0,2.6261738782641393
storm,6551.0,3.8343995581504315
storm,6552.0,4.242681920531715
storm,6553.0,2.3057039813638043
storm,6554.0,1.2144555474871854
storm,6555.0,3.02355002134446
storm,6556.0,5.325634726400037
storm,6557.0,4.555641420700941
storm,6558.0,2.8657885192364754
storm,6559.0,2.678171298206941
storm,6560.0,3.043678088542793
storm,6561.0,2.5471820670229177
storm,6562.0,2.67179283703179
storm,6563.0,4.10897016064314
storm,6564.0,4.7655549113695175
storm,6565.0,3.1420895914947504
storm,6566.0,1.4378910593302117
storm,6567.0,2.393093757191094
storm,6568.0,4.309358932274489
storm,6569.0,4.0880632673837205
storm,6570.0,2.767041844913071
storm,6571.0,3.095107983865608
storm,6572.0,4.400274339350468
storm,6573.0,3.870430368292951
storm,6574.0,1.80594186164753
storm,6575.0,1.342928353569975
storm,6576.0,3.3092131939232816
storm,6577.0,5.567597203705125
storm,6578.0,5.206347078347556
storm,6579.0,2.8797351478035624
storm,6580.0,1.5435322469911266
storm,6581.0,2.091464522785779
storm,6582.0,3.8260593698170324
storm,6583.0,4.566874859953751
storm,6584.0,3.428346646892734
storm,6585.0,2.58976317556702
storm,6586.0,3.414154352002121
storm,6587.0,4.498770966173978
storm,6588.0,3.1232984288020105
storm,6589.0,0.9947026694889992
storm,6590.0,1.8923126127570224
storm,6591.0,5.170207677414917
storm,6592.0,6.2407059229250015
storm,6593.0,3.164684633167278
storm,6594.0,0.923486091779239
storm,6595.0,2.452482882566042
storm,6596.0,4.3582040365771295
storm,6597.0,3.319743933335637
storm,6598.0,1.8775848438842606
storm,6599.0,3.4007948506652674
storm,6600.0,5.829228986079993
storm,6601.0,4.441574682457424
storm,6602.0,1.1975237711655895
storm,6603.0,1.2150741754355665
storm,6604.0,3.8162601388243784
storm,6605.0,4.8585135058010325
storm,6606.0,3.453398685146673
storm,6607.0,2.8025908618206077
storm,6608.0,3.5378684787893886
storm,6609.0,3.225167261890738
storm,6610.0,1.9367220190104004
storm,6611.0,2.594631643532219
storm,6612.0,4.605062453514811
storm,6613.0,4.803790215076367
storm,6614.0,2.743147352141167
storm,6615.0,2.21123377228976
storm,6616.0,3.4418875213093947
storm,6617.0,3.2959502030141206
storm,6618.0,1.7699484026401144
storm,6619.0,2.6038580950176367
storm,6620.0,5.850305900963967
storm,6621.0,5.620986065136841
storm,6622.0,1.7199824457155664
storm,6623.0,-0.5316322688767116
storm,6624.0,2.8827049802418876
storm,6625.0,6.454193870643315
storm,6626.0,4.610734067958157
storm,6627.0,1.5595676756327252
storm,6628.0,2.336413381590608
storm,6629.0,4.941192551076345
storm,6630.0,3.9416175186729645
storm,6631.0,0.8612004736062556
storm,6632.0,1.224380236049247
storm,6633.0,5.11304046237102
storm,6634.0,6.628413478099398
storm,6635.0,3.7519166955398697
storm,6636.0,1.2183226895510115
storm,6637.0,1.8346014707639038
storm,6638.0,3.202105267353517
storm,6639.0,3.4300914687433512
storm,6640.0,3.5325248337882473
storm,6641.0,4.289157276261132
storm,6642.0,4.159540471170792
storm,6643.0,2.8744891321352957
storm,6644.0,2.1927551838068635
storm,6645.0,2.7915018608591953
storm,6646.0,3.492565367959161
storm,6647.0,3.417908876601749
storm,6648.0,3.4744841736903145
storm,6649.0,3.880800012200744
storm,6650.0,3.5245496124164974
storm,6651.0,2.152208367178241
storm,6652.0,2.0578048712289734
storm,6653.0,3.407445375192038
storm,6654.0,4.230764177918227
storm,6655.0,3.7841233432217605
storm,6656.0,3.0757030980381166
storm,6657.0,3.132932774112026
storm,6658.0,3.205122345733053
storm,6659.0,2.784279248204316
storm,6660.0,2.661355476210875
storm,6661.0,3.282860023310289
storm,6662.0,3.99634444892285
storm,6663.0,4.1454475712487096
storm,6664.0,3.5369005552367527
storm,6665.0,2.480549360487394
storm,6666.0,1.8140732252269036
storm,6667.0,2.7128993342326173
storm,6668.0,4.798029131788771
storm,6669.0,5.175906623680336
storm,6670.0,2.9912581344164164
storm,6671.0,1.3278560943648072
storm,6672.0,2.5455805148132624
storm,6673.0,4.5715581258212135
storm,6674.0,3.5859086207134037
storm,6675.0,1.7330821912893006
storm,6676.0,3.1272377093944073
storm,6677.0,6.3429660791564535
storm,6678.0,5.2273041811809655
storm,6679.0,0.757599448624357
storm,6680.0,-0.2137913440417292
storm,6681.0,3.512638801154527
storm,6682.0,6.899144032651433
storm,6683.0,4.714065752651872
storm,6684.0,1.5973429870110953
storm,6685.0,2.414820536373707
storm,6686.0,4.390534914141929
storm,6687.0,3.286069274949849
storm,6688.0,1.34898388862088
storm,6689.0,2.6956497264691532
storm,6690.0,5.3251384794454255
storm,6691.0,5.047315171466861
storm,6692.0,2.3544350065431496
storm,6693.0,1.6217461148681553
storm,6694.0,2.9002442350988256
storm,6695.0,3.329208188257661
storm,6696.0,3.0241009584465948
storm,6697.0,4.077903547115066
storm,6698.0,5.190111652233633
storm,6699.0,3.5106420159717464
storm,6700.0,1.0689865487184227
storm,6701.0,1.775851599783319
storm,6702.0,4.4247080828387615
storm,6703.0,4.787464875889635
storm,6704.0,2.6701634217073145
storm,6705.0,2.413144585085956
storm,6706.0,4.212164672840825
storm,6707.0,4.0989662382219425
storm,6708.0,1.4778077879074827
storm,6709.0,1.103093597852279
storm,6710.0,4.736988736054472
storm,6711.0,5.945637359502593
storm,6712.0,3.170965755289048
storm,6713.0,0.579443798315567
storm,6714.0,1.926501305016996
storm,6715.0,4.955647949924318
storm,6716.0,4.337966572222978
storm,6717.0,2.199860708544842
storm,6718.0,2.6070020064280177
storm,6719.0,4.94042277840338
storm,6720.0,4.822297710459747
storm,6721.0,2.159209058784447
storm,6722.0,0.9475644680583318
storm,6723.0,2.561377563809982
storm,6724.0,4.7507803857400335
storm,6725.0,5.0160671912725405
storm,6726.0,3.7365843546564808
storm,6727.0,2.4675511060395072
storm,6728.0,2.1456056113112956
storm,6729.0,2.7461592259042944
storm,6730.0,3.5853307571911697
storm,6731.0,3.8103954799350843
storm,6732.0,3.406015422920038
storm,6733.0,3.516693424552594
storm,6734.0,3.968777293796661
storm,6735.0,3.3769986079264753
storm,6736.0,1.850345413104784
storm,6737.0,1.6726495693752874
storm,6738.0,3.501746759849039
storm,6739.0,5.067773537881817
storm,6740.0,4.565117265116921
storm,6741.0,2.8641144425303096
storm,6742.0,2.3012771140793054
storm,6743.0,2.5950142040273345
storm,6744.0,2.731209528723147
storm,6745.0,3.1957837018370086
storm,6746.0,4.195200879133773
storm,6747.0,4.295428172401729
storm,6748.0,3.065136002523441
storm,6749.0,2.3460133013010975
storm,6750.0,3.041703662141204
storm,6751.0,3.4613090690505026
storm,6752.0,2.818798921437916
storm,6753.0,3.0909612349345155
storm,6754.0,4.734807576892486
storm,6755.0,4.703799386244691
storm,6756.0,1.8345283758033835
storm,6757.0,0.37301274187336375
storm,6758.0,3.088661685802744
storm,6759.0,6.348127521311313
storm,6760.0,4.908272486563047
storm,6761.0,1.6079218880585269
storm,6762.0,2.0321380841565886
storm,6763.0,4.50550195106735
storm,6764.0,3.843950331004104
storm,6765.0,1.0096954539478453
storm,6766.0,1.6961847266275225
storm,6767.0,5.958351616642825
storm,6768.0,6.637617398195135
storm,6769.0,2.2589660402974987
storm,6770.0,-0.27885022712265634
storm,6771.0,2.283995703390033
storm,6772.0,5.851013800683641
storm,6773.0,4.737941305758303
storm,6774.0,2.306482420528066
storm,6775.0,2.8874962237477546
storm,6776.0,4.4163621471582
storm,6777.0,3.447645875595523
storm,6778.0,1.3511376770587578
storm,6779.0,2.0060241023547074
storm,6780.0,4.103514400739977
storm,6781.0,4.668426265221055
storm,6782.0,3.728022406206576
storm,6783.0,3.469590730124451
storm,6784.0,3.363413604785047
storm,6785.0,2.132351355883277
storm,6786.0,1.5743609416067317
storm,6787.0,3.4909393456794993
storm,6788.0,5.503191648178106
storm,6789.0,4.279109138787165
storm,6790.0,1.727549812084114
storm,6791.0,2.0086337402838748
storm,6792.0,4.262840494353444
storm,6793.0,4.176371279929472
storm,6794.0,2.1226070914989488
storm,6795.0,2.239766478984655
storm,6796.0,4.607829557343476
storm,6797.0,5.186126581833263
storm,6798.0,2.5150810850671435
storm,6799.0,0.5791336667856527
storm,6800.0,2.512242783374604
storm,6801.0,4.93892505153627
storm,6802.0,4.572019096737615
storm,6803.0,2.8767335627220785
storm,6804.0,2.4309968054727795
storm,6805.0,3.3482334960390023
storm,6806.0,3.4759551290622976
storm,6807.0,2.717337975037563
storm,6808.0,2.5675718356243924
storm,6809.0,3.559326736396217
storm,6810.0,4.6054012921299465
storm,6811.0,4.2652376163381005
storm,6812.0,2.608235222562973
storm,6813.0,1.255835393559911
storm,6814.0,2.0556950827374165
storm,6815.0,4.513604363052259
storm,6816.0,5.6133721876097225
storm,6817.0,3.884269108648176
storm,6818.0,1.9339304145176697
storm,6819.0,2.2853119492102287
storm,6820.0,3.3924122554066427
storm,6821.0,3.0811832494875873
storm,6822.0,2.2370970001794577
storm,6823.0,3.5506212602369134
storm,6824.0,5.72166325386782
storm,6825.0,4.803652227767377
storm,6826.0,1.7710794213171528
storm,6827.0,0.7689697018780786
storm,6828.0,2.8227103611121103
storm,6829.0,4.607279824999837
storm,6830.0,4.15133159919351
storm,6831.0,3.412266340696587
storm,6832.0,3.6085225106042427
storm,6833.0,3.1567661778493323
storm,6834.0,1.896907585845431
storm,6835.0,2.2093444321799325
storm,6836.0,4.314150882691429
storm,6837.0,4.770783230248548
storm,6838.0,3.003959957193675
storm,6839.0,2.341739056539826
storm,6840.0,3.8354562269695602
storm,6841.0,4.028203314947989
storm,6842.0,1.7344735767960768
storm,6843.0,1.3219884343286041
storm,6844.0,4.592747664529836
storm,6845.0,6.804670944705831
storm,6846.0,3.533437465462647
storm,6847.0,-0.06112603216498533
storm,6848.0,1.6461648056907294
storm,6849.0,5.525536293301435
storm,6850.0,5.13375050558677
storm,6851.0,1.7881980753856885
storm,6852.0,1.8090322336205054
storm,6853.0,4.731063908158784
storm,6854.0,4.937676113904887
storm,6855.0,1.5389049363028378
storm,6856.0,0.4905681780913596
storm,6857.0,4.086424174675372
storm,6858.0,6.424025021647754
storm,6859.0,4.047345901605306
storm,6860.0,1.548056971502331
storm,6861.0,2.1085055365316476
storm,6862.0,3.7222084105361457
storm,6863.0,3.363217136767015
storm,6864.0,2.5098862561758954
storm,6865.0,3.5031870769584366
storm,6866.0,4.766794801321119
storm,6867.0,4.088909279468045
storm,6868.0,2.454469579613686
storm,6869.0,2.2378920076841577
storm,6870.0,2.752224455045434
storm,6871.0,2.8715353601421363
storm,6872.0,3.4378821537861923
storm,6873.0,4.823678798725066
storm,6874.0,4.796813003854813
storm,6875.0,2.497004379237176
storm,6876.0,0.9944789679655555
storm,6877.0,2.406028862032357
storm,6878.0,4.594610661315329
storm,6879.0,4.535077234977832
storm,6880.0,3.0510734878890204
storm,6881.0,3.0383568934936998
storm,6882.0,3.95501742160627
storm,6883.0,3.269778194633355
storm,6884.0,1.7170429931771063
storm,6885.0,1.8985766313146342
storm,6886.0,4.150638494730492
storm,6887.0,5.576375930263122
storm,6888.0,4.290927725712496
storm,6889.0,2.102861575771363
storm,6890.0,1.403626327678248
storm,6891.0,2.678530572834956
storm,6892.0,4.288841104413469
storm,6893.0,4.475019830769374
storm,6894.0,3.274490948395726
storm,6895.0,2.311040624595708
storm,6896.0,2.915752088457101
storm,6897.0,3.8999446261137165
storm,6898.0,3.2261099551059047
storm,6899.0,1.9707850427855318
storm,6900.0,3.0090346806073565
storm,6901.0,5.445906648920464
storm,6902.0,5.112264520215129
storm,6903.0,1.7666734000115687
storm,6904.0,0.15673107236622927
storm,6905.0,2.7779528154212763
storm,6906.0,5.778193666641606
storm,6907.0,4.804596155988255
storm,6908.0,2.267038777712559
storm,6909.0,2.608775947346144
storm,6910.0,4.147343996341887
storm,6911.0,3.288061171573038
storm,6912.0,1.2945366228664619
storm,6913.0,2.284098517809463
storm,6914.0,5.262623637365121
storm,6915.0,5.26342836100904
storm,6916.0,2.680294019575876
storm,6917.0,1.5882997053600896
storm,6918.0,2.9353155477947777
storm,6919.0,3.5898094897841273
storm,6920.0,2.7323465215872855
storm,6921.0,3.2373643319733567
storm,6922.0,4.9716231793959915
storm,6923.0,4.565880004781798
storm,6924.0,1.9833848499227527
storm,6925.0,1.3644825851531779
storm,6926.0,3.5330730936011183
storm,6927.0,4.314554320862546
storm,6928.0,2.6307142803996957
storm,6929.0,2.343457995251023
storm,6930.0,4.956009008249718
storm,6931.0,5.720581199468681
storm,6932.0,2.038884006005753
storm,6933.0,-0.07121879172301983
storm,6934.0,2.816573815752233
storm,6935.0,6.148863618685663
storm,6936.0,4.811558561600353
storm,6937.0,1.3008072328787028
storm,6938.0,1.567703342106338
storm,6939.0,4.541602279979724
storm,6940.0,4.530775700101435
storm,6941.0,1.8593705860766643
storm,6942.0,1.7325953822774738
storm,6943.0,4.784970468001041
storm,6944.0,5.792536563003849
storm,6945.0,3.0265605011750645
storm,6946.0,0.7911529153582016
storm,6947.0,1.9022632170473663
storm,6948.0,4.278284285759821
storm,6949.0,4.755528239674642
storm,6950.0,3.8417231835300942
storm,6951.0,3.2161555142915423
storm,6952.0,2.8439196477736
storm,6953.0,2.446326985015318
storm,6954.0,2.645906961240021
storm,6955.0,3.5687174867085645
storm,6956.0,3.975537152438223
storm,6957.0,3.662655589179056
storm,6958.0,3.6165892285102705
storm,6959.0,3.551469228838336
storm,6960.0,2.544229782864348
storm,6961.0,1.5483331122048207
storm,6962.0,2.4551184659692757
storm,6963.0,4.887512094954043
storm,6964.0,5.743673646542521
storm,6965.0,3.766086102990043
storm,6966.0,1.8606347727229873
storm,6967.0,1.9104453975560096
storm,6968.0,2.839900453859737
storm,6969.0,3.433323487297703
storm,6970.0,3.755053521539895
storm,6971.0,4.106027252337408
storm,6972.0,3.9453975165286477
storm,6973.0,3.2146452274129573
storm,6974.0,2.5864745703503744
storm,6975.0,2.3888273400238376
storm,6976.0,2.6197020136679448
storm,6977.0,3.5369091103756083
storm,6978.0,4.627140193405987
storm,6979.0,4.381350082037177
storm,6980.0,2.363097449250516
storm,6981.0,1.023727861378106
storm,6982.0,2.894065645841582
storm,6983.0,5.125824029505563
storm,6984.0,4.168947849421336
storm,6985.0,1.9075412553262754
storm,6986.0,2.499939934571689
storm,6987.0,5.102060220172266
storm,6988.0,4.522454711647115
storm,6989.0,1.0654264243712968
storm,6990.0,0.6691377550313848
storm,6991.0,4.5518209659328805
storm,6992.0,6.714155865684213
storm,6993.0,3.6092214442492
storm,6994.0,0.3218215540980652
storm,6995.0,1.8969371700870046
storm,6996.0,5.087800687145072
storm,6997.0,4.405907772993747
storm,6998.0,2.0429171976049822
storm,6999.0,2.6786898863876214
storm,7000.0,4.825110125374514
storm,7001.0,4.200579522715166
storm,7002.0,1.5251361270314412
storm,7003.0,1.3724383337048134
storm,7004.0,3.7784568995574364
storm,7005.0,4.7787327787933345
storm,7006.0,3.7000575337587227
storm,7007.0,3.436423063868568
storm,7008.0,3.967380788925785
storm,7009.0,2.804207208555268
storm,7010.0,1.0633978430071396
storm,7011.0,2.090119681880587
storm,7012.0,5.196956594933092
storm,7013.0,5.603319567356336
storm,7014.0,2.8395022125244105
storm,7015.0,1.6926105773671434
storm,7016.0,3.5881741445468514
storm,7017.0,4.1594546504581755
storm,7018.0,2.0563827395166747
storm,7019.0,1.6346133208138205
storm,7020.0,4.499795568149875
storm,7021.0,6.4245688173723074
storm,7022.0,3.611412469985173
storm,7023.0,0.29339884084591034
storm,7024.0,1.366036214558668
storm,7025.0,4.3954363393943146
storm,7026.0,5.0256335880220915
storm,7027.0,3.1949211287666426
storm,7028.0,2.6875646106013344
storm,7029.0,3.8877371107777168
storm,7030.0,3.6799190927157235
storm,7031.0,2.1212329098389953
storm,7032.0,1.7354961296241578
storm,7033.0,3.5514313659916517
storm,7034.0,5.140936451772833
storm,7035.0,4.382275483675271
storm,7036.0,2.6683253537691596
storm,7037.0,1.7037585643414423
storm,7038.0,2.2428757855792423
storm,7039.0,3.8811769257416615
storm,7040.0,4.766776890107204
storm,7041.0,3.954025558128081
storm,7042.0,2.5511912332089315
storm,7043.0,2.272504790025255
storm,7044.0,3.268348185004595
storm,7045.0,3.629674482582582
storm,7046.0,2.757522497145084
storm,7047.0,2.691160866089579
storm,7048.0,4.307898317010678
storm,7049.0,5.159746968937569
storm,7050.0,3.3965329409869143
storm,7051.0,1.4017725550571905
storm,7052.0,1.7173724952416272
storm,7053.0,3.492720422700784
storm,7054.0,4.480794365098807
storm,7055.0,4.184041007185305
storm,7056.0,3.682092284749026
storm,7057.0,3.0741306487295006
storm,7058.0,2.2435803193442387
storm,7059.0,2.2830541993330233
storm,7060.0,3.5943643909629905
storm,7061.0,4.226951214551031
storm,7062.0,3.2998390269583937
storm,7063.0,2.9653891972211013
storm,7064.0,4.095056993961998
storm,7065.0,4.11510696657555
storm,7066.0,1.736819666023662
storm,7067.0,0.793945889706631
storm,7068.0,3.5772429482333603
storm,7069.0,6.532827450656596
storm,7070.0,4.798672417815028
storm,7071.0,1.0308821009556282
storm,7072.0,1.500219561760246
storm,7073.0,4.49452291863171
storm,7074.0,4.347456353153467
storm,7075.0,1.543990677653566
storm,7076.0,1.703017606086679
storm,7077.0,5.381084266532949
storm,7078.0,6.272699403812898
storm,7079.0,2.0845888696153705
storm,7080.0,-0.44392372039428
storm,7081.0,2.7547741211977863
storm,7082.0,6.045711632812611
storm,7083.0,4.625444908809508
storm,7084.0,1.7907308975725682
storm,7085.0,2.203085962863198
storm,7086.0,4.200794223188646
storm,7087.0,3.524165253933253
storm,7088.0,1.7136713792756784
storm,7089.0,2.606217522840177
storm,7090.0,5.188688709846957
storm,7091.0,5.183437949015434
storm,7092.0,2.7368351983314634
storm,7093.0,1.777155468398175
storm,7094.0,2.547565312102412
storm,7095.0,3.048059539026576
storm,7096.0,3.231973148412922
storm,7097.0,4.4771396027212536
storm,7098.0,5.0878356194571275
storm,7099.0,3.1952824730770226
storm,7100.0,0.9113469593907241
storm,7101.0,1.5230415255209278
storm,7102.0,4.661169617034342
storm,7103.0,5.2240314219311434
storm,7104.0,3.1263671492159304
storm,7105.0,2.387221649823331
storm,7106.0,3.875975128996066
storm,7107.0,4.2574787451608405
storm,7108.0,2.052112954458955
storm,7109.0,1.0222499485745236
storm,7110.0,3.1796719034172694
storm,7111.0,5.900540278661076
storm,7112.0,5.37596465725017
storm,7113.0,2.5671327901472423
storm,7114.0,1.4475928035061514
storm,7115.0,2.424819979786937
storm,7116.0,3.5404567994237826
storm,7117.0,3.802162455013723
storm,7118.0,3.5314706094909916
storm,7119.0,3.376743840096467
storm,7120.0,3.456709945522297
storm,7121.0,3.426982350710537
storm,7122.0,2.881087521941438
storm,7123.0,2.1919511998285204
storm,7124.0,2.8055318715748148
storm,7125.0,4.323387629312916
storm,7126.0,4.615726766759596
storm,7127.0,3.0771114197769607
storm,7128.0,1.3541031919125386
storm,7129.0,2.329030463115903
storm,7130.0,4.338528687113679
storm,7131.0,4.06039526640287
storm,7132.0,2.60700934151876
storm,7133.0,2.833466197325774
storm,7134.0,4.551214855091697
storm,7135.0,4.157598671380461
storm,7136.0,1.8653284400660308
storm,7137.0,1.4118161211472493
storm,7138.0,3.6767682216358564
storm,7139.0,5.2120698440946285
storm,7140.0,3.9789105863645515
storm,7141.0,2.454190707015439
storm,7142.0,2.5860123551794483
storm,7143.0,2.968619844923523
storm,7144.0,2.5770919521888302
storm,7145.0,3.123274684247558
storm,7146.0,4.809207120681562
storm,7147.0,4.805978117475452
storm,7148.0,2.563488693884032
storm,7149.0,1.557206054954086
storm,7150.0,3.0781306650334233
storm,7151.0,3.919354259481951
storm,7152.0,2.505818702648822
storm,7153.0,2.263214222614062
storm,7154.0,5.300436267940979
storm,7155.0,6.609615051839957
storm,7156.0,2.61116559488663
storm,7157.0,-0.6745687847801939
storm,7158.0,1.515118277766112
storm,7159.0,6.26145145941368
storm,7160.0,6.248689957918887
storm,7161.0,2.0123868820911137
storm,7162.0,1.2253007624724217
storm,7163.0,4.1337769771522535
storm,7164.0,4.995364781657936
storm,7165.0,1.8200468509563128
storm,7166.0,0.8348239212588762
storm,7167.0,4.107482496433977
storm,7168.0,6.350640979804775
storm,7169.0,3.969618657017428
storm,7170.0,0.7264644242890734
storm,7171.0,1.5224227171580622
storm,7172.0,3.9562012487981026
storm,7173.0,4.235579778819866
storm,7174.0,3.192135380732877
storm,7175.0,3.4262144203714757
storm,7176.0,4.113906610752767
storm,7177.0,3.2053978854528693
storm,7178.0,1.9846862219624462
storm,7179.0,2.4929008822373007
storm,7180.0,3.934932048388368
storm,7181.0,4.195972079477657
storm,7182.0,3.502094531165549
storm,7183.0,3.2353281403275487
storm,7184.0,3.0065454020250364
storm,7185.0,2.217190618120127
storm,7186.0,2.1484780224749156
storm,7187.0,4.077880611980292
storm,7188.0,5.266911553012603
storm,7189.0,3.8091887797516173
storm,7190.0,2.028209820237024
storm,7191.0,2.033545092667622
storm,7192.0,3.5047442403963993
storm,7193.0,3.6914332130704643
storm,7194.0,2.7468112645476848
storm,7195.0,2.944825483551242
storm,7196.0,4.415932607968294
storm,7197.0,4.8993712282288
storm,7198.0,3.202367625864173
storm,7199.0,1.5980794055746392
storm,7200.0,1.7519942676999625
calm,0.0,1.242033305399441
calm,1.0,1.0147694507483132
calm,2.0,0.4758574503636992
calm,3.0,0.3321796379016082
calm,4.0,0.7283842037456424
calm,5.0,1.2639306707504008
calm,6.0,1.3020172501374527
calm,7.0,0.8060836984100196
calm,8.0,0.4039708954121653
calm,9.0,0.5187183743110393
calm,10.0,0.9953499006120855
calm,11.0,1.1438394075519163
calm,12.0,0.7863073162364329
calm,13.0,0.5994366672662857
calm,14.0,0.9097256611447383
calm,15.0,1.1554066334304423
calm,16.0,0.7086870312190359
calm,17.0,0.24147119347228485
calm,18.0,0.6305218805822037
calm,19.0,1.4383613430342674
calm,20.0,1.39993054251064
calm,21.0,0.568107111946015
calm,22.0,0.2358935367870589
calm,23.0,0.7157114998764398
calm,24.0,1.1536910871619535
calm,25.0,0.890823387274264
calm,26.0,0.6718088899162715
calm,27.0,0.9874967654578402
calm,28.0,1.1355192842440383
calm,29.0,0.6975000344223664
calm,30.0,0.3215431551815004
calm,31.0,0.6326781376818802
calm,32.0,1.1330459329358102
calm,33.0,1.0640577429328955
calm,34.0,0.8126589278213046
calm,35.0,0.8818584663515466
calm,36.0,0.9297663744109006
calm,37.0,0.5651513605866744
calm,38.0,0.3703215434044189
calm,39.0,0.8365817366739837
calm,40.0,1.2682871153955708
calm,41.0,1.0110826794126426
calm,42.0,0.5254194646290252
calm,43.0,0.7348654023942757
calm,44.0,1.0915907568192433
calm,45.0,0.7538805184036528
calm,46.0,0.259292529742165
calm,47.0,0.652402563977583
calm,48.0,1.5100409563629056
calm,49.0,1.3838683420087996
calm,50.0,0.3949735182103707
calm,51.0,0.07448155510931384
calm,52.0,0.8954980652222825
calm,53.0,1.3373668621341492
calm,54.0,0.8225638263161369
calm,55.0,0.41079467137166353
calm,56.0,0.8534603575342412
calm,57.0,1.34351330367437
calm,58.0,0.8858441163684996
calm,59.0,0.277073476000296
calm,60.0,0.49386945246367764
calm,61.0,1.1571823820463254
calm,62.0,1.286430385247268
calm,63.0,0.8429138783733838
calm,64.0,0.5498287745243385
calm,65.0,0.6205859949713987
calm,66.0,0.713852089324622
calm,67.0,0.7970758812437538
calm,68.0,1.0313601998489403
calm,69.0,1.1560272387554134
calm,70.0,0.8710806069575139
calm,71.0,0.5488973105342523
calm,72.0,0.5858575761209441
calm,73.0,0.8188282344372596
calm,74.0,0.8687478941963922
calm,75.0,0.8386030918215991
calm,76.0,1.0027336688870903
calm,77.0,1.1218193277512936
calm,78.0,0.8265179073027124
calm,79.0,0.38452303099322094
calm,80.0,0.4169397855045142
calm,81.0,0.879752892754982
calm,82.0,1.2514477979154843
calm,83.0,1.1539822777974618
calm,84.0,0.8198986932970925
calm,85.0,0.6260413263442087
calm,86.0,0.6074337173859773
calm,87.0,0.7064607035863496
calm,88.0,0.8416004608181273
calm,89.0,0.9079664585183777
calm,90.0,0.9365133310178075
calm,91.0,1.0014623846868027
calm,92.0,0.9651839334922073
calm,93.0,0.6298371496742795
calm,94.0,0.34530611594728744
calm,95.0,0.6558099805297766
calm,96.0,1.2665078994638308
calm,97.0,1.2837692977124036
calm,98.0,0.6363196898385852
calm,99.0,0.3280614268583661
calm,100.0,0.8638793406072894
calm,101.0,1.2765335843442887
calm,102.0,0.7688234078826927
calm,103.0,0.32854116548665147
calm,104.0,0.7878078156526722
calm,105.0,1.5032847800816302
calm,106.0,1.138149344960037
calm,107.0,0.19477839648268663
calm,108.0,0.224378092717848
calm,109.0,1.1405623925544999
calm,110.0,1.4823221836277967
calm,111.0,0.8137222094099881
calm,112.0,0.4190195791093745
calm,113.0,0.7695164523576185
calm,114.0,1.0792483505656023
calm,115.0,0.7297309383338154
calm,116.0,0.5012375007027264
calm,117.0,0.887166014847234
calm,118.0,1.1947470708101275
calm,119.0,0.9472148592190347
calm,120.0,0.6027956153552474
calm,121.0,0.6902434433416834
calm,122.0,0.7863007336871005
calm,123.0,0.6191043714490851
calm,124.0,0.7104559757204205
calm,125.0,1.2671698096781416
calm,126.0,1.3863895971046722
calm,127.0,0.6612416312736876
calm,128.0,0.14601647797552003
calm,129.0,0.5836165985642245
calm,130.0,1.2021105153350349
calm,131.0,1.0595753245936173
calm,132.0,0.5961296795380188
calm,133.0,0.8291717897633238
calm,134.0,1.2710129023280576
calm,135.0,0.8980945913900987
calm,136.0,0.18099210009591843
calm,137.0,0.29724234957624807
calm,138.0,1.2218702600626234
calm,139.0,1.5526088657472354
calm,140.0,0.8909003896207872
calm,141.0,0.3387928594556131
calm,142.0,0.6169349839502455
calm,143.0,0.9756990158471393
calm,144.0,0.8111247973149196
calm,145.0,0.6187387141085887
calm,146.0,0.8851540773497011
calm,147.0,1.2217255058660195
calm,148.0,0.9922266495989333
calm,149.0,0.5429437873370405
calm,150.0,0.4416898754254402
calm,151.0,0.7590181068061596
calm,152.0,1.0921962942305867
calm,153.0,1.1143837945634218
calm,154.0,0.897572819467038
calm,155.0,0.6225258110480975
calm,156.0,0.5079609151923319
calm,157.0,0.7371236690355797
calm,158.0,1.0442971451221836
calm,159.0,1.0154739565337183
calm,160.0,0.7973923905348564
calm,161.0,0.7702418117400841
calm,162.0,0.8815734331173839
calm,163.0,0.804890213313627
calm,164.0,0.5612862177945525
calm,165.0,0.6196921941038868
calm,166.0,1.002796034216978
calm,167.0,1.1828139421882202
calm,168.0,0.970226186545993
calm,169.0,0.6721321686856894
calm,170.0,0.5661115321952531
calm,171.0,0.6030616809603603
calm,172.0,0.7650496600796549
calm,173.0,1.075192018831014
calm,174.0,1.1965985758351025
calm,175.0,0.8709823135424228
calm,176.0,0.5383487453590974
calm,177.0,0.6647676362478118
calm,178.0,0.985754800764409
calm,179.0,0.818416515629807
calm,180.0,0.49644338948442535
calm,181.0,0.7751393092327615
calm,182.0,1.4525658917330886
calm,183.0,1.3322619892089662
calm,184.0,0.33472205190735377
calm,185.0,0.08839112066448995
calm,186.0,0.8555204286949492
calm,187.0,1.445147702039112
calm,188.0,0.9732160396261851
calm,189.0,0.3907636331625975
calm,190.0,0.7956053267793621
calm,191.0,1.3246627024245874
calm,192.0,0.8428089749198483
calm,193.0,0.1576012134044282
calm,194.0,0.5109064175824719
calm,195.0,1.4263401586467683
calm,196.0,1.4616525061736716
calm,197.0,0.5625196798799269
calm,198.0,0.22391642607755374
calm,199.0,0.7802162349936047
calm,200.0,1.139299470241823
calm,201.0,0.8404081042489145
calm,202.0,0.6756804815406579
calm,203.0,0.9765249902708881
calm,204.0,1.0773233727306624
calm,205.0,0.6545140286351495
calm,206.0,0.4280137246365821
calm,207.0,0.7649263734718253
calm,208.0,1.0758815204216186
calm,209.0,0.9836789435746565
calm,210.0,0.8777297432455562
calm,211.0,0.9458528322793486
calm,212.0,0.7571030401771578
calm,213.0,0.36265077071725443
calm,214.0,0.4449976536681705
calm,215.0,1.2531398141099064
calm,216.0,1.5674184300542386
calm,217.0,0.8800535739952158
calm,218.0,0.29153731857735216
calm,219.0,0.534199002456178
calm,220.0,1.0677451754704126
calm,221.0,0.9474509087594171
calm,222.0,0.5501909288632925
calm,223.0,0.7698609720680372
calm,224.0,1.3322251958126696
calm,225.0,1.1948942842718615
calm,226.0,0.48622785472925967
calm,227.0,0.20238957629569837
calm,228.0,0.68763043981429
calm,229.0,1.2449538524404968
calm,230.0,1.2028371596108172
calm,231.0,0.8325733480107488
calm,232.0,0.6438898825750681
calm,233.0,0.7077308277348908
calm,234.0,0.7957202584470733
calm,235.0,0.7930002662238812
calm,236.0,0.762508891104431
calm,237.0,0.8260204557338073
calm,238.0,0.9929199492684777
calm,239.0,1.0493783043875793
calm,240.0,0.7948987328439422
calm,241.0,0.4420680432488466
calm,242.0,0.5604636890066651
calm,243.0,1.0151323728244694
calm,244.0,1.1325453311849087
calm,245.0,0.8233543970737393
calm,246.0,0.5756127923553919
calm,247.0,0.7937660223909118
calm,248.0,0.9811193598677966
calm,249.0,0.7467204896493271
calm,250.0,0.5773097513312572
calm,251.0,0.89740100802301
calm,252.0,1.2178668876657945
calm,253.0,0.9549097784533269
calm,254.0,0.5041840639912601
calm,255.0,0.523140927531544
calm,256.0,0.8856571139023895
calm,257.0,0.9697013300627486
calm,258.0,0.8717028323046447
calm,259.0,0.98190148234253
calm,260.0,1.032494886714096
calm,261.0,0.63888057329993
calm,262.0,0.3254840691463695
calm,263.0,0.6969289166692875
calm,264.0,1.270726038965055
calm,265.0,1.1347956217776054
calm,266.0,0.6144355826967528
calm,267.0,0.7080721354934089
calm,268.0,1.1479346188223958
calm,269.0,0.8618714685790132
calm,270.0,0.18948989895502558
calm,271.0,0.3866117858488326
calm,272.0,1.5070593119340048
calm,273.0,1.8705663177485354
calm,274.0,0.7122575208616232
calm,275.0,-0.02931215931611421
calm,276.0,0.5185929412035654
calm,277.0,1.303516351231261
calm,278.0,1.106399721743138
calm,279.0,0.48830653685963127
calm,280.0,0.7396202566025075
calm,281.0,1.3152061096967678
calm,282.0,1.0702654423905418
calm,283.0,0.28757777950109864
calm,284.0,0.2890288999956856
calm,285.0,1.0002217360559946
calm,286.0,1.3404982096408342
calm,287.0,0.9695467441222462
calm,288.0,0.6282115245347838
calm,289.0,0.714233360913151
calm,290.0,0.7742453957429953
calm,291.0,0.6785976252631863
calm,292.0,0.8013753460023222
calm,293.0,1.0891600738710825
calm,294.0,1.0266979755569792
calm,295.0,0.6879508384438058
calm,296.0,0.6026800315619563
calm,297.0,0.8320625214310663
calm,298.0,0.8800564081438276
calm,299.0,0.7173063335740961
calm,300.0,0.8402340720377135
calm,301.0,1.1356201566992186
calm,302.0,1.0038089005397979
calm,303.0,0.499265998402993
calm,304.0,0.3352872607939303
calm,305.0,0.873753537099362
calm,306.0,1.2769904573850077
calm,307.0,0.9970907254064473
calm,308.0,0.6422650192487454
calm,309.0,0.7274994548262451
calm,310.0,0.9694052877540291
calm,311.0,0.8249702389914788
calm,312.0,0.5372925312494324
calm,313.0,0.6143806161778734
calm,314.0,1.060026568345134
calm,315.0,1.3079617031167852
calm,316.0,1.030739012973198
calm,317.0,0.5662915346586204
calm,318.0,0.355237482009172
calm,319.0,0.6300815740038608
calm,320.0,1.1006962487244523
calm,321.0,1.1824550604966146
calm,322.0,0.8431877332644737
calm,323.0,0.6134598100957629
calm,324.0,0.8537728349480496
calm,325.0,1.025677485525921
calm,326.0,0.669627870448611
calm,327.0,0.3545576070838257
calm,328.0,0.7543858770644462
calm,329.0,1.492842351706267
calm,330.0,1.3717665609865708
calm,331.0,0.49337499324541684
calm,332.0,0.18368880275674618
calm,333.0,0.7486155302944735
calm,334.0,1.1713564101878107
calm,335.0,0.936536109293177
calm,336.0,0.6850946698420293
calm,337.0,0.9420063487480008
calm,338.0,1.063969835480374
calm,339.0,0.650118784262289
calm,340.0,0.381223923834176
calm,341.0,0.8183296248063415
calm,342.0,1.295903607344793
calm,343.0,1.0263458844050295
calm,344.0,0.6197784104650544
calm,345.0,0.7004309785229317
calm,346.0,0.9108742762625335
calm,347.0,0.6787810861585107
calm,348.0,0.5397374207053913
calm,349.0,1.0243072350756206
calm,350.0,1.4607658543578546
calm,351.0,0.9404166456631426
calm,352.0,0.22023770651346314
calm,353.0,0.4215628141280559
calm,354.0,1.15058388136833
calm,355.0,1.2169246923148764
calm,356.0,0.6235550946181934
calm,357.0,0.6737883394313376
calm,358.0,1.2201219678776638
calm,359.0,1.10226851682757
calm,360.0,0.27231864739585354
calm,361.0,0.07966196520698358
calm,362.0,1.061504146387289
calm,363.0,1.7359698165958073
calm,364.0,1.0924102230905346
calm,365.0,0.30961852987290495
calm,366.0,0.4999458161273294
calm,367.0,1.069670854859594
calm,368.0,0.9772549283564053
calm,369.0,0.5101948138391101
calm,370.0,0.6450279937266677
calm,371.0,1.1853466727225372
calm,372.0,1.271558496564853
calm,373.0,0.7495188978470587
calm,374.0,0.4080471102577708
calm,375.0,0.5791750401069735
calm,376.0,0.8603287116104003
calm,377.0,1.0265483487004434
calm,378.0,1.0667839338741627
calm,379.0,0.9343600892720075
calm,380.0,0.6763135699935735
calm,381.0,0.581336969112726
calm,382.0,0.8073442688930413
calm,383.0,0.9837487944551303
calm,384.0,0.8275271012742896
calm,385.0,0.7070540908493842
calm,386.0,0.9124559712426855
calm,387.0,1.1111918335911943
calm,388.0,0.8137844086538509
calm,389.0,0.4453688750704521
calm,390.0,0.595693967810484
calm,391.0,1.0645168607147093
calm,392.0,1.2292546430329037
calm,393.0,0.8945468105334646
calm,394.0,0.5767463848010667
calm,395.0,0.5951756361249344
calm,396.0,0.7725618859195204
calm,397.0,0.90836686649258
calm,398.0,0.9736085354192971
calm,399.0,0.9604020162403141
calm,400.0,0.8669115902106342
calm,401.0,0.7911597186534897
calm,402.0,0.7494322196694435
calm,403.0,0.6252390576408038
calm,404.0,0.5790297770087164
calm,405.0,0.9464151565552712
calm,406.0,1.4033079252060772
calm,407.0,1.1995005829491863
calm,408.0,0.4695665613619959
calm,409.0,0.16438399438226217
calm,410.0,0.7511951796203339
calm,411.0,1.2839661123449988
calm,412.0,1.0052156305545756
calm,413.0,0.5654033757316249
calm,414.0,0.881526434174247
calm,415.0,1.3034865337467019
calm,416.0,0.8179648640150072
calm,417.0,0.1271952828740921
calm,418.0,0.3599079124461961
calm,419.0,1.4504405447798268
calm,420.0,1.6779720262278066
calm,421.0,0.7603655811430983
calm,422.0,0.24160225759175155
calm,423.0,0.6627397568610521
calm,424.0,1.1064182381688732
calm,425.0,0.8339091667258584
calm,426.0,0.6114721033916555
calm,427.0,0.9780253559099525
calm,428.0,1.2209347050266364
calm,429.0,0.798540709477061
calm,430.0,0.41673440850919674
calm,431.0,0.7049908831561643
calm,432.0,1.0673123616450664
calm,433.0,0.8742871905633377
calm,434.0,0.6899544948453625
calm,435.0,0.9778792070135773
calm,436.0,1.1520171316744319
calm,437.0,0.6261238821081693
calm,438.0,0.2368968215425335
calm,439.0,0.7858234684212586
calm,440.0,1.4755277533487612
calm,441.0,1.1698590275196303
calm,442.0,0.41141285958203794
calm,443.0,0.4379845851158258
calm,444.0,1.0637027649234942
calm,445.0,1.150958077480362
calm,446.0,0.5365846546154746
calm,447.0,0.4968751602237961
calm,448.0,1.1182025683802406
calm,449.0,1.365559407880598
calm,450.0,0.7539001401408756
calm,451.0,0.18382840394016187
calm,452.0,0.5407288423035399
calm,453.0,1.1069820275634705
calm,454.0,1.140455648006081
calm,455.0,0.8378172775534626
calm,456.0,0.7851774711210288
calm,457.0,0.9128470600943024
calm,458.0,0.8122037927701369
calm,459.0,0.5817578242922833
calm,460.0,0.5800870889411228
calm,461.0,0.8682632103477492
calm,462.0,1.1652461824763052
calm,463.0,1.2031073700817547
calm,464.0,0.8982107164009685
calm,465.0,0.49709161440084443
calm,466.0,0.406445210281772
calm,467.0,0.7562651882706355
calm,468.0,1.1820552742734687
calm,469.0,1.1387304023662972
calm,470.0,0.7820350181732634
calm,471.0,0.6948945272472304
calm,472.0,0.8748280619730089
calm,473.0,0.8256348676173826
calm,474.0,0.572828823814873
calm,475.0,0.6442156309257098
calm,476.0,1.0956788989518333
calm,477.0,1.312977061058925
calm,478.0,0.8986255906419653
calm,479.0,0.47502833977819386
calm,480.0,0.5137079461484441
calm,481.0,0.811256967504265
calm,482.0,1.056324881215172
calm,483.0,1.123386905143909
calm,484.0,0.9755437374071635
calm,485.0,0.6596150288260321
calm,486.0,0.45120831441642034
calm,487.0,0.7196351136808595
calm,488.0,1.1609304562268141
calm,489.0,1.0471473619853855
calm,490.0,0.6679614907393564
calm,491.0,0.7329767127175755
calm,492.0,1.1195507768389537
calm,493.0,0.9604926552006182
calm,494.0,0.3037200332935098
calm,495.0,0.3116724028950761
calm,496.0,1.2753465384067915
calm,497.0,1.708235004355293
calm,498.0,0.8747792118235431
calm,499.0,0.11580847259274654
calm,500.0,0.4984535861968049
calm,501.0,1.2472219080248605
calm,502.0,1.057255036761079
calm,503.0,0.4483580641692925
calm,504.0,0.7127045361545762
calm,505.0,1.4280494520609972
calm,506.0,1.1920781455452998
calm,507.0,0.31875389274283833
calm,508.0,0.14767323818454323
calm,509.0,0.9741497031522471
calm,510.0,1.4196716628188082
calm,511.0,0.9300624403181376
calm,512.0,0.5898122425455761
calm,513.0,0.8792481858722991
calm,514.0,1.0609550871907072
calm,515.0,0.6465583143015065
calm,516.0,0.44576772526213454
calm,517.0,0.8364092003086793
calm,518.0,1.2283868546797567
calm,519.0,1.0187304350745083
calm,520.0,0.6964403280972875
calm,521.0,0.7893277122492871
calm,522.0,0.8586327951735461
calm,523.0,0.6008507544086865
calm,524.0,0.5749334070770851
calm,525.0,1.0661450944218345
calm,526.0,1.3590617094871018
calm,527.0,0.8632197466397175
calm,528.0,0.27760832113062267
calm,529.0,0.5504647052895755
calm,530.0,1.134119189917988
calm,531.0,1.0979483591780899
calm,532.0,0.6618233680824134
calm,533.0,0.6626761720747155
calm,534.0,1.0692257519680417
calm,535.0,1.0724541610191907
calm,536.0,0.5576210707980698
calm,537.0,0.3707928005645227
calm,538.0,0.8407364323584057
calm,539.0,1.3357178785639374
calm,540.0,1.2355463237339654
calm,541.0,0.6962963014900244
calm,542.0,0.3897156424209738
calm,543.0,0.5352146256733773
calm,544.0,0.9159153408620264
calm,545.0,1.1913498382212202
calm,546.0,1.073697333835544
calm,547.0,0.7972460240857492
calm,548.0,0.7386065492519889
calm,549.0,0.8193339943359443
calm,550.0,0.7234096894341768
calm,551.0,0.5133601139248021
calm,552.0,0.7140630509742629
calm,553.0,1.2690348252861088
calm,554.0,1.4060394790859414
calm,555.0,0.7835988700806774
calm,556.0,0.2721278281939527
calm,557.0,0.5157433001302029
calm,558.0,1.0200724305658355
calm,559.0,1.0763708214645353
calm,560.0,0.8240386739764997
calm,561.0,0.8898160795992082
calm,562.0,1.0580961238598998
calm,563.0,0.8249250193002493
calm,564.0,0.44962398634591627
calm,565.0,0.5653160987030429
calm,566.0,1.0209248635087054
calm,567.0,1.1411083543509932
calm,568.0,0.8966393634421315
calm,569.0,0.7901042131749323
calm,570.0,0.8257300869841028
calm,571.0,0.6691376470785086
calm,572.0,0.5543823571327335
calm,573.0,0.9150723570196562
calm,574.0,1.234748642345046
calm,575.0,0.9460653304345821
calm,576.0,0.4445062098507845
calm,577.0,0.5891245685958326
calm,578.0,1.2063207621540861
calm,579.0,1.0549004323181985
calm,580.0,0.43053166597293513
calm,581.0,0.5157982625773776
calm,582.0,1.3602913009017878
calm,583.0,1.488213123199039
calm,584.0,0.4780892832100477
calm,585.0,-0.05757072082581615
calm,586.0,0.7854215447571935
calm,587.0,1.700073445695795
calm,588.0,1.1987916980693207
calm,589.0,0.36070695101161837
calm,590.0,0.5021785713971545
calm,591.0,1.1975157809250352
calm,592.0,1.0741371365598513
calm,593.0,0.3781285538889993
calm,594.0,0.4424099902550187
calm,595.0,1.2331411508848797
calm,596.0,1.5015011941347525
calm,597.0,0.8413445671781379
calm,598.0,0.3585523191557545
calm,599.0,0.567132808401162
calm,600.0,0.8624785782547835
calm,601.0,0.8662775794646782
calm,602.0,0.9270595414145226
calm,603.0,1.1701533756603033
calm,604.0,1.0804215137977593
calm,605.0,0.610357457171222
calm,606.0,0.436055753744069
calm,607.0,0.7130857553075461
calm,608.0,1.001075875163162
calm,609.0,0.9749846496986241
calm,610.0,0.9423021024379834
calm,611.0,1.0391169172889976
calm,612.0,0.8985890315754232
calm,613.0,0.4907720682076902
calm,614.0,0.41063864071221423
calm,615.0,0.8890420646020482
calm,616.0,1.2641866418576022
calm,617.0,1.0917365428545964
calm,618.0,0.6701875573360055
calm,619.0,0.5951399549921623
calm,620.0,0.7857184450697701
calm,621.0,0.8495375161202575
calm,622.0,0.80493204947068
calm,623.0,0.867513141213375
calm,624.0,1.0046422810865903
calm,625.0,0.9780862877727725
calm,626.0,0.7849919020197912
calm,627.0,0.5700778227221712
calm,628.0,0.5505862446134551
calm,629.0,0.8773818965386839
calm,630.0,1.2594663633927774
calm,631.0,1.1887611350378442
calm,632.0,0.6519310841979558
calm,633.0,0.3070842232084501
calm,634.0,0.6600939133987064
calm,635.0,1.2356533376811027
calm,636.0,1.124549738556718
calm,637.0,0.6196883379484933
calm,638.0,0.6813107840044157
calm,639.0,1.1547047551323955
calm,640.0,1.1012530006731809
calm,641.0,0.39654731484629135
calm,642.0,0.23335266305022626
calm,643.0,0.9691862962739055
calm,644.0,1.5396303559591005
calm,645.0,1.1175429047228156
calm,646.0,0.49234861170024685
calm,647.0,0.5716834935411211
calm,648.0,0.8877300550816272
calm,649.0,0.819051124226707
calm,650.0,0.6390532965723796
calm,651.0,0.9205221812249345
calm,652.0,1.2143796358880614
calm,653.0,0.9775033953229679
calm,654.0,0.5719872748799645
calm,655.0,0.638719450079061
calm,656.0,0.8726259273508106
calm,657.0,0.7454420818366425
calm,658.0,0.662412164079902
calm,659.0,1.0830581114837048
calm,660.0,1.4222379089020853
calm,661.0,0.8552434148591914
calm,662.0,0.1905599822688469
calm,663.0,0.4915143422927485
calm,664.0,1.233274111469223
calm,665.0,1.2176170615391206
calm,666.0,0.5882395449939547
calm,667.0,0.5651226776982239
calm,668.0,1.2137746017786981
calm,669.0,1.1634487599238847
calm,670.0,0.36675307773052307
calm,671.0,0.2264324802540991
calm,672.0,1.1635701214510232
calm,673.0,1.7226882962864964
calm,674.0,0.9348772376065024
calm,675.0,0.11415350624689151
calm,676.0,0.4178458095348232
calm,677.0,1.2469515596070486
calm,678.0,1.2222367851977216
calm,679.0,0.6553098809952547
calm,680.0,0.6524357261425382
calm,681.0,1.1191284782051663
calm,682.0,1.0899361442083535
calm,683.0,0.5272806875944681
calm,684.0,0.3560108129714805
calm,685.0,0.8288814320336851
calm,686.0,1.343180615634059
calm,687.0,1.2602147087036317
calm,688.0,0.8384987508481141
calm,689.0,0.5552749103008445
calm,690.0,0.48801697658196386
calm,691.0,0.6652234843212823
calm,692.0,1.0379138808874846
calm,693.0,1.2185285984678087
calm,694.0,1.0015875631409115
calm,695.0,0.722956928657239
calm,696.0,0.7076182242046146
calm,697.0,0.7901904761539655
calm,698.0,0.710242876480186
calm,699.0,0.6573289624401562
calm,700.0,0.9189536935184546
calm,701.0,1.2109724267384778
calm,702.0,1.0923844642010785
calm,703.0,0.6864725544966046
calm,704.0,0.48425198732051755
calm,705.0,0.6468145791603988
calm,706.0,0.8820559624672346
calm,707.0,1.028600678897179
calm,708.0,1.0547662718708475
calm,709.0,0.905589108556984
calm,710.0,0.6753208353236263
calm,711.0,0.66019987120909
calm,712.0,0.8760771356581631
calm,713.0,0.9331940619653336
calm,714.0,0.7410842203724786
calm,715.0,0.7603111657123994
calm,716.0,1.0743131640175552
calm,717.0,1.129971576839569
calm,718.0,0.5578888700092172
calm,719.0,0.2792446201093072
calm,720.0,0.8535353113231098
calm,721.0,1.3604630754597902
calm,722.0,1.0540529357856505
calm,723.0,0.41657573641531803
calm,724.0,0.5620277879187668
calm,725.0,1.1548551933171627
calm,726.0,1.035660422738484
calm,727.0,0.4241626199897679
calm,728.0,0.5294572257697449
calm,729.0,1.3312113968451595
calm,730.0,1.4593505925245198
calm,731.0,0.6180949814379559
calm,732.0,0.10776165859579866
calm,733.0,0.6409286948813548
calm,734.0,1.2688040937570404
calm,735.0,1.1300553108122573
calm,736.0,0.7621530329182172
calm,737.0,0.8759960225589655
calm,738.0,0.9847064817673359
calm,739.0,0.6508147268686054
calm,740.0,0.4059608648517607
calm,741.0,0.7859796518977508
calm,742.0,1.2203818195014613
calm,743.0,1.0734947675678097
calm,744.0,0.7833195810431018
calm,745.0,0.8909806679997678
calm,746.0,0.907953294885005
calm,747.0,0.48958591120747963
calm,748.0,0.3308630936964616
calm,749.0,1.025492262054609
calm,750.0,1.7692618603065104
calm,751.0,1.2027501044813995
calm,752.0,0.25334513733217917
calm,753.0,0.28638834484235176
calm,754.0,1.0735495010540936
calm,755.0,1.276765888578808
calm,756.0,0.669915732148918
calm,757.0,0.5328537450649815
calm,758.0,1.1259388855113417
calm,759.0,1.35192109620112
calm,760.0,0.6474044373696057
calm,761.0,0.15675001818442544
calm,762.0,0.6722810589424459
calm,763.0,1.3902797164621903
calm,764.0,1.2706562639218302
calm,765.0,0.6537808123158582
calm,766.0,0.4694577464022764
calm,767.0,0.7812009073804309
calm,768.0,0.9904111700841941
calm,769.0,0.8715982045047448
calm,770.0,0.7934188178938472
calm,771.0,0.9072447119000364
calm,772.0,0.9962244548334888
calm,773.0,0.8832622502794235
calm,774.0,0.6510089680154462
calm,775.0,0.538792441239105
calm,776.0,0.7516495319306651
calm,777.0,1.1619802073372303
calm,778.0,1.2302212116084192
calm,779.0,0.8467051372946425
calm,780.0,0.47974423587937853
calm,781.0,0.5661586213698295
calm,782.0,0.9625525503569786
calm,783.0,1.0008336783064873
calm,784.0,0.7645659728129883
calm,785.0,0.8081529159837731
calm,786.0,1.124579411052115
calm,787.0,1.0761700090028368
calm,788.0,0.604524020819596
calm,789.0,0.40628259388752835
calm,790.0,0.7255266108576298
calm,791.0,1.1114857504277598
calm,792.0,1.1317085472828137
calm,793.0,0.9843175485054878
calm,794.0,0.8784881302190034
calm,795.0,0.6679600009509405
calm,796.0,0.46729921230110755
calm,797.0,0.6868109126453645
calm,798.0,1.145667445507802
calm,799.0,1.1819523765948212
calm,800.0,0.7454312727846085
calm,801.0,0.6344240339996752
calm,802.0,1.0099651697754852
calm,803.0,1.0000108387054942
calm,804.0,0.45652862878663136
calm,805.0,0.39967433538406344
calm,806.0,1.1743446999493523
calm,807.0,1.6788070708651952
calm,808.0,0.9121805914432637
calm,809.0,0.033187432359357304
calm,810.0,0.42561009871626426
calm,811.0,1.2621848735223324
calm,812.0,1.2812930948427
calm,813.0,0.6105476763069995
calm,814.0,0.5822358632305378
calm,815.0,1.1130400644223404
calm,816.0,1.0570359214669582
calm,817.0,0.4155641352926359
calm,818.0,0.3411687913520255
calm,819.0,1.1471528283409234
calm,820.0,1.477939328984818
calm,821.0,0.904685256505716
calm,822.0,0.40725637656631725
calm,823.0,0.6041280869295784
calm,824.0,0.9226933177098762
calm,825.0,0.8325478622407019
calm,826.0,0.8024654291372434
calm,827.0,1.1451774564457984
calm,828.0,1.1943620989677592
calm,829.0,0.691363235039752
calm,830.0,0.38526778692805774
calm,831.0,0.6921711986978606
calm,832.0,1.0704774901681962
calm,833.0,0.9424045854102391
calm,834.0,0.8052562926157859
calm,835.0,1.0794738030326896
calm,836.0,1.148736589990255
calm,837.0,0.5985875593646472
calm,838.0,0.18627324732644152
calm,839.0,0.6715279267476543
calm,840.0,1.4651506896825721
calm,841.0,1.3294921998390268
calm,842.0,0.6205459332483269
calm,843.0,0.46475587979368504
calm,844.0,0.9400765962762752
calm,845.0,1.1117302141103647
calm,846.0,0.6666703677290168
calm,847.0,0.4771758262753332
calm,848.0,0.8969327842836735
calm,849.0,1.3776237877083723
calm,850.0,1.1558746002273659
calm,851.0,0.5407861407813693
calm,852.0,0.3662283488968357
calm,853.0,0.7237915859779894
calm,854.0,1.1557330683035536
calm,855.0,1.1707002520928176
calm,856.0,0.8182210342591347
calm,857.0,0.5832579078282284
calm,858.0,0.7562628760957565
calm,859.0,1.0366431559632847
calm,860.0,0.9038976549806839
calm,861.0,0.599979284184582
calm,862.0,0.7074296487640147
calm,863.0,1.1866363483062614
calm,864.0,1.2462422225177847
calm,865.0,0.6213169905434349
calm,866.0,0.24955743428637497
calm,867.0,0.7228327241867412
calm,868.0,1.3117812900664139
calm,869.0,1.1672107286310742
calm,870.0,0.6848769344361318
calm,871.0,0.6666144420225992
calm,872.0,0.9299117391580414
calm,873.0,0.7949369867939464
calm,874.0,0.5156267763188127
calm,875.0,0.7555804195548622
calm,876.0,1.3358518483422104
calm,877.0,1.2974902231207945
calm,878.0,0.6982036478239606
calm,879.0,0.4630284526550122
calm,880.0,0.6890236250114912
calm,881.0,0.8419714110101987
calm,882.0,0.8053292831404713
calm,883.0,1.0410896374977077
calm,884.0,1.3193758848207355
calm,885.0,0.9952097307697652
calm,886.0,0.32432026249693974
calm,887.0,0.3579984592190999
calm,888.0,1.016593132067783
calm,889.0,1.243987907196846
calm,890.0,0.7836563595885857
calm,891.0,0.637356448287791
calm,892.0,1.1609199382334328
calm,893.0,1.200750628772484
calm,894.0,0.4416135464107945
calm,895.0,0.06235976902613113
calm,896.0,0.9118182521141487
calm,897.0,1.7516861630425695
calm,898.0,1.2356983601584994
calm,899.0,0.27130045384863594
calm,900.0,0.3242467663068379
calm,901.0,1.1071325864609658
calm,902.0,1.2247863275038875
calm,903.0,0.6459300607415613
calm,904.0,0.5630901989799321
calm,905.0,1.0708649641053012
calm,906.0,1.200566685194082
calm,907.0,0.6904001306139096
calm,908.0,0.3803294998205009
calm,909.0,0.7756886627456135
calm,910.0,1.1070582644541311
calm,911.0,0.9795753434233169
calm,912.0,0.8374666624040433
calm,913.0,0.883409263351309
calm,914.0,0.7907571617089265
calm,915.0,0.5634286686258704
calm,916.0,0.6704357640876195
calm,917.0,1.1196978928546215
calm,918.0,1.2213886473347508
calm,919.0,0.8186779984063459
calm,920.0,0.6018135527512515
calm,921.0,0.8078393498494082
calm,922.0,0.9426582266672304
calm,923.0,0.681575939988556
calm,924.0,0.6108934629533584
calm,925.0,1.014517501039998
calm,926.0,1.3398428730744534
calm,927.0,1.0093056865637946
calm,928.0,0.44974929656435364
calm,929.0,0.4350230082423084
calm,930.0,0.8286456449355813
calm,931.0,1.0779122365101816
calm,932.0,1.0069661541023442
calm,933.0,0.8936672711953356
calm,934.0,0.9097679566396304
calm,935.0,0.8936742283224107
calm,936.0,0.7295688290740621
calm,937.0,0.5592297823893042
calm,938.0,0.6118634878325944
calm,939.0,0.9990386151144747
calm,940.0,1.4159233317272533
calm,941.0,1.2244144585919117
calm,942.0,0.5412243961817612
calm,943.0,0.22685097079061797
calm,944.0,0.7081095978760518
calm,945.0,1.3284732623447086
calm,946.0,1.1522215594720162
calm,947.0,0.5880782869996534
calm,948.0,0.6267837473417822
calm,949.0,1.185377893976892
calm,950.0,1.105231201180568
calm,951.0,0.4166398381481305
calm,952.0,0.3329847362569634
calm,953.0,1.1552083825829125
calm,954.0,1.6933347091703406
calm,955.0,0.9532572431556738
calm,956.0,0.1953797957921647
calm,957.0,0.4419779483290156
calm,958.0,1.1506910478087065
calm,959.0,1.2142648998057592
calm,960.0,0.7939880501248531
calm,961.0,0.8008372669912236
calm,962.0,1.0123415672185927
calm,963.0,0.8054631775520086
calm,964.0,0.44015099596778445
calm,965.0,0.6579902609518083
calm,966.0,1.1913751100717496
calm,967.0,1.166482373239817
calm,968.0,0.7753157202571527
calm,969.0,0.7628389982756099
calm,970.0,0.9509899161114905
calm,971.0,0.716896648072172
calm,972.0,0.352410066321227
calm,973.0,0.7535844257641606
calm,974.0,1.4809567534002286
calm,975.0,1.3577184695448459
calm,976.0,0.517410663877919
calm,977.0,0.2875774857725149
calm,978.0,0.8955674563450249
calm,979.0,1.168959950493472
calm,980.0,0.6861159847224316
calm,981.0,0.49391913867177617
calm,982.0,1.1491968328689253
calm,983.0,1.4746403435895512
calm,984.0,0.7970292191386739
calm,985.0,0.08568573176239144
calm,986.0,0.49064456693802555
calm,987.0,1.2755318614907094
calm,988.0,1.220660402176163
calm,989.0,0.6932134507330617
calm,990.0,0.6137494430896874
calm,991.0,1.0403161105731522
calm,992.0,1.0393349352636283
calm,993.0,0.6035227531925783
calm,994.0,0.5130391160933472
calm,995.0,0.9146415847233804
calm,996.0,1.2235722169021401
calm,997.0,1.057253553096386
calm,998.0,0.7448448386694835
calm,999.0,0.6128128186806274
calm,1000.0,0.6427292694111071
calm,1001.0,0.8006027254119732
calm,1002.0,1.058927115506364
calm,1003.0,1.155833971371104
calm,1004.0,0.8733874810414509
calm,1005.0,0.5616283220152545
calm,1006.0,0.6426098464585014
calm,1007.0,0.9292261517109283
calm,1008.0,0.9685643503552881
calm,1009.0,0.8244875861393721
calm,1010.0,0.8805271968811199
calm,1011.0,1.0480986968693062
calm,1012.0,0.93309043319111
calm,1013.0,0.5675701728306192
calm,1014.0,0.48558672493955146
calm,1015.0,0.8080342063772056
calm,1016.0,1.1970050554618137
calm,1017.0,1.2916673847651452
calm,1018.0,0.9826897506218315
calm,1019.0,0.5765444898513883
calm,1020.0,0.4110820821008985
calm,1021.0,0.6592134435678484
calm,1022.0,1.158518146009886
calm,1023.0,1.2558868027312675
calm,1024.0,0.8734108888126063
calm,1025.0,0.7041634330744747
calm,1026.0,0.922668907070589
calm,1027.0,0.9327827817429539
calm,1028.0,0.4848178524997659
calm,1029.0,0.38168966888647377
calm,1030.0,1.1045089886923303
calm,1031.0,1.7009334397118987
calm,1032.0,1.0938602305396643
calm,1033.0,0.18759227692462158
calm,1034.0,0.3307130576115729
calm,1035.0,1.1673510021102569
calm,1036.0,1.279898641373992
calm,1037.0,0.6133057423237355
calm,1038.0,0.524460684272493
calm,1039.0,1.2352457733640325
calm,1040.0,1.3915428100492464
calm,1041.0,0.5475041907824437
calm,1042.0,0.11679971891194739
calm,1043.0,0.8137826446294119
calm,1044.0,1.5358995349109628
calm,1045.0,1.1490232396031308
calm,1046.0,0.49329912657407965
calm,1047.0,0.5692212201794555
calm,1048.0,1.0265253040099418
calm,1049.0,0.9740841090758572
calm,1050.0,0.6583703788162725
calm,1051.0,0.8052064981368376
calm,1052.0,1.0883037231567854
calm,1053.0,0.9594651048848067
calm,1054.0,0.6037145792760604
calm,1055.0,0.7024528533756923
calm,1056.0,0.961726481457958
calm,1057.0,0.8219665671134034
calm,1058.0,0.6563347171214672
calm,1059.0,1.0197338486686625
calm,1060.0,1.3502407334301818
calm,1061.0,0.8874465216475632
calm,1062.0,0.19400777482127926
calm,1063.0,0.3905657184691465
calm,1064.0,1.2630637368666016
calm,1065.0,1.4369333092766488
calm,1066.0,0.7859237045360934
calm,1067.0,0.48767247397391433
calm,1068.0,0.9313845056678491
calm,1069.0,1.1216175778581032
calm,1070.0,0.6196164593870266
calm,1071.0,0.3241603471549372
calm,1072.0,0.877547785522061
calm,1073.0,1.5182460485430491
calm,1074.0,1.2841474347129007
calm,1075.0,0.569470534338
calm,1076.0,0.3477233506583288
calm,1077.0,0.6788501607242725
calm,1078.0,0.948175688205241
calm,1079.0,0.9942922320350187
calm,1080.0,1.007460858639515
calm,1081.0,1.014788831351526
calm,1082.0,0.8882621369096727
calm,1083.0,0.6998157546914688
calm,1084.0,0.6144757557403445
calm,1085.0,0.6800506616033208
calm,1086.0,0.9030255146734403
calm,1087.0,1.1632339955099902
calm,1088.0,1.169539899957091
calm,1089.0,0.8115381386094443
calm,1090.0,0.4294154701417147
calm,1091.0,0.5563092264668406
calm,1092.0,1.0051453675905238
calm,1093.0,1.1469255733422865
calm,1094.0,0.9051234501318474
calm,1095.0,0.7463468528847876
calm,1096.0,0.8543928587014273
calm,1097.0,0.8586986830873763
calm,1098.0,0.6646322560050041
calm,1099.0,0.6844475121117437
calm,1100.0,1.031358886177242
calm,1101.0,1.1665668765118404
calm,1102.0,0.9201081318041261
calm,1103.0,0.6784661738035842
calm,1104.0,0.6720260505072546
calm,1105.0,0.7112159217279885
calm,1106.0,0.7482459867864051
calm,1107.0,1.0472262117740774
calm,1108.0,1.3303257628916525
calm,1109.0,1.010035583939971
calm,1110.0,0.4146435189969653
calm,1111.0,0.37357786897826956
calm,1112.0,1.0558778908004904
calm,1113.0,1.3383095655882713
calm,1114.0,0.7476372718928145
calm,1115.0,0.48910739129978625
calm,1116.0,1.0885919742424124
calm,1117.0,1.504570829262637
calm,1118.0,0.7151216069318586
calm,1119.0,-0.027106166836949608
calm,1120.0,0.5189809083789412
calm,1121.0,1.6225101051654143
calm,1122.0,1.5823868327223864
calm,1123.0,0.5344027521227872
calm,1124.0,0.3007369666945035
calm,1125.0,0.9853392531409968
calm,1126.0,1.2124299475325566
calm,1127.0,0.5922621965674557
calm,1128.0,0.39138034004784344
calm,1129.0,1.0628583418104276
calm,1130.0,1.5344661088547107
calm,1131.0,0.9736007138721494
calm,1132.0,0.3157951056264426
calm,1133.0,0.5327529673986451
calm,1134.0,0.9936450751597888
calm,1135.0,0.9924229606041313
calm,1136.0,0.8207675442571681
calm,1137.0,0.9649313034684607
calm,1138.0,1.0794029795861926
calm,1139.0,0.7448274192755598
calm,1140.0,0.4825571823592345
calm,1141.0,0.752157267655355
calm,1142.0,1.0856928540895832
calm,1143.0,1.0106302403863188
calm,1144.0,0.7986577585563571
calm,1145.0,0.900083749233486
calm,1146.0,0.9431985812262541
calm,1147.0,0.6182771269912937
calm,1148.0,0.4320036835737371
calm,1149.0,0.9512918849348047
calm,1150.0,1.4952516336229216
calm,1151.0,1.1469771714074206
calm,1152.0,0.4445902634774489
calm,1153.0,0.33041133959885116
calm,1154.0,0.8949463933443575
calm,1155.0,1.1844407926637324
calm,1156.0,0.9069917773932037
calm,1157.0,0.7457514224418579
calm,1158.0,0.9990172848952833
calm,1159.0,1.1049649554979737
calm,1160.0,0.7384792554832678
calm,1161.0,0.39803590906466624
calm,1162.0,0.552906220988238
calm,1163.0,1.1224403914170773
calm,1164.0,1.44141759120062
calm,1165.0,1.1570303662844583
calm,1166.0,0.6327357420818129
calm,1167.0,0.36816506410595384
calm,1168.0,0.6114746964134288
calm,1169.0,1.067560551160835
calm,1170.0,1.1671121966018951
calm,1171.0,0.8668918724587292
calm,1172.0,0.756352826799046
calm,1173.0,0.9903677834050281
calm,1174.0,1.008315975786181
calm,1175.0,0.5870828503258878
calm,1176.0,0.3883704908784805
calm,1177.0,0.880013178388866
calm,1178.0,1.3504645493828669
calm,1179.0,1.1364212840155743
calm,1180.0,0.5729625422959574
calm,1181.0,0.5309813357820031
calm,1182.0,0.9073330859647121
calm,1183.0,0.9348044170318781
calm,1184.0,0.7296160231352555
calm,1185.0,0.8475086925554951
calm,1186.0,1.1499468359537963
calm,1187.0,0.9966961005616574
calm,1188.0,0.5741781553492146
calm,1189.0,0.5782775632837597
calm,1190.0,1.0022253340858693
calm,1191.0,1.040077707271145
calm,1192.0,0.7496491489064828
calm,1193.0,0.8107283270275608
calm,1194.0,1.139613069276527
calm,1195.0,0.9547037409705393
calm,1196.0,0.3653509270476612
calm,1197.0,0.4950634160712535
calm,1198.0,1.2523822070738122
calm,1199.0,1.4279028236565008
calm,1200.0,0.7113852440207507
calm,1201.0,0.3433525119453643
calm,1202.0,0.904111172234231
calm,1203.0,1.2573283479644817
calm,1204.0,0.661910366026433
calm,1205.0,0.2683259430064049
calm,1206.0,1.0112248647147684
calm,1207.0,1.8285186634099992
calm,1208.0,1.180927097898164
calm,1209.0,0.07359789482747527
calm,1210.0,0.14828115612290466
calm,1211.0,1.1350789189872967
calm,1212.0,1.5550834965828124
calm,1213.0,0.9037890145821283
calm,1214.0,0.5499943791701553
calm,1215.0,0.9452927840938801
calm,1216.0,1.1320287771846564
calm,1217.0,0.6441082975314152
calm,1218.0,0.3443459648574963
calm,1219.0,0.7708309658148189
calm,1220.0,1.3270867063635208
calm,1221.0,1.2939475113970644
calm,1222.0,0.8496747957535857
calm,1223.0,0.6158477738298108
calm,1224.0,0.5855226745222566
calm,1225.0,0.6439087897404823
calm,1226.0,0.9189582900655797
calm,1227.0,1.2636646793465656
calm,1228.0,1.1531697204103553
calm,1229.0,0.7023928909083397
calm,1230.0,0.5302272311418812
calm,1231.0,0.8038710039860977
calm,1232.0,0.993722444445202
calm,1233.0,0.8274549906212944
calm,1234.0,0.7693969285065128
calm,1235.0,1.031235369120857
calm,1236.0,1.1266551926960817
calm,1237.0,0.7473803570758654
calm,1238.0,0.4115794716073502
calm,1239.0,0.6747122584506564
calm,1240.0,1.1678072856624098
calm,1241.0,1.1904657289676859
calm,1242.0,0.8575350550840464
calm,1243.0,0.6397855406960505
calm,1244.0,0.6875282865591993
calm,1245.0,0.8250292283315938
calm,1246.0,0.8932639300251634
calm,1247.0,0.9109392063487574
calm,1248.0,0.922392672186963
calm,1249.0,0.9603834853474966
calm,1250.0,0.9731462632730101
calm,1251.0,0.8244829033431716
calm,1252.0,0.5160666968263632
calm,1253.0,0.4697497960690362
calm,1254.0,1.0195637366811232
calm,1255.0,1.437851805028554
calm,1256.0,1.1041247667380725
calm,1257.0,0.46360815969031677
calm,1258.0,0.4364928624220224
calm,1259.0,1.029611507508548
calm,1260.0,1.1087400634841647
calm,1261.0,0.6238298733203181
calm,1262.0,0.5414851551001632
calm,1263.0,1.2305298712088313
calm,1264.0,1.5445512802306143
calm,1265.0,0.7838728463626297
calm,1266.0,0.12036564599072111
calm,1267.0,0.4979284073249214
calm,1268.0,1.2381710308092408
calm,1269.0,1.2703210711235822
calm,1270.0,0.8074870593470165
calm,1271.0,0.7645993939113923
calm,1272.0,1.0006480058369114
calm,1273.0,0.7930325076077781
calm,1274.0,0.47087008736322616
calm,1275.0,0.7205482223507486
calm,1276.0,1.2481499647050196
calm,1277.0,1.162244022608477
calm,1278.0,0.6864122704662308
calm,1279.0,0.6763430132250691
calm,1280.0,1.015411177505609
calm,1281.0,0.8520777839206741
calm,1282.0,0.4700558257868633
calm,1283.0,0.7643852084819623
calm,1284.0,1.497329046271385
calm,1285.0,1.3603609149233342
calm,1286.0,0.36831228202440597
calm,1287.0,0.14145955677480354
calm,1288.0,0.9482216970059943
calm,1289.0,1.5473712965350046
calm,1290.0,1.0046388156635642
calm,1291.0,0.4589983749705613
calm,1292.0,0.8162261318518276
calm,1293.0,1.2083470267822798
calm,1294.0,0.7833227598513398
calm,1295.0,0.2040441851299207
calm,1296.0,0.6728160247975683
calm,1297.0,1.5433142706460392
calm,1298.0,1.4475755810137239
calm,1299.0,0.5973941722876456
calm,1300.0,0.26017959898737336
calm,1301.0,0.7021988530086241
calm,1302.0,1.108276431936385
calm,1303.0,0.9932082096856436
calm,1304.0,0.8331039486197259
calm,1305.0,0.975234666185861
calm,1306.0,1.0550263230270294
calm,1307.0,0.8213598585060562
calm,1308.0,0.5602505417399
calm,1309.0,0.5794449811860692
calm,1310.0,0.8308594082086814
calm,1311.0,1.1366663962879153
calm,1312.0,1.2684992372934958
calm,1313.0,1.013928771567083
calm,1314.0,0.5767556933895678
calm,1315.0,0.43608181579342126
calm,1316.0,0.7920216203604235
calm,1317.0,1.1688683227617598
calm,1318.0,1.0266231107594632
calm,1319.0,0.7418249590670385
calm,1320.0,0.8030350008771188
calm,1321.0,1.0573393606602997
calm,1322.0,0.9407807853698081
calm,1323.0,0.5870033233493941
calm,1324.0,0.5931007624795177
calm,1325.0,0.9511898375367829
calm,1326.0,1.2078360736310372
calm,1327.0,1.050942980265553
calm,1328.0,0.7459529540302433
calm,1329.0,0.6021044378264033
calm,1330.0,0.6570057255440659
calm,1331.0,0.8939065396129969
calm,1332.0,1.1348451824350463
calm,1333.0,1.0670359873553545
calm,1334.0,0.720659146885342
calm,1335.0,0.586795788030109
calm,1336.0,0.8926266614345846
calm,1337.0,1.0508479849682963
calm,1338.0,0.7340117514185734
calm,1339.0,0.5819977222721455
calm,1340.0,1.0639355631400624
calm,1341.0,1.429931726705032
calm,1342.0,0.8813969708131617
calm,1343.0,0.11261029850134092
calm,1344.0,0.39685542200271323
calm,1345.0,1.329753231952554
calm,1346.0,1.4694239403934715
calm,1347.0,0.7559696272605186
calm,1348.0,0.46208292454305594
calm,1349.0,0.9893253982178225
calm,1350.0,1.0844818438876513
calm,1351.0,0.5075755718605621
calm,1352.0,0.30092445485434643
calm,1353.0,1.1440650441755247
calm,1354.0,1.7983831944057111
calm,1355.0,1.1048933363070776
calm,1356.0,0.2886224613818061
calm,1357.0,0.3869301393876329
calm,1358.0,0.9826389591516707
calm,1359.0,1.0579096363105978
calm,1360.0,0.8073232220185711
calm,1361.0,0.9722298891222036
calm,1362.0,1.2404748660526004
calm,1363.0,0.883409809273813
calm,1364.0,0.38861909296003766
calm,1365.0,0.5666876635568365
calm,1366.0,1.1019291591726859
calm,1367.0,1.1240703773166012
calm,1368.0,0.7745172873415086
calm,1369.0,0.8634991343403524
calm,1370.0,1.1555071462081996
calm,1371.0,0.8555308778493894
calm,1372.0,0.2908201663002457
calm,1373.0,0.5323535808309607
calm,1374.0,1.3755570854967911
calm,1375.0,1.50604362263673
calm,1376.0,0.6870104804269461
calm,1377.0,0.23688905146691003
calm,1378.0,0.7582130466133558
calm,1379.0,1.3356580564032665
calm,1380.0,1.0196120728224554
calm,1381.0,0.5387238482052942
calm,1382.0,0.7449238117824933
calm,1383.0,1.1786542001301277
calm,1384.0,1.0858023916333062
calm,1385.0,0.5153193608990736
calm,1386.0,0.4181288116135853
calm,1387.0,0.8937216402441662
calm,1388.0,1.2509771101797924
calm,1389.0,1.1469004099627078
calm,1390.0,0.7884847412762895
calm,1391.0,0.5903522381397032
calm,1392.0,0.6635502134068685
calm,1393.0,0.870568090108865
calm,1394.0,0.9915532009487271
calm,1395.0,0.9226825490165986
calm,1396.0,0.8766514938719265
calm,1397.0,1.0013466517472427
calm,1398.0,1.0365782466691784
calm,1399.0,0.700600923086201
calm,1400.0,0.3879822669951686
calm,1401.0,0.6504911660977061
calm,1402.0,1.2378881182481027
calm,1403.0,1.366763081635545
calm,1404.0,0.8773392267021336
calm,1405.0,0.5483893147405196
calm,1406.0,0.7283023651349407
calm,1407.0,0.8966122784129875
calm,1408.0,0.7465887163996233
calm,1409.0,0.7236944267249716
calm,1410.0,1.081008654200093
calm,1411.0,1.3093320380111664
calm,1412.0,0.9539757263182445
calm,1413.0,0.5402091161383403
calm,1414.0,0.5612581069591216
calm,1415.0,0.7870695902474063
calm,1416.0,0.9500977832742146
calm,1417.0,1.1202353889417656
calm,1418.0,1.2113092584069725
calm,1419.0,0.9048337571242417
calm,1420.0,0.41117291651042404
calm,1421.0,0.44462003066292494
calm,1422.0,1.097640705577104
calm,1423.0,1.3265636778821062
calm,1424.0,0.816980243661201
calm,1425.0,0.4819628698600616
calm,1426.0,0.9492558829698889
calm,1427.0,1.2901899488842687
calm,1428.0,0.707180911786723
calm,1429.0,0.18297375758761825
calm,1430.0,0.8128709156054678
calm,1431.0,1.7616329568681386
calm,1432.0,1.3678623265924974
calm,1433.0,0.25830515146106525
calm,1434.0,0.08834773772560325
calm,1435.0,1.0326505543699356
calm,1436.0,1.5350227150571272
calm,1437.0,0.9236703892839709
calm,1438.0,0.5259063710395201
calm,1439.0,0.9718841959083886
calm,1440.0,1.2114502614551754
calm,1441.0,0.6717260832402343
calm,1442.0,0.2574357889661445
calm,1443.0,0.7714359675823007
calm,1444.0,1.4398629977529476
calm,1445.0,1.215360555294672
calm,1446.0,0.7039051610237919
calm,1447.0,0.6709957664107655
calm,1448.0,0.8636883761290597
calm,1449.0,0.7271663567707004
calm,1450.0,0.6068525305562427
calm,1451.0,0.9570720768073796
calm,1452.0,1.3459022281554873
calm,1453.0,1.0792587856543652
calm,1454.0,0.581302914845969
calm,1455.0,0.618442769436745
calm,1456.0,0.9151869166900117
calm,1457.0,0.8702396562251073
calm,1458.0,0.6661764376527215
calm,1459.0,0.9068818058437393
calm,1460.0,1.2923286596789678
calm,1461.0,1.1133170945573336
calm,1462.0,0.47237724335601133
calm,1463.0,0.37313368338380654
calm,1464.0,0.9066436531292889
calm,1465.0,1.1988985114599766
calm,1466.0,0.9661519093007295
calm,1467.0,0.6922650457871188
calm,1468.0,0.8233055930228903
calm,1469.0,1.0267818598486345
calm,1470.0,0.8779230450715203
calm,1471.0,0.6212264612742154
calm,1472.0,0.673152713601622
calm,1473.0,1.0083121170635443
calm,1474.0,1.2558297848191842
calm,1475.0,1.0644950560788584
calm,1476.0,0.573824131495312
calm,1477.0,0.3761239037314705
calm,1478.0,0.751596792750606
calm,1479.0,1.3230826186736575
calm,1480.0,1.3320287684382404
calm,1481.0,0.7477694039000795
calm,1482.0,0.47161853290884853
calm,1483.0,0.7978278725539875
calm,1484.0,1.0917298336238461
calm,1485.0,0.7986340182471149
calm,1486.0,0.560090282206734
calm,1487.0,0.9843390409061799
calm,1488.0,1.4641361862833677
calm,1489.0,1.0809817813597766
calm,1490.0,0.3046861921743199
calm,1491.0,0.30022382517957646
calm,1492.0,0.9625735199295596
calm,1493.0,1.376907771068222
calm,1494.0,1.0981939895344475
calm,1495.0,0.8350012819565039
calm,1496.0,0.876761101083601
calm,1497.0,0.7723176892788075
calm,1498.0,0.5126651672941923
calm,1499.0,0.6294860915034043
calm,1500.0,1.1496627353442836
calm,1501.0,1.2839012501506806
calm,1502.0,0.9128786350833304
calm,1503.0,0.7267889907103466
calm,1504.0,0.8658282675993078
calm,1505.0,0.7891516638017961
calm,1506.0,0.49924831110571555
calm,1507.0,0.7245667705203331
calm,1508.0,1.3820762794334978
calm,1509.0,1.373327396199965
calm,1510.0,0.5870365157730696
calm,1511.0,0.21000234262078404
calm,1512.0,0.888818529961376
calm,1513.0,1.3712788586830889
calm,1514.0,0.8565007693855913
calm,1515.0,0.3929868329583545
calm,1516.0,0.9161406755755319
calm,1517.0,1.5399037220999816
calm,1518.0,0.9847659285459806
calm,1519.0,0.10232995340100047
calm,1520.0,0.3780752953871338
calm,1521.0,1.4740141311537536
calm,1522.0,1.5434915744105917
calm,1523.0,0.6533809176824338
calm,1524.0,0.269734577829567
calm,1525.0,0.8552352773954539
calm,1526.0,1.3235377329137479
calm,1527.0,0.8788863274463282
calm,1528.0,0.5274797756108307
calm,1529.0,0.868363528047983
calm,1530.0,1.2810623006021116
calm,1531.0,1.032646077194835
calm,1532.0,0.5543746435769006
calm,1533.0,0.5407758664620078
calm,1534.0,0.83544097113284
calm,1535.0,1.0018065509196672
calm,1536.0,1.0581242553416612
calm,1537.0,1.120197497056159
calm,1538.0,0.9603039362176372
calm,1539.0,0.5750587987468194
calm,1540.0,0.4696065364157429
calm,1541.0,0.8163075455049482
calm,1542.0,1.1529240205627123
calm,1543.0,1.0810196138039394
calm,1544.0,0.8794538027442567
calm,1545.0,0.9114393157898941
calm,1546.0,0.9201177346304753
calm,1547.0,0.6697176280355638
calm,1548.0,0.490948253218467
calm,1549.0,0.7682073808435202
calm,1550.0,1.2119436657710734
calm,1551.0,1.3079470066051637
calm,1552.0,0.9509007038453576
calm,1553.0,0.5756459926428947
calm,1554.0,0.5285633677165337
calm,1555.0,0.7229315844892493
calm,1556.0,1.0138769638499594
calm,1557.0,1.1627293436919675
calm,1558.0,0.9954097644714821
calm,1559.0,0.7895372899595859
calm,1560.0,0.805991988387665
calm,1561.0,0.858380149743011
calm,1562.0,0.6898707895857524
calm,1563.0,0.6180196283090782
calm,1564.0,1.0129878653707896
calm,1565.0,1.4078559376677013
calm,1566.0,1.081140885875708
calm,1567.0,0.31906348585321
calm,1568.0,0.3062141975214436
calm,1569.0,1.1117635667184176
calm,1570.0,1.4834803365929157
calm,1571.0,0.8930915158925156
calm,1572.0,0.4611807200511551
calm,1573.0,0.850422982688479
calm,1574.0,1.2388812888513399
calm,1575.0,0.7935059729167342
calm,1576.0,0.28213538124348503
calm,1577.0,0.753667166310918
calm,1578.0,1.51789278479165
calm,1579.0,1.3479463289078892
calm,1580.0,0.5569137072760714
calm,1581.0,0.35601308312628865
calm,1582.0,0.7931302507435344
calm,1583.0,1.060747983735665
calm,1584.0,0.9141183620972294
calm,1585.0,0.954919091897182
calm,1586.0,1.124489377277123
calm,1587.0,0.9191708434358703
calm,1588.0,0.5212573128441069
calm,1589.0,0.5892537712581873
calm,1590.0,1.0341582001595317
calm,1591.0,1.0112713563744173
calm,1592.0,0.6990176850849992
calm,1593.0,0.8812328213875584
calm,1594.0,1.3875454497359305
calm,1595.0,1.1051027225392263
calm,1596.0,0.2770091914949453
calm,1597.0,0.22821895521990265
calm,1598.0,1.1459322665128928
calm,1599.0,1.6529286566710342
calm,1600.0,0.9600586185581003
calm,1601.0,0.33502824667086767
calm,1602.0,0.7605713403931468
calm,1603.0,1.2953120907340028
calm,1604.0,0.8669351149704445
calm,1605.0,0.31227053946342764
calm,1606.0,0.6933756270036963
calm,1607.0,1.5197236687574274
calm,1608.0,1.4048432013532766
calm,1609.0,0.5074563426783031
calm,1610.0,0.22991730375781283
calm,1611.0,0.8486721677514475
calm,1612.0,1.2562727241008798
calm,1613.0,0.9914876779633817
calm,1614.0,0.7206428558658043
calm,1615.0,0.8628643622512472
calm,1616.0,1.021930513089885
calm,1617.0,0.806328550089177
calm,1618.0,0.600692362866018
calm,1619.0,0.7469630122949908
calm,1620.0,1.091005460468082
calm,1621.0,1.2220929602581483
calm,1622.0,1.011587839180943
calm,1623.0,0.6828412619750901
calm,1624.0,0.4745050020387245
calm,1625.0,0.6135887394315498
calm,1626.0,1.0978826152083383
calm,1627.0,1.3505364787405867
calm,1628.0,1.059433794251426
calm,1629.0,0.6647102012768852
calm,1630.0,0.6097799666855674
calm,1631.0,0.7927862441042891
calm,1632.0,0.8398546273316091
calm,1633.0,0.8134666737256991
calm,1634.0,0.9975956895961011
calm,1635.0,1.210736535592675
calm,1636.0,1.053698688805711
calm,1637.0,0.6863502440935185
calm,1638.0,0.5262373368370621
calm,1639.0,0.6552516276278539
calm,1640.0,0.8826528040078173
calm,1641.0,1.1248239807071503
calm,1642.0,1.2886876871781532
calm,1643.0,1.0636419667111532
calm,1644.0,0.5372279968014844
calm,1645.0,0.37669077745897167
calm,1646.0,0.8536929397187959
calm,1647.0,1.3097998265224287
calm,1648.0,1.0135136831889198
calm,1649.0,0.5894689412626066
calm,1650.0,0.8354016115420257
calm,1651.0,1.311867838424534
calm,1652.0,0.9733675328025269
calm,1653.0,0.23873603843557675
calm,1654.0,0.47743805796442484
calm,1655.0,1.3148295030231179
calm,1656.0,1.514178310146943
calm,1657.0,0.683058214592056
calm,1658.0,0.22052174581719575
calm,1659.0,0.8507625760298039
calm,1660.0,1.3161864098258726
calm,1661.0,0.8815296696214646
calm,1662.0,0.46541479449200635
calm,1663.0,0.900299084177027
calm,1664.0,1.365365886115417
calm,1665.0,0.9738737162188653
calm,1666.0,0.30833993062895665
calm,1667.0,0.5181865170474821
calm,1668.0,1.1820101309425246
calm,1669.0,1.2204181100905769
calm,1670.0,0.8231553949851312
calm,1671.0,0.7553442348202273
calm,1672.0,0.9433565244132237
calm,1673.0,0.7941819184280402
calm,1674.0,0.535188156883655
calm,1675.0,0.8072437271412841
calm,1676.0,1.2719776375312328
calm,1677.0,1.1556999664020682
calm,1678.0,0.6957025192543654
calm,1679.0,0.6860911316042644
calm,1680.0,0.967211845763666
calm,1681.0,0.7918460495396733
calm,1682.0,0.4510926576417098
calm,1683.0,0.7993123227113459
calm,1684.0,1.6574892721030694
calm,1685.0,1.5153689554054905
calm,1686.0,0.4840303096664734
calm,1687.0,0.07369060262772158
calm,1688.0,0.7304673437168377
calm,1689.0,1.452935457103489
calm,1690.0,1.164288491477065
calm,1691.0,0.6240307974273324
calm,1692.0,0.7895192977421635
calm,1693.0,1.2202951159166682
calm,1694.0,0.9721491241679048
calm,1695.0,0.407022814236456
calm,1696.0,0.4497665292091667
calm,1697.0,1.0995842649734777
calm,1698.0,1.5127212476261556
calm,1699.0,1.1375438417739223
calm,1700.0,0.5695406844136113
calm,1701.0,0.445825836215652
calm,1702.0,0.7449560589851892
calm,1703.0,1.0843871821186055
calm,1704.0,1.123918384885723
calm,1705.0,0.9104876306131253
calm,1706.0,0.765607781220758
calm,1707.0,0.8454679677001911
calm,1708.0,0.9166522473186298
calm,1709.0,0.7564713383247152
calm,1710.0,0.64186640602481
calm,1711.0,0.9422806630460686
calm,1712.0,1.2728253331067876
calm,1713.0,1.0569504476178955
calm,1714.0,0.5458983796787057
calm,1715.0,0.42010472298731155
calm,1716.0,0.9165230145251616
calm,1717.0,1.2198165470533127
calm,1718.0,0.9667526307374243
calm,1719.0,0.7795958896436144
calm,1720.0,0.9414348362064876
calm,1721.0,0.9867261471467156
calm,1722.0,0.6702349533962272
calm,1723.0,0.5298722981871846
calm,1724.0,0.8981155446077098
calm,1725.0,1.2574247252869828
calm,1726.0,1.0723718490936767
calm,1727.0,0.8124497651958118
calm,1728.0,0.8474538648509732
calm,1729.0,0.8241131491956183
calm,1730.0,0.5315966622634857
calm,1731.0,0.5897203145189636
calm,1732.0,1.1813109193347
calm,1733.0,1.4640660474231764
calm,1734.0,0.8925649340117362
calm,1735.0,0.3335847001911414
calm,1736.0,0.7120322238055675
calm,1737.0,1.226513231218024
calm,1738.0,0.8884693262176373
calm,1739.0,0.37605656190457265
calm,1740.0,0.8009151843206368
calm,1741.0,1.6822358227117054
calm,1742.0,1.4181868999689577
calm,1743.0,0.24701304169755167
calm,1744.0,0.06217012793725087
calm,1745.0,0.9697404672994182
calm,1746.0,1.571507792854156
calm,1747.0,1.0673821296605381
calm,1748.0,0.47709152453832576
calm,1749.0,0.7969778024053918
calm,1750.0,1.151754468592993
calm,1751.0,0.8133754901654531
calm,1752.0,0.43673975655199493
calm,1753.0,0.8092951816267947
calm,1754.0,1.3046689917825656
calm,1755.0,1.1464600681912802
calm,1756.0,0.657386973671259
calm,1757.0,0.5890217486323432
calm,1758.0,0.8321247927655937
calm,1759.0,0.8504421654244424
calm,1760.0,0.8521010370045319
calm,1761.0,1.1377116381950019
calm,1762.0,1.2438862209773554
calm,1763.0,0.7624035509651443
calm,1764.0,0.3595597364069919
calm,1765.0,0.6367749240901023
calm,1766.0,1.2197747165066986
calm,1767.0,1.2135740623497953
calm,1768.0,0.8127120894275116
calm,1769.0,0.8184110117654119
calm,1770.0,1.0425008666619675
calm,1771.0,0.8384868122431857
calm,1772.0,0.39507469085723734
calm,1773.0,0.5464441345479915
calm,1774.0,1.3054826532125858
calm,1775.0,1.5558550041057475
calm,1776.0,0.9416262776862109
calm,1777.0,0.40772813201929015
calm,1778.0,0.5350690592503337
calm,1779.0,0.9692048867020785
calm,1780.0,1.051048805173764
calm,1781.0,0.856154081274372
calm,1782.0,0.8544067751370188
calm,1783.0,1.071057283716929
calm,1784.0,1.1134784554010855
calm,1785.0,0.8036662184155565
calm,1786.0,0.4701669036030527
calm,1787.0,0.5238389200946527
calm,1788.0,1.0505213582508897
calm,1789.0,1.4725849522340113
calm,1790.0,1.1618857518822423
calm,1791.0,0.5265715400960989
calm,1792.0,0.39105145232024824
calm,1793.0,0.954788858569063
calm,1794.0,1.2732393860572033
calm,1795.0,0.8463027444541684
calm,1796.0,0.5239581353724768
calm,1797.0,0.9030754467185133
calm,1798.0,1.4162946676570725
calm,1799.0,1.0321140423736115
calm,1800.0,0.3249198615525132
calm,1801.0,0.46560978014411475
calm,1802.0,1.1802642605108689
calm,1803.0,1.3649185432580229
calm,1804.0,0.8439309109081404
calm,1805.0,0.5532130732649446
calm,1806.0,0.8372036686978496
calm,1807.0,0.9785179265103455
calm,1808.0,0.7273418595669584
calm,1809.0,0.7491009500950353
calm,1810.0,1.1875711782287153
calm,1811.0,1.2414439558029395
calm,1812.0,0.7145777844547572
calm,1813.0,0.4769643722857809
calm,1814.0,0.8260157023189368
calm,1815.0,1.073517119568294
calm,1816.0,0.8232377058302016
calm,1817.0,0.8043381822274938
calm,1818.0,1.2335097958221175
calm,1819.0,1.2538635624928958
calm,1820.0,0.4963160125480584
calm,1821.0,0.12530923827823756
calm,1822.0,0.8223841247102588
calm,1823.0,1.5538397005518891
calm,1824.0,1.2531740477126856
calm,1825.0,0.5270311857104549
calm,1826.0,0.6944850038155438
calm,1827.0,1.138717065207573
calm,1828.0,0.8499527135760394
calm,1829.0,0.25725919897839933
calm,1830.0,0.5818152083960298
calm,1831.0,1.609365070099231
calm,1832.0,1.666208217249612
calm,1833.0,0.6532825474187267
calm,1834.0,0.11714196603491223
calm,1835.0,0.6633179242599991
calm,1836.0,1.2417400639842213
calm,1837.0,1.0703493630510659
calm,1838.0,0.7386311605306329
calm,1839.0,0.9081245488706136
calm,1840.0,1.1228737818851733
calm,1841.0,0.8670912646824688
calm,1842.0,0.542535848868653
calm,1843.0,0.6764459653317869
calm,1844.0,1.00275872303964
calm,1845.0,1.0770319846197802
calm,1846.0,1.0017843134423123
calm,1847.0,0.9429655217352373
calm,1848.0,0.773153879752875
calm,1849.0,0.5545570802174186
calm,1850.0,0.6838418793382588
calm,1851.0,1.1637826850375956
calm,1852.0,1.3134223771807496
calm,1853.0,0.8666523043519465
calm,1854.0,0.5202218014021733
calm,1855.0,0.7071771387914012
calm,1856.0,1.072855610761484
calm,1857.0,0.9980746163324652
calm,1858.0,0.7405267910344366
calm,1859.0,0.8299901335369293
calm,1860.0,1.1020505615458256
calm,1861.0,1.0752197263444168
calm,1862.0,0.6854283129246174
calm,1863.0,0.4859209722522382
calm,1864.0,0.7198723391904193
calm,1865.0,1.1048087666116908
calm,1866.0,1.270420067005414
calm,1867.0,1.0570799050173787
calm,1868.0,0.6952660737338492
calm,1869.0,0.5669613628727052
calm,1870.0,0.7924512302955449
calm,1871.0,1.0051569978474828
calm,1872.0,0.8775247726477508
calm,1873.0,0.7636723972340552
calm,1874.0,1.073885672493623
calm,1875.0,1.3629866341106744
calm,1876.0,0.9180773862528696
calm,1877.0,0.22756405506291655
calm,1878.0,0.3508985101012329
calm,1879.0,1.2510886886976196
calm,1880.0,1.5995780550154077
calm,1881.0,0.9112496752452139
calm,1882.0,0.37386302379109543
calm,1883.0,0.817065355348096
calm,1884.0,1.2556764010383559
calm,1885.0,0.78133587255373
calm,1886.0,0.3278921160690179
calm,1887.0,0.8198923486104736
calm,1888.0,1.6977251542588936
calm,1889.0,1.3939222211295037
calm,1890.0,0.3957760253529288
calm,1891.0,0.24410771963021785
calm,1892.0,0.9202981273794274
calm,1893.0,1.3249453125111559
calm,1894.0,0.986311295620615
calm,1895.0,0.7919505389510166
calm,1896.0,0.9860023805271748
calm,1897.0,0.9238175151021486
calm,1898.0,0.5476048278256339
calm,1899.0,0.6191972585108432
calm,1900.0,1.1545162624574867
calm,1901.0,1.2659048731249405
calm,1902.0,0.8032643870595333
calm,1903.0,0.6382801672305511
calm,1904.0,0.9565979825171258
calm,1905.0,0.979808734823173
calm,1906.0,0.5199972112207869
calm,1907.0,0.5608403030290946
calm,1908.0,1.3472877122507847
calm,1909.0,1.6005982541930521
calm,1910.0,0.7740659023300075
calm,1911.0,0.08724512579995419
calm,1912.0,0.5373332515811021
calm,1913.0,1.3526757332650974
calm,1914.0,1.2905040348775054
calm,1915.0,0.6756208835767873
calm,1916.0,0.73039097838692
calm,1917.0,1.1693785668211822
calm,1918.0,1.043937336590871
calm,1919.0,0.42890340836631874
calm,1920.0,0.3572155788178266
calm,1921.0,1.0596631153886265
calm,1922.0,1.4247129180136524
calm,1923.0,1.0863877482009896
calm,1924.0,0.6575558973468437
calm,1925.0,0.6560615886568304
calm,1926.0,0.8239844169992101
calm,1927.0,0.8219720732238398
calm,1928.0,0.8247284347852776
calm,1929.0,0.973057891241357
calm,1930.0,1.0837269463033772
calm,1931.0,1.0077320985893239
calm,1932.0,0.8666088266021694
calm,1933.0,0.7329795595211979
calm,1934.0,0.6329184136209062
calm,1935.0,0.7297566372239923
calm,1936.0,1.049452947864861
calm,1937.0,1.2505018937859367
calm,1938.0,0.9953175857612818
calm,1939.0,0.5858567866989682
calm,1940.0,0.6108949008713519
calm,1941.0,0.9411669706365741
calm,1942.0,1.0309006177040023
calm,1943.0,0.8693378549535843
calm,1944.0,0.8462330164739787
calm,1945.0,0.9953701231389067
calm,1946.0,0.9791158882557435
calm,1947.0,0.7410542137318191
calm,1948.0,0.6528367080287014
calm,1949.0,0.8057493918229913
calm,1950.0,1.0084495979785586
calm,1951.0,1.1489355199011777
calm,1952.0,1.1238268027754366
calm,1953.0,0.8054286623242095
calm,1954.0,0.4220076748230722
calm,1955.0,0.49021436544697844
calm,1956.0,1.1719849928565844
calm,1957.0,1.5802572378171964
calm,1958.0,1.0316785268189061
calm,1959.0,0.4341594544449291
calm,1960.0,0.6316370384625488
calm,1961.0,1.1620918200317907
calm,1962.0,0.9579350922886604
calm,1963.0,0.4054472281525568
calm,1964.0,0.7141542094410032
calm,1965.0,1.6517310689088138
calm,1966.0,1.5865108323772763
calm,1967.0,0.42171406071747325
calm,1968.0,-0.03666400773405446
calm,1969.0,0.7793522852594085
calm,1970.0,1.6211470178901446
calm,1971.0,1.2245408682863415
calm,1972.0,0.5450527444229422
calm,1973.0,0.7911383708479235
calm,1974.0,1.243296079251497
calm,1975.0,0.8668176535666725
calm,1976.0,0.2844050624709431
calm,1977.0,0.5955404933939281
calm,1978.0,1.4300557992726222
calm,1979.0,1.4457252674911227
calm,1980.0,0.7407452399188972
calm,1981.0,0.48959716964875527
calm,1982.0,0.8291664596015076
calm,1983.0,0.9841763310925327
calm,1984.0,0.781613718916304
calm,1985.0,0.8531961520770032
calm,1986.0,1.1502837320100439
calm,1987.0,1.0622160665321045
calm,1988.0,0.605835263063581
calm,1989.0,0.5899530636563302
calm,1990.0,1.0103775325531144
calm,1991.0,1.07309755136493
calm,1992.0,0.7441083442582915
calm,1993.0,0.775501792882478
calm,1994.0,1.1853419483032899
calm,1995.0,1.121541264653964
calm,1996.0,0.4918131549073219
calm,1997.0,0.30380364142546407
calm,1998.0,1.0470365423857146
calm,1999.0,1.523730420343361
calm,2000.0,1.0545624059905432
calm,2001.0,0.458813249263925
calm,2002.0,0.5707593777567345
calm,2003.0,1.0816524868238124
calm,2004.0,1.0661506354678298
calm,2005.0,0.6844636914005616
calm,2006.0,0.712170694274515
calm,2007.0,1.1413396932500912
calm,2008.0,1.277510316051839
calm,2009.0,0.8797269372629657
calm,2010.0,0.4601335578339787
calm,2011.0,0.4951820536762746
calm,2012.0,0.8807306270257572
calm,2013.0,1.2557766544667295
calm,2014.0,1.298700173604248
calm,2015.0,0.9371769622690923
calm,2016.0,0.597530531841157
calm,2017.0,0.634395755364719
calm,2018.0,0.8498668776791356
calm,2019.0,0.9101535550622711
calm,2020.0,0.8393289564093135
calm,2021.0,1.002892868689849
calm,2022.0,1.257694012047052
calm,2023.0,1.0657020584774153
calm,2024.0,0.509191885967517
calm,2025.0,0.3732795073603068
calm,2026.0,0.8589315845168153
calm,2027.0,1.2742879824094062
calm,2028.0,1.1528086510532354
calm,2029.0,0.842598556454161
calm,2030.0,0.8137210254470452
calm,2031.0,0.8227062890080845
calm,2032.0,0.6760116488209814
calm,2033.0,0.7023026504473006
calm,2034.0,1.0772251963143273
calm,2035.0,1.2579993323251162
calm,2036.0,0.9303538227272333
calm,2037.0,0.6449118978811165
calm,2038.0,0.7747240288723439
calm,2039.0,0.9128099598521177
calm,2040.0,0.7516936955910423
calm,2041.0,0.8000428864355013
calm,2042.0,1.254013230037175
calm,2043.0,1.3083910863614574
calm,2044.0,0.6203846147071388
calm,2045.0,0.14524463271883342
calm,2046.0,0.7714175558468129
calm,2047.0,1.6249663289807705
calm,2048.0,1.25479576260545
calm,2049.0,0.4564957282376337
calm,2050.0,0.5867923614780887
calm,2051.0,1.3284161211823247
calm,2052.0,1.193571697037341
calm,2053.0,0.2717904888802773
calm,2054.0,0.25427381006631716
calm,2055.0,1.395161677976535
calm,2056.0,1.915229918908427
calm,2057.0,0.9213012183018445
calm,2058.0,0.10964178190817922
calm,2059.0,0.5056359848285061
calm,2060.0,1.2883989976729897
calm,2061.0,1.181523952698889
calm,2062.0,0.6477548564916196
calm,2063.0,0.790148797721505
calm,2064.0,1.2477960909820212
calm,2065.0,1.121334759439516
calm,2066.0,0.5445466280181588
calm,2067.0,0.4824708688850576
calm,2068.0,0.880012380524156
calm,2069.0,1.0801001065795373
calm,2070.0,1.0153465239826593
calm,2071.0,1.0354928705019666
calm,2072.0,1.0386551736470166
calm,2073.0,0.7260701741404779
calm,2074.0,0.47613126033137165
calm,2075.0,0.7456528537079824
calm,2076.0,1.1821564026881592
calm,2077.0,1.1636687579088336
calm,2078.0,0.7991544406131493
calm,2079.0,0.7668890476322228
calm,2080.0,0.9937043394165963
calm,2081.0,0.88155650652183
calm,2082.0,0.5743890484258969
calm,2083.0,0.712454120166014
calm,2084.0,1.2275039149965168
calm,2085.0,1.312665443562903
calm,2086.0,0.8054767306585917
calm,2087.0,0.4032487892530807
calm,2088.0,0.6509951938645461
calm,2089.0,1.0766675879021308
calm,2090.0,1.1223570251753048
calm,2091.0,0.9421989715498449
calm,2092.0,0.852909322928033
calm,2093.0,0.8718013885717798
calm,2094.0,0.8299033915759225
calm,2095.0,0.7380551492168493
calm,2096.0,0.7209713154011677
calm,2097.0,0.8950319270985685
calm,2098.0,1.2146087015244147
calm,2099.0,1.2964772642833553
calm,2100.0,0.8978781010533863
calm,2101.0,0.3554789253076249
calm,2102.0,0.346579860794631
calm,2103.0,1.0549207398056495
calm,2104.0,1.5579486674570642
calm,2105.0,1.1592870069504937
calm,2106.0,0.5764849477575971
calm,2107.0,0.6669467417067275
calm,2108.0,1.0289008863493347
calm,2109.0,0.8834269165592952
calm,2110.0,0.48549442248544783
calm,2111.0,0.7350932132660252
calm,2112.0,1.4299885023284238
calm,2113.0,1.431858689820591
calm,2114.0,0.7026836975040281
calm,2115.0,0.32705023724648663
calm,2116.0,0.6992916079800456
calm,2117.0,1.0597023066009177
calm,2118.0,0.9910132345209919
calm,2119.0,0.9443050818648572
calm,2120.0,1.1364647098195884
calm,2121.0,1.0077272038711902
calm,2122.0,0.5647140106464182
calm,2123.0,0.5159068223417249
calm,2124.0,1.0561385587472765
calm,2125.0,1.2474517840209423
calm,2126.0,0.8005563255977368
calm,2127.0,0.6320735270450369
calm,2128.0,1.094033346251934
calm,2129.0,1.2873333425656766
calm,2130.0,0.6016169888061086
calm,2131.0,0.27899353242837494
calm,2132.0,0.9598995517685628
calm,2133.0,1.6192027339026172
calm,2134.0,1.118520626547096
calm,2135.0,0.24936870723671153
calm,2136.0,0.4788251182289925
calm,2137.0,1.3266054402510687
calm,2138.0,1.2594082188554316
calm,2139.0,0.5142776518047151
calm,2140.0,0.5534291135450322
calm,2141.0,1.3399926430351554
calm,2142.0,1.4557276322966872
calm,2143.0,0.5429073852306653
calm,2144.0,0.08773736927405526
calm,2145.0,0.8175957365241362
calm,2146.0,1.5785518917811123
calm,2147.0,1.2855468977000792
calm,2148.0,0.6361417502616672
calm,2149.0,0.618351877591259
calm,2150.0,0.9497850647903923
calm,2151.0,0.9116454943930827
calm,2152.0,0.6611600512789306
calm,2153.0,0.7788549739403456
calm,2154.0,1.1543455867704633
calm,2155.0,1.274526844929236
calm,2156.0,0.9936674774600454
calm,2157.0,0.6803491050404719
calm,2158.0,0.5362830539866084
calm,2159.0,0.5972694296606178
calm,2160.0,0.9699821469827311
calm,2161.0,1.4299770352942958
calm,2162.0,1.334466985056906
calm,2163.0,0.7505053860180025
calm,2164.0,0.43000814303498336
calm,2165.0,0.6814423902146409
calm,2166.0,1.0390644582706163
calm,2167.0,1.0072358308446971
calm,2168.0,0.8612750908121234
calm,2169.0,0.9838018690402826
calm,2170.0,1.125035852595364
calm,2171.0,0.8937114432367563
calm,2172.0,0.5586473634397003
calm,2173.0,0.5939954256434592
calm,2174.0,0.9651579591011425
calm,2175.0,1.237445848327184
calm,2176.0,1.1602228796304508
calm,2177.0,0.8579949974531723
calm,2178.0,0.5769037968338848
calm,2179.0,0.5766540352607247
calm,2180.0,0.9307338034183159
calm,2181.0,1.2467008883549577
calm,2182.0,1.0859884454239976
calm,2183.0,0.7121426453451691
calm,2184.0,0.7210647676783088
calm,2185.0,1.0074912871857922
calm,2186.0,0.9530839315651914
calm,2187.0,0.5484715701454111
calm,2188.0,0.6886815720534478
calm,2189.0,1.3207317904483442
calm,2190.0,1.371782118237327
calm,2191.0,0.6713742222423139
calm,2192.0,0.15504684422881612
calm,2193.0,0.7246193328315458
calm,2194.0,1.407778886721178
calm,2195.0,1.1279497729279973
calm,2196.0,0.5861599818057581
calm,2197.0,0.8087181210626055
calm,2198.0,1.3318315052605842
calm,2199.0,1.0229283568738725
calm,2200.0,0.3292179098799853
calm,2201.0,0.40255908675247604
calm,2202.0,1.228391022879752
calm,2203.0,1.5105481173572528
calm,2204.0,0.9554103149158178
calm,2205.0,0.6229418426197695
calm,2206.0,0.836028864909222
calm,2207.0,0.8898993750605793
calm,2208.0,0.6246982836031214
calm,2209.0,0.7303072967310379
calm,2210.0,1.2612538903702972
calm,2211.0,1.3262827391951155
calm,2212.0,0.7431880025660067
calm,2213.0,0.5162521332488641
calm,2214.0,0.9464351576104452
calm,2215.0,1.0662002720503223
calm,2216.0,0.6207893575729367
calm,2217.0,0.5719190247723859
calm,2218.0,1.3148278780927702
calm,2219.0,1.6931821112922307
calm,2220.0,0.7769379608054146
calm,2221.0,0.03950395172041471
calm,2222.0,0.5482792618377993
calm,2223.0,1.4925864900312005
calm,2224.0,1.4554731346291045
calm,2225.0,0.6281978641914153
calm,2226.0,0.4968733700510688
calm,2227.0,1.048985008906821
calm,2228.0,1.1799114608037025
calm,2229.0,0.6288874478474415
calm,2230.0,0.4910145172954509
calm,2231.0,1.0707951119885422
calm,2232.0,1.4537535899632663
calm,2233.0,1.0376327411415374
calm,2234.0,0.43462441805937607
calm,2235.0,0.45774419317666026
calm,2236.0,0.9094013015542458
calm,2237.0,1.2157409664114731
calm,2238.0,1.1748401424331256
calm,2239.0,0.9702982944878314
calm,2240.0,0.7852409467629478
calm,2241.0,0.7043683890624987
calm,2242.0,0.7466003449725982
calm,2243.0,0.8251567152643576
calm,2244.0,0.889841788994466
calm,2245.0,1.0487651686644728
calm,2246.0,1.2434439339108374
calm,2247.0,1.1033917661343837
calm,2248.0,0.6278323980706548
calm,2249.0,0.35263978051208344
calm,2250.0,0.7071735665656559
calm,2251.0,1.313314473408126
calm,2252.0,1.3174274929471248
calm,2253.0,0.8790943640961518
calm,2254.0,0.7022212734270336
calm,2255.0,0.8535391807594537
calm,2256.0,0.8804335205432003
calm,2257.0,0.7137951940376943
calm,2258.0,0.757952403694334
calm,2259.0,1.0445108189715566
calm,2260.0,1.1905999517034194
calm,2261.0,1.019414449209346
calm,2262.0,0.8217700036127936
calm,2263.0,0.7158401803916027
calm,2264.0,0.6293252976066265
calm,2265.0,0.7531324792080388
calm,2266.0,1.1766516687631874
calm,2267.0,1.3323835226943614
calm,2268.0,0.8768837308996478
calm,2269.0,0.37425357086482347
calm,2270.0,0.6743620036797751
calm,2271.0,1.3117814754729096
calm,2272.0,1.1261546917207852
calm,2273.0,0.5291470595897351
calm,2274.0,0.6201933491860897
calm,2275.0,1.3553456182286385
calm,2276.0,1.4074998788223791
calm,2277.0,0.4687299387273812
calm,2278.0,0.11725468473703922
calm,2279.0,0.9798659588556256
calm,2280.0,1.6471388043084916
calm,2281.0,1.1459928666024897
calm,2282.0,0.37170231759351874
calm,2283.0,0.5769104653628631
calm,2284.0,1.1522864251685156
calm,2285.0,0.9823179853788375
calm,2286.0,0.537118543848437
calm,2287.0,0.8240801148500007
calm,2288.0,1.4853123914875992
calm,2289.0,1.2541422951726002
calm,2290.0,0.5035943313525931
calm,2291.0,0.34923940686650545
calm,2292.0,0.8973997918561136
calm,2293.0,1.1986750604444423
calm,2294.0,0.9741791064972686
calm,2295.0,0.9623945520645764
calm,2296.0,1.1983588889405548
calm,2297.0,0.9439322084065249
calm,2298.0,0.39781256349208327
calm,2299.0,0.45931388079716773
calm,2300.0,1.1145753201379982
calm,2301.0,1.4449621118357454
calm,2302.0,0.9891556881112251
calm,2303.0,0.6973183335732442
calm,2304.0,0.9462933630881758
calm,2305.0,0.9797958383516983
calm,2306.0,0.5362342895256883
calm,2307.0,0.43710089757629755
calm,2308.0,1.145077496927393
calm,2309.0,1.6759790832105648
calm,2310.0,1.1254216529896899
calm,2311.0,0.32469860534713935
calm,2312.0,0.39491776781193033
calm,2313.0,1.067316093336597
calm,2314.0,1.3024350323534521
calm,2315.0,0.9052964503741284
calm,2316.0,0.6898496396329746
calm,2317.0,0.9206605250974832
calm,2318.0,1.1176659030363625
calm,2319.0,0.8864655529651986
calm,2320.0,0.5791714427350959
calm,2321.0,0.6752827785899983
calm,2322.0,1.0580415229070261
calm,2323.0,1.3156015095404077
calm,2324.0,1.0892134560001943
calm,2325.0,0.5832978061306779
calm,2326.0,0.4195877213328845
calm,2327.0,0.8446076875568048
calm,2328.0,1.356682465700627
calm,2329.0,1.2088376204334912
calm,2330.0,0.7158597573340576
calm,2331.0,0.654343884244613
calm,2332.0,0.9982484540117771
calm,2333.0,1.0581518272842676
calm,2334.0,0.6358979406329689
calm,2335.0,0.5753718177441676
calm,2336.0,1.0982755636676689
calm,2337.0,1.4240617171362844
calm,2338.0,1.0102712949352295
calm,2339.0,0.490781695324434
calm,2340.0,0.5827387656765789
calm,2341.0,0.9375368198000692
calm,2342.0,0.9736663940366539
calm,2343.0,0.8941349573865123
calm,2344.0,1.0813066123049675
calm,2345.0,1.2064490938915327
calm,2346.0,0.8600567787475994
calm,2347.0,0.5167490280254304
calm,2348.0,0.6723273614533751
calm,2349.0,0.9768017204835149
calm,2350.0,0.9883516587368675
calm,2351.0,0.9478337454338
calm,2352.0,1.189403165322608
calm,2353.0,1.1784740459645724
calm,2354.0,0.5981264792851874
calm,2355.0,0.21845034322492357
calm,2356.0,0.8097970679275128
calm,2357.0,1.5325675950306084
calm,2358.0,1.2656609670015673
calm,2359.0,0.5055389359821825
calm,2360.0,0.5475503411266116
calm,2361.0,1.2439251643642584
calm,2362.0,1.125467101922564
calm,2363.0,0.406074283669688
calm,2364.0,0.4232578687990407
calm,2365.0,1.447809738686063
calm,2366.0,1.786941607847802
calm,2367.0,0.7523678142985333
calm,2368.0,0.0030202420765849227
calm,2369.0,0.5838144367876585
calm,2370.0,1.5161639356809273
calm,2371.0,1.3502946334294625
calm,2372.0,0.6736431699531912
calm,2373.0,0.6613302092754546
calm,2374.0,1.0539847068596326
calm,2375.0,0.9514867079288883
calm,2376.0,0.5543666256909938
calm,2377.0,0.7066021965600345
calm,2378.0,1.2603441301330427
calm,2379.0,1.2877939075153142
calm,2380.0,0.8428983451330463
calm,2381.0,0.6544370391618353
calm,2382.0,0.772492680207954
calm,2383.0,0.7764150428169488
calm,2384.0,0.7444258221888115
calm,2385.0,1.0609911855854162
calm,2386.0,1.4162839708084316
calm,2387.0,1.131265872448209
calm,2388.0,0.5109282568069187
calm,2389.0,0.4346156815537569
calm,2390.0,0.9022586862374133
calm,2391.0,1.2025061029214559
calm,2392.0,0.9737296012832803
calm,2393.0,0.8375279699227729
calm,2394.0,1.0393653259800417
calm,2395.0,1.0917664783811316
calm,2396.0,0.7206712776299696
calm,2397.0,0.43560549460692605
calm,2398.0,0.7338648042572145
calm,2399.0,1.1728303161105764
calm,2400.0,1.2631293409546576
calm,2401.0,0.9774205603502468
calm,2402.0,0.6915260810924926
calm,2403.0,0.6902448139009866
calm,2404.0,0.8538750082421724
calm,2405.0,0.9523872051900079
calm,2406.0,0.8942147833019398
calm,2407.0,0.8390860299515691
calm,2408.0,1.0032340032832967
calm,2409.0,1.2109549165616567
calm,2410.0,0.9778284142524494
calm,2411.0,0.46135598828229774
calm,2412.0,0.4617232806103276
calm,2413.0,1.1098168639212809
calm,2414.0,1.5408986627732908
calm,2415.0,1.0334340815777177
calm,2416.0,0.361118871281118
calm,2417.0,0.561402260571865
calm,2418.0,1.2363835761046411
calm,2419.0,1.2060512964475056
calm,2420.0,0.6328691241976666
calm,2421.0,0.6474850681768505
calm,2422.0,1.2602969401311588
calm,2423.0,1.3669752705126152
calm,2424.0,0.607209106438759
calm,2425.0,0.2551134657094627
calm,2426.0,0.8020053056731475
calm,2427.0,1.4109290743701195
calm,2428.0,1.280209455050536
calm,2429.0,0.8412587283576984
calm,2430.0,0.776526621390749
calm,2431.0,0.7743705505449322
calm,2432.0,0.6080126668915564
calm,2433.0,0.7004067288676586
calm,2434.0,1.2398518357647788
calm,2435.0,1.4188949639001947
calm,2436.0,0.9099851961359051
calm,2437.0,0.5350907347122194
calm,2438.0,0.7934366495458653
calm,2439.0,1.0046879989310908
calm,2440.0,0.6913388701765718
calm,2441.0,0.5782411024345044
calm,2442.0,1.2741202872285056
calm,2443.0,1.709185768996619
calm,2444.0,0.9523271926163193
calm,2445.0,0.07175882291011583
calm,2446.0,0.3783269709989041
calm,2447.0,1.3663656582505181
calm,2448.0,1.451089703655
calm,2449.0,0.7053382315708979
calm,2450.0,0.5623282653736579
calm,2451.0,1.2059722052510728
calm,2452.0,1.2696777643346908
calm,2453.0,0.5176552075238577
calm,2454.0,0.2482875539905652
calm,2455.0,1.0543135820174518
calm,2456.0,1.6439794563664625
calm,2457.0,1.1046901494916763
calm,2458.0,0.4145699130290562
calm,2459.0,0.5148574420968849
calm,2460.0,1.1109591936369974
calm,2461.0,1.1528458474081404
calm,2462.0,0.8081286729844075
calm,2463.0,0.7939509600944474
calm,2464.0,1.0443491448672708
calm,2465.0,1.0374778966854585
calm,2466.0,0.7668430199228751
calm,2467.0,0.6897391545672474
calm,2468.0,0.8438979635394566
calm,2469.0,0.9844995601839254
calm,2470.0,1.0587895929041218
calm,2471.0,1.0880108370463857
calm,2472.0,0.9401345077067101
calm,2473.0,0.6156312626586957
calm,2474.0,0.5305715261661903
calm,2475.0,0.914479640896858
calm,2476.0,1.2606832857447587
calm,2477.0,1.1410918077312113
calm,2478.0,0.8216122836014619
calm,2479.0,0.7517454458758117
calm,2480.0,0.8592635539400216
calm,2481.0,0.8387573612293899
calm,2482.0,0.7490517430155428
calm,2483.0,0.8550012105052888
calm,2484.0,1.0893050114622096
calm,2485.0,1.2031464232850437
calm,2486.0,1.0737694157232252
calm,2487.0,0.751030198366434
calm,2488.0,0.48449122588064936
calm,2489.0,0.5550019376949898
calm,2490.0,1.0367488913730947
calm,2491.0,1.5157437061798633
calm,2492.0,1.2563052684784743
calm,2493.0,0.6054898626662755
calm,2494.0,0.526805283827702
calm,2495.0,0.9427205141414022
calm,2496.0,1.0636615512891638
calm,2497.0,0.6813211851364559
calm,2498.0,0.6871070472154411
calm,2499.0,1.3170173575845385
calm,2500.0,1.523708585699336
calm,2501.0,0.6851570008325483
calm,2502.0,0.06737477958111747
calm,2503.0,0.6554697400045779
calm,2504.0,1.5263213540325569
calm,2505.0,1.396940379682527
calm,2506.0,0.5982234699062822
calm,2507.0,0.5525243823068715
calm,2508.0,1.1086317321656023
calm,2509.0,1.0990015151027184
calm,2510.0,0.5440882355906156
calm,2511.0,0.5820942085120652
calm,2512.0,1.2813530788695133
calm,2513.0,1.4559806119601946
calm,2514.0,0.790451822554723
calm,2515.0,0.36157065589380233
calm,2516.0,0.7087841771138207
calm,2517.0,1.1329742069125648
calm,2518.0,1.0731481631240185
calm,2519.0,0.966385269564531
calm,2520.0,1.0798859754659889
calm,2521.0,0.9437308562294628
calm,2522.0,0.5183380507840144
calm,2523.0,0.4878260035810514
calm,2524.0,1.117555068332357
calm,2525.0,1.3619690771484407
calm,2526.0,0.8915026739936284
calm,2527.0,0.6385887365725897
calm,2528.0,1.0624729574201994
calm,2529.0,1.2308208971416508
calm,2530.0,0.6012059371419717
calm,2531.0,0.198532430043842
calm,2532.0,0.9149145445974349
calm,2533.0,1.8312302376192735
calm,2534.0,1.3994402967948933
calm,2535.0,0.4020275217688654
calm,2536.0,0.2934631297201136
calm,2537.0,1.0518656529610653
calm,2538.0,1.3136703777986842
calm,2539.0,0.7722229662998558
calm,2540.0,0.5799263088079941
calm,2541.0,1.1024689225722675
calm,2542.0,1.4472700029072214
calm,2543.0,0.9384149797672822
calm,2544.0,0.37580459422918755
calm,2545.0,0.5391182954917286
calm,2546.0,1.0570439574298796
calm,2547.0,1.247673879888425
calm,2548.0,1.0595849269390905
calm,2549.0,0.8483609485897549
calm,2550.0,0.7744364260910942
calm,2551.0,0.7853567782565798
calm,2552.0,0.8255570844827326
calm,2553.0,0.8828926055175713
calm,2554.0,0.9443034804995073
calm,2555.0,1.0274464537483112
calm,2556.0,1.0918682052676898
calm,2557.0,0.9486075221154083
calm,2558.0,0.640954411820367
calm,2559.0,0.5531988894489963
calm,2560.0,0.945773651934938
calm,2561.0,1.3154815164790978
calm,2562.0,1.1498664451383538
calm,2563.0,0.7312040854235448
calm,2564.0,0.6008542407739365
calm,2565.0,0.813815874804875
calm,2566.0,0.9183199104414683
calm,2567.0,0.8987844919846594
calm,2568.0,1.0481690581461542
calm,2569.0,1.2130365704649728
calm,2570.0,0.989968256738943
calm,2571.0,0.632730039146239
calm,2572.0,0.607948950660832
calm,2573.0,0.8581374199069245
calm,2574.0,0.9861318024766637
calm,2575.0,1.019613469125677
calm,2576.0,1.2245053119336786
calm,2577.0,1.2333783824578683
calm,2578.0,0.690981964320212
calm,2579.0,0.1966577648554168
calm,2580.0,0.6024720014929155
calm,2581.0,1.5271912006552804
calm,2582.0,1.562001908965118
calm,2583.0,0.6970916460314651
calm,2584.0,0.4456841007798652
calm,2585.0,1.0408583469333046
calm,2586.0,1.2772732134671487
calm,2587.0,0.5754687728279648
calm,2588.0,0.2703593659048854
calm,2589.0,1.0889509322208721
calm,2590.0,1.8285672144651919
calm,2591.0,1.1978044790226803
calm,2592.0,0.17395022362453805
calm,2593.0,0.35879938996147787
calm,2594.0,1.1822355005171339
calm,2595.0,1.3317140074614304
calm,2596.0,0.7782568013884866
calm,2597.0,0.6910769032034698
calm,2598.0,1.1129394072743353
calm,2599.0,1.1259965248490151
calm,2600.0,0.6267908882849537
calm,2601.0,0.5385746318577759
calm,2602.0,1.0300992776317117
calm,2603.0,1.1894967660920277
calm,2604.0,0.9045011062299184
calm,2605.0,0.7776213593072343
calm,2606.0,0.9721921271304066
calm,2607.0,0.9140367794959255
calm,2608.0,0.618287889508989
calm,2609.0,0.7617288350805341
calm,2610.0,1.2638782075812456
calm,2611.0,1.2778592135256688
calm,2612.0,0.7163378261464469
calm,2613.0,0.4865251807794046
calm,2614.0,0.9256738958304
calm,2615.0,1.1475035231401185
calm,2616.0,0.7814991620672015
calm,2617.0,0.646712360739669
calm,2618.0,1.192316410630567
calm,2619.0,1.4924528667305053
calm,2620.0,0.8470956009410279
calm,2621.0,0.1972489796496601
calm,2622.0,0.4831449805128976
calm,2623.0,1.350383435165009
calm,2624.0,1.512781255112954
calm,2625.0,0.9337985351109805
calm,2626.0,0.611537198458331
calm,2627.0,0.8319795676757731
calm,2628.0,1.0051277685939675
calm,2629.0,0.778595421952687
calm,2630.0,0.6188492297662128
calm,2631.0,0.888933202311581
calm,2632.0,1.371503435570758
calm,2633.0,1.4067113530538222
calm,2634.0,0.8757948388656925
calm,2635.0,0.3903878204490196
calm,2636.0,0.42176088183140625
calm,2637.0,1.0017277190244531
calm,2638.0,1.4910967218980002
calm,2639.0,1.2447898111319255
calm,2640.0,0.6831701873241925
calm,2641.0,0.5981948058415897
calm,2642.0,0.9517319509281611
calm,2643.0,1.0166930407438617
calm,2644.0,0.7211653860558497
calm,2645.0,0.7340775141029707
calm,2646.0,1.2080087321390696
calm,2647.0,1.334344973947006
calm,2648.0,0.7929738056942273
calm,2649.0,0.3668334348245086
calm,2650.0,0.7038891631624783
calm,2651.0,1.2243560116226608
calm,2652.0,1.1567430521504416
calm,2653.0,0.8668809409075316
calm,2654.0,0.8895697286847312
calm,2655.0,0.9664701376936059
calm,2656.0,0.7132898226230314
calm,2657.0,0.5768177131365855
calm,2658.0,0.9979274031881887
calm,2659.0,1.4184172013897967
calm,2660.0,1.0785167626031356
calm,2661.0,0.6029198689301976
calm,2662.0,0.7153439155095515
calm,2663.0,1.0747381873880277
calm,2664.0,0.8839291534774296
calm,2665.0,0.5395533028940112
calm,2666.0,0.9589579490195339
calm,2667.0,1.5215674722411905
calm,2668.0,1.2015980783140867
calm,2669.0,0.295750819362896
calm,2670.0,0.2804135909500633
calm,2671.0,1.158715889103007
calm,2672.0,1.439952903402996
calm,2673.0,0.776391524784127
calm,2674.0,0.5090559706295015
calm,2675.0,1.2025070234998907
calm,2676.0,1.516785705132829
calm,2677.0,0.7014313086290849
calm,2678.0,0.05126989284938852
calm,2679.0,0.6540303443595913
calm,2680.0,1.5934742130335764
calm,2681.0,1.5036522429657688
calm,2682.0,0.6782375847719117
calm,2683.0,0.493481042741743
calm,2684.0,0.9235917537866134
calm,2685.0,1.0224692921027245
calm,2686.0,0.7398355705717233
calm,2687.0,0.772013516370739
calm,2688.0,1.136270494912924
calm,2689.0,1.2108703886007155
calm,2690.0,0.8828097373162102
calm,2691.0,0.6942713279097359
calm,2692.0,0.7804306504482865
calm,2693.0,0.7844269908177017
calm,2694.0,0.8182250605001606
calm,2695.0,1.1465908025869522
calm,2696.0,1.3955976925796265
calm,2697.0,0.9556920939881411
calm,2698.0,0.3990381524167952
calm,2699.0,0.5207062422447774
calm,2700.0,1.1677608933808874
calm,2701.0,1.3886971102193215
calm,2702.0,0.9339394707500176
calm,2703.0,0.6655905569909207
calm,2704.0,0.8876057548439271
calm,2705.0,1.0325583513890897
calm,2706.0,0.7492472425994875
calm,2707.0,0.6052314318329762
calm,2708.0,1.0006297856611082
calm,2709.0,1.4126506633273137
calm,2710.0,1.1986523263040356
calm,2711.0,0.646282931521631
calm,2712.0,0.41138970158130106
calm,2713.0,0.6835419461704929
calm,2714.0,1.146067675781406
calm,2715.0,1.3157716456929243
calm,2716.0,1.0898486108123275
calm,2717.0,0.7942285527957653
calm,2718.0,0.753430505845408
calm,2719.0,0.8786312123691692
calm,2720.0,0.8300350669029967
calm,2721.0,0.6493551975527426
calm,2722.0,0.8302382184333053
calm,2723.0,1.4180163942071764
calm,2724.0,1.466582121232571
calm,2725.0,0.7376784583547615
calm,2726.0,0.16139148352896865
calm,2727.0,0.581923812272982
calm,2728.0,1.4482842121959365
calm,2729.0,1.354586227192969
calm,2730.0,0.6841968102240433
calm,2731.0,0.6062794059510245
calm,2732.0,1.2081774961743215
calm,2733.0,1.2658055367770424
calm,2734.0,0.5677477884491746
calm,2735.0,0.35909255474410057
calm,2736.0,1.0161932441357542
calm,2737.0,1.5515144229711306
calm,2738.0,1.1179240097886785
calm,2739.0,0.5553040938582555
calm,2740.0,0.687153955510366
calm,2741.0,1.0144895142541173
calm,2742.0,0.8891897743641624
calm,2743.0,0.7693512415872626
calm,2744.0,1.0737476426749029
calm,2745.0,1.2512711221725938
calm,2746.0,0.8053216457416259
calm,2747.0,0.44516653820576124
calm,2748.0,0.8551431689889364
calm,2749.0,1.3148159771488486
calm,2750.0,0.9839639693900775
calm,2751.0,0.5867037598056105
calm,2752.0,0.9363414339061145
calm,2753.0,1.4213366048363052
calm,2754.0,0.9633783978802523
calm,2755.0,0.16909963274614526
calm,2756.0,0.498918105377402
calm,2757.0,1.4667944413409664
calm,2758.0,1.6466177509995952
calm,2759.0,0.7523684127534097
calm,2760.0,0.3160571385581686
calm,2761.0,0.8470057638783204
calm,2762.0,1.165810527237009
calm,2763.0,0.7789732614176729
calm,2764.0,0.5441152222181665
calm,2765.0,1.161137552315311
calm,2766.0,1.5725752904077352
calm,2767.0,1.0187700468729743
calm,2768.0,0.29180109575936797
calm,2769.0,0.3921451372230896
calm,2770.0,1.0437398526621244
calm,2771.0,1.3205136614595863
calm,2772.0,1.1185568902854184
calm,2773.0,0.9466670612965764
calm,2774.0,0.9143108957000393
calm,2775.0,0.7709976493399385
calm,2776.0,0.644561895451749
calm,2777.0,0.777674092167061
calm,2778.0,1.035504292879819
calm,2779.0,1.1281469688109966
calm,2780.0,1.0934132459960482
calm,2781.0,1.0389231618713985
calm,2782.0,0.8232836629022562
calm,2783.0,0.535411942595284
calm,2784.0,0.6065898189387617
calm,2785.0,1.1243533347358052
calm,2786.0,1.4535162643366515
calm,2787.0,1.0762963008142468
calm,2788.0,0.5750653944831621
calm,2789.0,0.5854010146794584
calm,2790.0,0.9792974775041711
calm,2791.0,1.1391611787097484
calm,2792.0,0.9417831954117915
calm,2793.0,0.8404549935926362
calm,2794.0,0.9442034239191471
calm,2795.0,1.0163804251583775
calm,2796.0,0.8894384104623108
calm,2797.0,0.7255173697865173
calm,2798.0,0.7123120012043322
calm,2799.0,0.9235992687282035
calm,2800.0,1.2621955023476048
calm,2801.0,1.2856961600971466
calm,2802.0,0.802825415000521
calm,2803.0,0.3561890581771343
calm,2804.0,0.5956580092183603
calm,2805.0,1.3205544740247823
calm,2806.0,1.4021530649083804
calm,2807.0,0.7848544838225519
calm,2808.0,0.5688618885217607
calm,2809.0,1.0688779310133225
calm,2810.0,1.2962047845739508
calm,2811.0,0.6421267360278181
calm,2812.0,0.21355972157473715
calm,2813.0,0.9311682322081735
calm,2814.0,1.760806858092403
calm,2815.0,1.358933206217723
calm,2816.0,0.3898217222682996
calm,2817.0,0.3480764129289485
calm,2818.0,1.1014663053529499
calm,2819.0,1.1915302247985304
calm,2820.0,0.6579901125781664
calm,2821.0,0.6549277835552446
calm,2822.0,1.4140932004716427
calm,2823.0,1.5580052244603124
calm,2824.0,0.6742840828158145
calm,2825.0,0.23277553370636284
calm,2826.0,0.7260031887141183
calm,2827.0,1.3299723664829668
calm,2828.0,1.189298347260757
calm,2829.0,0.8623353188605636
calm,2830.0,0.9652583383276789
calm,2831.0,1.0121116491823097
calm,2832.0,0.6283754808800592
calm,2833.0,0.5233059740657656
calm,2834.0,1.0362594463375638
calm,2835.0,1.402937260408638
calm,2836.0,1.0198777765721525
calm,2837.0,0.5685315448935071
calm,2838.0,0.8280653350207385
calm,2839.0,1.1314411301663112
calm,2840.0,0.8122768058842503
calm,2841.0,0.48851106288451995
calm,2842.0,0.998352396912538
calm,2843.0,1.6098593057746622
calm,2844.0,1.1973141905308686
calm,2845.0,0.2752846387940015
calm,2846.0,0.24416575330372522
calm,2847.0,1.142641498386111
calm,2848.0,1.6099585824929525
calm,2849.0,1.0788637799987233
calm,2850.0,0.5945323164517045
calm,2851.0,0.7783008049514906
calm,2852.0,1.0216728093078
calm,2853.0,0.8430662824698927
calm,2854.0,0.6059088098506725
calm,2855.0,0.8837910562086165
calm,2856.0,1.2862933081233108
calm,2857.0,1.254993122777084
calm,2858.0,0.8868109501556634
calm,2859.0,0.5641998428894012
calm,2860.0,0.5558308159940701
calm,2861.0,0.8199320856530793
calm,2862.0,1.1728831373495452
calm,2863.0,1.308607304327701
calm,2864.0,1.0377689723312127
calm,2865.0,0.7365893957009377
calm,2866.0,0.7462026595193975
calm,2867.0,0.8853850501303919
calm,2868.0,0.8377690717249656
calm,2869.0,0.771109063647908
calm,2870.0,1.010810373456084
calm,2871.0,1.281007124676694
calm,2872.0,1.1156938032445998
calm,2873.0,0.6316056240705062
calm,2874.0,0.5259459007869642
calm,2875.0,0.8735272432736951
calm,2876.0,1.0994420070854718
calm,2877.0,1.017586808351341
calm,2878.0,0.9506267935331497
calm,2879.0,1.0025229059511591
calm,2880.0,0.9180360959271602
calm,2881.0,0.7319183462166124
calm,2882.0,0.7739794658834427
calm,2883.0,0.9524598741537401
calm,2884.0,0.9698574213259147
calm,2885.0,0.9326800012268555
calm,2886.0,1.0909103563840978
calm,2887.0,1.1318490940435968
calm,2888.0,0.7083443946430644
calm,2889.0,0.3752106621304136
calm,2890.0,0.8418990072192831
calm,2891.0,1.604858216079394
calm,2892.0,1.3718165971962373
calm,2893.0,0.47527454536756114
calm,2894.0,0.27729291725724786
calm,2895.0,1.099427512019466
calm,2896.0,1.4801253961891676
calm,2897.0,0.7746959900839414
calm,2898.0,0.4024429699184424
calm,2899.0,1.143141480510747
calm,2900.0,1.765557432645162
calm,2901.0,0.9446212312951069
calm,2902.0,-0.0019584979598042097
calm,2903.0,0.37225336971301154
calm,2904.0,1.5502780903084465
calm,2905.0,1.7629002862875907
calm,2906.0,0.8470455382897046
calm,2907.0,0.4770903856163707
calm,2908.0,0.9028184480233281
calm,2909.0,1.0339069365559745
calm,2910.0,0.6398916287852656
calm,2911.0,0.6336148626354555
calm,2912.0,1.2659405328197253
calm,2913.0,1.5248839246444494
calm,2914.0,0.9488434802315073
calm,2915.0,0.5058454977793843
calm,2916.0,0.6715964484215015
calm,2917.0,0.9270359710071767
calm,2918.0,0.8919689572405487
calm,2919.0,0.969994445575595
calm,2920.0,1.282281987395124
calm,2921.0,1.222113718038597
calm,2922.0,0.6345416196360675
calm,2923.0,0.39041316853979136
calm,2924.0,0.8628183163407432
calm,2925.0,1.2647656053174976
calm,2926.0,1.0503950439997543
calm,2927.0,0.7415857488726995
calm,2928.0,0.9480287190428381
calm,2929.0,1.1556810953317442
calm,2930.0,0.8373138637598394
calm,2931.0,0.4449690054823974
calm,2932.0,0.7797955567520494
calm,2933.0,1.3508651265607767
calm,2934.0,1.2645213830123243
calm,2935.0,0.7360207523342557
calm,2936.0,0.4715949284965144
calm,2937.0,0.8094931156616162
calm,2938.0,1.1505047102864756
calm,2939.0,1.0679495647343178
calm,2940.0,0.8720609242974988
calm,2941.0,0.8658214957705442
calm,2942.0,0.989019983287924
calm,2943.0,1.0093054926861222
calm,2944.0,0.8327073534198535
calm,2945.0,0.627341837783488
calm,2946.0,0.7269324731473985
calm,2947.0,1.1536098874243301
calm,2948.0,1.4313725150662027
calm,2949.0,1.0840967109792867
calm,2950.0,0.46092693746578584
calm,2951.0,0.4327038615221039
calm,2952.0,0.9899356276193354
calm,2953.0,1.3185984675855575
calm,2954.0,1.0124465876444342
calm,2955.0,0.7649730118275032
calm,2956.0,1.0155723506542012
calm,2957.0,1.1677032280866089
calm,2958.0,0.754822923096757
calm,2959.0,0.3912433299666904
calm,2960.0,0.743639211919246
calm,2961.0,1.310461722205142
calm,2962.0,1.3626638739343304
calm,2963.0,0.952530202377969
calm,2964.0,0.755118650833643
calm,2965.0,0.7658636548882912
calm,2966.0,0.6700296198888946
calm,2967.0,0.708721027591874
calm,2968.0,1.1598034067800782
calm,2969.0,1.4663327662589913
calm,2970.0,1.0321036825682772
calm,2971.0,0.5339435047081951
calm,2972.0,0.6994019261271791
calm,2973.0,1.0946304778842577
calm,2974.0,0.9357751916180977
calm,2975.0,0.6312770858530178
calm,2976.0,1.0063803560336282
calm,2977.0,1.5581400100954157
calm,2978.0,1.109862441997627
calm,2979.0,0.19300277594580528
calm,2980.0,0.3026189309117765
calm,2981.0,1.4012529575907862
calm,2982.0,1.7342630722011676
calm,2983.0,0.8194497250145769
calm,2984.0,0.29910160225401417
calm,2985.0,0.9113146039431133
calm,2986.0,1.4306587551013374
calm,2987.0,0.8313978656855271
calm,2988.0,0.27922792471367475
calm,2989.0,0.9150022632288838
calm,2990.0,1.773962343995843
calm,2991.0,1.3145128586278991
calm,2992.0,0.3119099749027083
calm,2993.0,0.22515182408399798
calm,2994.0,1.0808621012614474
calm,2995.0,1.5481438860283374
calm,2996.0,1.0849040368925866
calm,2997.0,0.7460843296624573
calm,2998.0,0.9072972319417091
calm,2999.0,1.0008812566681569
calm,3000.0,0.7389734074019076
calm,3001.0,0.643758425627127
calm,3002.0,0.9211806500757794
calm,3003.0,1.1527395430442653
calm,3004.0,1.117055316041328
calm,3005.0,1.0411599698263234
calm,3006.0,0.9681771675782426
calm,3007.0,0.7082583643028915
calm,3008.0,0.4968577246486535
calm,3009.0,0.7809425721282235
calm,3010.0,1.315902539174429
calm,3011.0,1.353395547457615
calm,3012.0,0.8697232382844977
calm,3013.0,0.594291020990541
calm,3014.0,0.8309637036679917
calm,3015.0,1.0162072336185644
calm,3016.0,0.8547925336175752
calm,3017.0,0.7601841818712632
calm,3018.0,1.0194644799461992
calm,3019.0,1.256280846613213
calm,3020.0,1.0701653278462409
calm,3021.0,0.6775779025755936
calm,3022.0,0.568408159652864
calm,3023.0,0.8030375410351823
calm,3024.0,1.07841644096183
calm,3025.0,1.216116549515141
calm,3026.0,1.0655767574539996
calm,3027.0,0.7301820642294125
calm,3028.0,0.658809752417671
calm,3029.0,0.8947766955373188
calm,3030.0,1.0488814789984524
calm,3031.0,0.9083103637620283
calm,3032.0,0.8384823303604299
calm,3033.0,1.1151899983520597
calm,3034.0,1.2231254821282327
calm,3035.0,0.7378053186826147
calm,3036.0,0.2701628760569754
calm,3037.0,0.7339471156007463
calm,3038.0,1.5525112796044274
calm,3039.0,1.4998531735991911
calm,3040.0,0.6858057083234914
calm,3041.0,0.37681425335946084
calm,3042.0,0.8733340785226634
calm,3043.0,1.152831628677199
calm,3044.0,0.814929445835987
calm,3045.0,0.6876473226440908
calm,3046.0,1.2397411274794006
calm,3047.0,1.4835278881409077
calm,3048.0,0.8721358051622595
calm,3049.0,0.31105647079503534
calm,3050.0,0.5659757925500466
calm,3051.0,1.1355293509127795
calm,3052.0,1.229726444545282
calm,3053.0,1.0543444999990275
calm,3054.0,1.1039397850193782
calm,3055.0,1.0107862666803478
calm,3056.0,0.5666262821478735
calm,3057.0,0.3985239766128815
calm,3058.0,1.0157308390762374
calm,3059.0,1.562012437139728
calm,3060.0,1.1075612065907585
calm,3061.0,0.5379472148811563
calm,3062.0,0.7991188261595971
calm,3063.0,1.339968029390995
calm,3064.0,0.9634620893177813
calm,3065.0,0.2995141395228438
calm,3066.0,0.6412830576983959
calm,3067.0,1.6511406478000024
calm,3068.0,1.6491398631621892
calm,3069.0,0.5258864770269358
calm,3070.0,0.11315147932531484
calm,3071.0,0.9354735824689302
calm,3072.0,1.580404613885855
calm,3073.0,1.0444556615766152
calm,3074.0,0.47938380776983175
calm,3075.0,0.8256964780396073
calm,3076.0,1.3736452647185082
calm,3077.0,1.0724667633578646
calm,3078.0,0.41053238543231013
calm,3079.0,0.5789448594566055
calm,3080.0,1.24842091528518
calm,3081.0,1.378201623555498
calm,3082.0,0.9136061112187192
calm,3083.0,0.5969691464378344
calm,3084.0,0.7359790737116286
calm,3085.0,0.9488059312591475
calm,3086.0,0.9704134384250176
calm,3087.0,0.9699448197097893
calm,3088.0,1.0346188609912457
calm,3089.0,1.0429192881531624
calm,3090.0,0.9466996622896543
calm,3091.0,0.8357293693540265
calm,3092.0,0.7106039492551762
calm,3093.0,0.670804922161103
calm,3094.0,0.9393027926862789
calm,3095.0,1.392441559238022
calm,3096.0,1.3749505892571026
calm,3097.0,0.81676007805569
calm,3098.0,0.41694278942529384
calm,3099.0,0.6090798465190514
calm,3100.0,1.0676688650628852
calm,3101.0,1.185630770825907
calm,3102.0,1.0414295592773175
calm,3103.0,1.000578697086001
calm,3104.0,1.0104224267778181
calm,3105.0,0.839489448511996
calm,3106.0,0.654897594712767
calm,3107.0,0.7125291612427679
calm,3108.0,0.9502302182052123
calm,3109.0,1.1654234713605294
calm,3110.0,1.264036002981373
calm,3111.0,1.1405032456912036
calm,3112.0,0.721257577151539
calm,3113.0,0.3734082308141391
calm,3114.0,0.6523275884592041
calm,3115.0,1.355742278211712
calm,3116.0,1.5095354684054865
calm,3117.0,0.8404372329466523
calm,3118.0,0.42530497254944016
calm,3119.0,0.8560392780873848
calm,3120.0,1.291103783408607
calm,3121.0,0.9091920531053298
calm,3122.0,0.48259493890881694
calm,3123.0,0.9501116549452442
calm,3124.0,1.5210107574499176
calm,3125.0,1.1520708088461205
calm,3126.0,0.2559152774067798
calm,3127.0,0.3258298479243114
calm,3128.0,1.2669475442943912
calm,3129.0,1.528193444268898
calm,3130.0,0.9158730100927331
calm,3131.0,0.5785936601634154
calm,3132.0,0.9662480001839365
calm,3133.0,1.1081922112197822
calm,3134.0,0.6700842166815884
calm,3135.0,0.5187177042470945
calm,3136.0,1.1533831539871742
calm,3137.0,1.5082549336955882
calm,3138.0,1.0085073126312256
calm,3139.0,0.5547131402354072
calm,3140.0,0.7243379086388564
calm,3141.0,1.0110833796484684
calm,3142.0,0.8375316333706597
calm,3143.0,0.7779087098991769
calm,3144.0,1.2226977969063486
calm,3145.0,1.4273894513405445
calm,3146.0,0.8390365624677842
calm,3147.0,0.3346529784044558
calm,3148.0,0.7280452415231157
calm,3149.0,1.2755598449051997
calm,3150.0,1.0381480916498318
calm,3151.0,0.6094811534001029
calm,3152.0,0.9642388567293256
calm,3153.0,1.591475687392315
calm,3154.0,1.16463026290821
calm,3155.0,0.2501180929958729
calm,3156.0,0.2803078556441571
calm,3157.0,1.2262806591935067
calm,3158.0,1.747113170547353
calm,3159.0,1.0776240288704764
calm,3160.0,0.43313977203453574
calm,3161.0,0.6835926842628859
calm,3162.0,1.1737180965168337
calm,3163.0,1.0446672657850338
calm,3164.0,0.6705208134919686
calm,3165.0,0.7779523378738145
calm,3166.0,1.2123271744743143
calm,3167.0,1.3178650631603142
calm,3168.0,0.8753991660265642
calm,3169.0,0.5002433854081526
calm,3170.0,0.6056791725443562
calm,3171.0,1.0350968899035673
calm,3172.0,1.385163781950205
calm,3173.0,1.2329507149660832
calm,3174.0,0.7475994058475227
calm,3175.0,0.5279024666091948
calm,3176.0,0.7863982445101556
calm,3177.0,1.116692099284964
calm,3178.0,1.067955398056326
calm,3179.0,0.8999178325033396
calm,3180.0,1.021211144877103
calm,3181.0,1.140875027241729
calm,3182.0,0.8345541965682914
calm,3183.0,0.4449009574148746
calm,3184.0,0.6327841691975086
calm,3185.0,1.2893087155304754
calm,3186.0,1.479506653720945
calm,3187.0,1.0298415164550405
calm,3188.0,0.6876680870167942
calm,3189.0,0.7219676335851307
calm,3190.0,0.7980499103020593
calm,3191.0,0.7803697023551197
calm,3192.0,0.9648597863786761
calm,3193.0,1.2978303724116147
calm,3194.0,1.2380729374321144
calm,3195.0,0.8122899331667696
calm,3196.0,0.6706449627266942
calm,3197.0,0.8422040334509244
calm,3198.0,0.8641572298385006
calm,3199.0,0.7379181167823847
calm,3200.0,1.0350854198332704
calm,3201.0,1.4676859597310699
calm,3202.0,1.1995854827853867
calm,3203.0,0.39806671033377256
calm,3204.0,0.25265933182621475
calm,3205.0,1.136587937448869
calm,3206.0,1.549070406520442
calm,3207.0,0.9092968119896154
calm,3208.0,0.41019211324495025
calm,3209.0,0.9597336971534088
calm,3210.0,1.5869413098548288
calm,3211.0,0.9935587471965673
calm,3212.0,0.18245856907288288
calm,3213.0,0.5628993199273095
calm,3214.0,1.5169531589979137
calm,3215.0,1.5639167341790643
calm,3216.0,0.6607672107595312
calm,3217.0,0.3205314475932045
calm,3218.0,0.9389573587954341
calm,3219.0,1.2593825351925942
calm,3220.0,0.9014162989477446
calm,3221.0,0.7395040238411198
calm,3222.0,1.1059815680887315
calm,3223.0,1.2045368460068009
calm,3224.0,0.7517922459965101
calm,3225.0,0.5131616861330688
calm,3226.0,0.9099792136602181
calm,3227.0,1.21150602987963
calm,3228.0,0.9961785127515719
calm,3229.0,0.8845862922111191
calm,3230.0,1.1249321969049744
calm,3231.0,1.0752796350154685
calm,3232.0,0.5356229815247795
calm,3233.0,0.4148820506168355
calm,3234.0,1.0449310246007204
calm,3235.0,1.628898456456547
calm,3236.0,1.245996841521126
calm,3237.0,0.5959415467227666
calm,3238.0,0.6514152973230817
calm,3239.0,0.982311407396165
calm,3240.0,0.9072227163390673
calm,3241.0,0.6453999611468141
calm,3242.0,0.9353438380739821
calm,3243.0,1.4957514845698132
calm,3244.0,1.3700794870779398
calm,3245.0,0.6355634077826554
calm,3246.0,0.2854940517294874
calm,3247.0,0.6944723678044106
calm,3248.0,1.2758642541005116
calm,3249.0,1.3558529587592831
calm,3250.0,1.0145694419818907
calm,3251.0,0.7780372166980013
calm,3252.0,0.8228672120280797
calm,3253.0,0.9313027669797133
calm,3254.0,0.8744208136804554
calm,3255.0,0.7412247430746359
calm,3256.0,0.8504047246404512
calm,3257.0,1.2525330399420063
calm,3258.0,1.4016759508819683
calm,3259.0,0.8795698421955016
calm,3260.0,0.3181704046348064
calm,3261.0,0.5323573889001064
calm,3262.0,1.3612312002729292
calm,3263.0,1.5819178117942707
calm,3264.0,0.8858216032733698
calm,3265.0,0.44274015650826076
calm,3266.0,0.7906906527490514
calm,3267.0,1.2762059162187966
calm,3268.0,1.0096874590104068
calm,3269.0,0.6061669351008545
calm,3270.0,0.8797791840056
calm,3271.0,1.3380133733176263
calm,3272.0,1.1674964429582715
calm,3273.0,0.5848138734292152
calm,3274.0,0.5252036800207499
calm,3275.0,0.9603640617063708
calm,3276.0,1.1530420960694123
calm,3277.0,1.0169745035822761
calm,3278.0,1.053023326118302
calm,3279.0,1.1272502374060036
calm,3280.0,0.802490243955259
calm,3281.0,0.45782636890053524
calm,3282.0,0.7505899912079506
calm,3283.0,1.314968606788323
calm,3284.0,1.2458167216542226
calm,3285.0,0.766481167534073
calm,3286.0,0.8278954035714117
calm,3287.0,1.219262947186781
calm,3288.0,0.9899878239439124
calm,3289.0,0.32277896341954365
calm,3290.0,0.4855830286086278
calm,3291.0,1.4416690585915006
calm,3292.0,1.7175031216880925
calm,3293.0,0.847054177569245
calm,3294.0,0.21001521892906475
calm,3295.0,0.7988263222532127
calm,3296.0,1.3014851090885955
calm,3297.0,0.8824625369030816
calm,3298.0,0.44894505025932835
calm,3299.0,1.0016361801198124
calm,3300.0,1.762336820785507
calm,3301.0,1.2512920620937873
calm,3302.0,0.2707767275693767
calm,3303.0,0.28316757954451344
calm,3304.0,1.1648630300115936
calm,3305.0,1.5366842302145423
calm,3306.0,1.0417878217506806
calm,3307.0,0.6770393149570397
calm,3308.0,0.870163297587501
calm,3309.0,0.9902619121847864
calm,3310.0,0.7774063508962149
calm,3311.0,0.7728123106418731
calm,3312.0,1.105635286664917
calm,3313.0,1.236299811328527
calm,3314.0,0.9628730634928652
calm,3315.0,0.7612350257057398
calm,3316.0,0.8200784746891626
calm,3317.0,0.831461243039976
calm,3318.0,0.7811415995020656
calm,3319.0,1.0226053600759155
calm,3320.0,1.386355029248317
calm,3321.0,1.2214258935554771
calm,3322.0,0.5970878162084909
calm,3323.0,0.3619043695711891
calm,3324.0,0.8261388125324329
calm,3325.0,1.380683653113629
calm,3326.0,1.31084460121489
calm,3327.0,0.9083787284348258
calm,3328.0,0.7948461763084548
calm,3329.0,0.8868682041564123
calm,3330.0,0.8687577305883606
calm,3331.0,0.7313882676045695
calm,3332.0,0.7854547952271208
calm,3333.0,1.0656441555075038
calm,3334.0,1.3054134664574326
calm,3335.0,1.2386678046911668
calm,3336.0,0.8099867309031208
calm,3337.0,0.4399942547420797
calm,3338.0,0.5870766411672405
calm,3339.0,1.143441123510448
calm,3340.0,1.4191186726709157
calm,3341.0,1.02226389002723
calm,3342.0,0.6611693219434593
calm,3343.0,0.8998782524676329
calm,3344.0,1.203749577878349
calm,3345.0,0.8554615554932242
calm,3346.0,0.41113523369992366
calm,3347.0,0.7948536597500832
calm,3348.0,1.5525733968434674
calm,3349.0,1.4635966791537114
calm,3350.0,0.5460647308784333
calm,3351.0,0.2527065712407378
calm,3352.0,0.9993036191217555
calm,3353.0,1.4444821773691732
calm,3354.0,0.9379252708777627
calm,3355.0,0.5512868660790298
calm,3356.0,0.9782855519696216
calm,3357.0,1.4543929167563785
calm,3358.0,0.9814851369209873
calm,3359.0,0.38514103781931286
calm,3360.0,0.6577739192845923
calm,3361.0,1.2738667251827667
calm,3362.0,1.326915594291561
calm,3363.0,0.8884063905183462
calm,3364.0,0.7739055653372553
calm,3365.0,0.881923912078845
calm,3366.0,0.7605192604707571
calm,3367.0,0.7065249843193325
calm,3368.0,1.162092878202756
calm,3369.0,1.4900652648629846
calm,3370.0,1.0184552822599051
calm,3371.0,0.42182774357018904
calm,3372.0,0.6230750971323644
calm,3373.0,1.200743320957633
calm,3374.0,1.1000868069289298
calm,3375.0,0.620191608817111
calm,3376.0,0.8856505322347634
calm,3377.0,1.615337138292021
calm,3378.0,1.3410034851826347
calm,3379.0,0.30952935243087126
calm,3380.0,0.07009099663250079
calm,3381.0,1.0557220763860413
calm,3382.0,1.8425224625443948
calm,3383.0,1.2901469869991329
calm,3384.0,0.5134784143732679
calm,3385.0,0.6842919954766333
calm,3386.0,1.1292098760437943
calm,3387.0,0.9208347385955391
calm,3388.0,0.5173162831466493
calm,3389.0,0.8175318126021546
calm,3390.0,1.4849185986943012
calm,3391.0,1.4105871024185026
calm,3392.0,0.7535913255374848
calm,3393.0,0.4379537017171595
calm,3394.0,0.7307453421379742
calm,3395.0,1.0730906389269046
calm,3396.0,1.1107067942911608
calm,3397.0,1.057395662609197
calm,3398.0,1.0249370948100474
calm,3399.0,0.8991398284562312
calm,3400.0,0.7671209634001243
calm,3401.0,0.8160818277917212
calm,3402.0,0.941955527154151
calm,3403.0,0.9836445964449066
calm,3404.0,1.0079191360195605
calm,3405.0,1.0792143060899269
calm,3406.0,1.0106055304525379
calm,3407.0,0.7307731577885911
calm,3408.0,0.5956144870862445
calm,3409.0,0.926593489933057
calm,3410.0,1.2673144580870235
calm,3411.0,1.1631649916906066
calm,3412.0,0.8554839127255961
calm,3413.0,0.7236848660996908
calm,3414.0,0.8077196098869855
calm,3415.0,0.8983254570469253
calm,3416.0,0.9669967375803595
calm,3417.0,1.0556982971496438
calm,3418.0,1.048285921616065
calm,3419.0,0.9475460607800015
calm,3420.0,0.9370149452691644
calm,3421.0,0.9711605315276367
calm,3422.0,0.7714233073867215
calm,3423.0,0.5532235918753581
calm,3424.0,0.8579082594875849
calm,3425.0,1.5477739381615734
calm,3426.0,1.5576338993579306
calm,3427.0,0.6600777195660039
calm,3428.0,0.19209673132831312
calm,3429.0,0.7707051426505314
calm,3430.0,1.4659263881130522
calm,3431.0,1.157960754665692
calm,3432.0,0.5637770329633838
calm,3433.0,0.886378263342232
calm,3434.0,1.5572686486999203
calm,3435.0,1.1881366659533679
calm,3436.0,0.20708495611329672
calm,3437.0,0.2719022705306201
calm,3438.0,1.2905349318045427
calm,3439.0,1.805508301212628
calm,3440.0,1.0628042423191473
calm,3441.0,0.41726463103562805
calm,3442.0,0.7664790136828321
calm,3443.0,1.121673037150833
calm,3444.0,0.8460297706885236
calm,3445.0,0.6372125830590704
calm,3446.0,1.0932702686693059
calm,3447.0,1.4616358187586622
calm,3448.0,1.0286683615600283
calm,3449.0,0.48696652040103383
calm,3450.0,0.6514552651854814
calm,3451.0,1.0798994736974734
calm,3452.0,1.0891476119670074
calm,3453.0,0.9493781743645537
calm,3454.0,1.1102860443245333
calm,3455.0,1.127246460014483
calm,3456.0,0.6676066495252877
calm,3457.0,0.38679156147876154
calm,3458.0,0.9457389503915187
calm,3459.0,1.5501790590852118
calm,3460.0,1.2258813207965957
calm,3461.0,0.5940275102454979
calm,3462.0,0.6863460626755815
calm,3463.0,1.1734930166213562
calm,3464.0,1.0222325944790203
calm,3465.0,0.48484370361153545
calm,3466.0,0.689493499786994
calm,3467.0,1.562169019039849
calm,3468.0,1.5928914530290612
calm,3469.0,0.6962331086571444
calm,3470.0,0.16609224965488342
calm,3471.0,0.6639736839844148
calm,3472.0,1.4416898532246962
calm,3473.0,1.3458068481954697
calm,3474.0,0.8394007396484151
calm,3475.0,0.7841974050348647
calm,3476.0,1.0622557411066575
calm,3477.0,1.0536439815640724
calm,3478.0,0.7233328259414518
calm,3479.0,0.6013838096065042
calm,3480.0,0.8784842272449059
calm,3481.0,1.265182804117003
calm,3482.0,1.3607622088450229
calm,3483.0,1.0371760334993443
calm,3484.0,0.6064265208610535
calm,3485.0,0.5381638795513607
calm,3486.0,0.8927477198733673
calm,3487.0,1.192560672291648
calm,3488.0,1.1065310914659041
calm,3489.0,0.8744857886787514
calm,3490.0,0.9260758959680416
calm,3491.0,1.0751948216554572
calm,3492.0,0.8865916854615075
calm,3493.0,0.6086261941291858
calm,3494.0,0.7848071186501142
calm,3495.0,1.2321532783110165
calm,3496.0,1.2760600960811608
calm,3497.0,0.8956875274703283
calm,3498.0,0.669387795691678
calm,3499.0,0.8297203754933061
calm,3500.0,0.9252257103826654
calm,3501.0,0.8717419728895204
calm,3502.0,1.0215612354613561
calm,3503.0,1.278882350069024
calm,3504.0,1.0723878001109923
calm,3505.0,0.5949316605872293
calm,3506.0,0.6042700363829162
calm,3507.0,1.064582217087618
calm,3508.0,1.2180480668774976
calm,3509.0,0.8978279090146063
calm,3510.0,0.8898329120637709
calm,3511.0,1.2339098240976376
calm,3512.0,1.0780437967417158
calm,3513.0,0.36335103143250114
calm,3514.0,0.3100289934081767
calm,3515.0,1.3169069865663179
calm,3516.0,1.9423204378580086
calm,3517.0,1.122798252032911
calm,3518.0,0.23321088596242392
calm,3519.0,0.5669845578325067
calm,3520.0,1.3106959521898836
calm,3521.0,1.1233860191553011
calm,3522.0,0.4562264587643102
calm,3523.0,0.7720330620391384
calm,3524.0,1.6856679003243287
calm,3525.0,1.5546634380646758
calm,3526.0,0.44979898517991734
calm,3527.0,0.08794613021819134
calm,3528.0,0.8695526922323715
calm,3529.0,1.5768244671434357
calm,3530.0,1.2960453546364914
calm,3531.0,0.783817943390605
calm,3532.0,0.8462078365944973
calm,3533.0,0.99115812833725
calm,3534.0,0.7873489004782257
calm,3535.0,0.6689282417378022
calm,3536.0,1.0103324753901437
calm,3537.0,1.2191953585440887
calm,3538.0,1.0107299329501127
calm,3539.0,0.8334397503144133
calm,3540.0,0.9775787860026159
calm,3541.0,0.9807130007628474
calm,3542.0,0.6739160858382319
calm,3543.0,0.6834524511513586
calm,3544.0,1.210660595165987
calm,3545.0,1.4725536282728937
calm,3546.0,0.922114753437527
calm,3547.0,0.4037610726830779
calm,3548.0,0.714166247279792
calm,3549.0,1.296960288547072
calm,3550.0,1.1860228447052217
calm,3551.0,0.7389766591876343
calm,3552.0,0.7998777593559909
calm,3553.0,1.200132789453515
calm,3554.0,1.1346323627898804
calm,3555.0,0.6157470492242572
calm,3556.0,0.4995014659277222
calm,3557.0,1.0397571996834212
calm,3558.0,1.4447785671372733
calm,3559.0,1.2050979232183658
calm,3560.0,0.7481385714840736
calm,3561.0,0.5898226911346605
calm,3562.0,0.7985618065653148
calm,3563.0,1.0238656135607291
calm,3564.0,1.0315466142318388
calm,3565.0,0.9502158134102682
calm,3566.0,0.9946473380722369
calm,3567.0,1.17875663477844
calm,3568.0,1.1191355172164419
calm,3569.0,0.680336187268952
calm,3570.0,0.3728344075761005
calm,3571.0,0.7596211694207277
calm,3572.0,1.578871875568903
calm,3573.0,1.636308911418391
calm,3574.0,0.8311936571830882
calm,3575.0,0.3313153645944572
calm,3576.0,0.7127213233348504
calm,3577.0,1.1906020749786295
calm,3578.0,1.0155037021169235
calm,3579.0,0.7374247845959991
calm,3580.0,1.0573197579666047
calm,3581.0,1.4589441428897614
calm,3582.0,1.0546650716056012
calm,3583.0,0.42696085286144975
calm,3584.0,0.5125558897589922
calm,3585.0,1.1185115076316898
calm,3586.0,1.3343556682993372
calm,3587.0,1.0385587797562585
calm,3588.0,0.9272686335953308
calm,3589.0,1.0052118716883252
calm,3590.0,0.7743750585601861
calm,3591.0,0.5311912686340357
calm,3592.0,0.9117413079620387
calm,3593.0,1.5316888686235655
calm,3594.0,1.3063140236228754
calm,3595.0,0.5582582698045214
calm,3596.0,0.499969929972998
calm,3597.0,1.1393808866314592
calm,3598.0,1.3124390498841303
calm,3599.0,0.6892830998946069
calm,3600.0,0.6251324184185649
calm,3601.0,1.3065101877499805
calm,3602.0,1.5274318965824805
calm,3603.0,0.6544114267253819
calm,3604.0,0.0440175106678976
calm,3605.0,0.798728488826629
calm,3606.0,1.6939065486495783
calm,3607.0,1.3815179021371382
calm,3608.0,0.5567915661744409
calm,3609.0,0.6414603733138
calm,3610.0,1.2084528656681088
calm,3611.0,1.1011259117156258
calm,3612.0,0.463433899919741
calm,3613.0,0.5559642455716417
calm,3614.0,1.3729448684083132
calm,3615.0,1.5864672753183986
calm,3616.0,0.9446109542619121
calm,3617.0,0.4394624093759668
calm,3618.0,0.658627119224339
calm,3619.0,1.026695659687199
calm,3620.0,1.0396229665708883
calm,3621.0,0.9911508293559838
calm,3622.0,1.1036018707692437
calm,3623.0,1.097877138667793
calm,3624.0,0.8692770680387603
calm,3625.0,0.7539907976189285
calm,3626.0,0.844788961041844
calm,3627.0,0.8503068019220585
calm,3628.0,0.8400140140972271
calm,3629.0,1.1060940375529722
calm,3630.0,1.4299444934989607
calm,3631.0,1.1376121044738483
calm,3632.0,0.5123304684838933
calm,3633.0,0.4341447612950152
calm,3634.0,1.0029225745462491
calm,3635.0,1.4529864198659044
calm,3636.0,1.1697496220836807
calm,3637.0,0.7313189638555976
calm,3638.0,0.7462774215766852
calm,3639.0,0.9993071806954507
calm,3640.0,0.991135505242719
calm,3641.0,0.8095084997459789
calm,3642.0,0.8490518479372858
calm,3643.0,1.1095266280674236
calm,3644.0,1.2472169592761078
calm,3645.0,1.022116565206911
calm,3646.0,0.6467078420551398
calm,3647.0,0.5192475795174473
calm,3648.0,0.8627420688745998
calm,3649.0,1.4161285746142074
calm,3650.0,1.4525696943192512
calm,3651.0,0.8521400863869882
calm,3652.0,0.42102078948271837
calm,3653.0,0.7087673648710742
calm,3654.0,1.1988077661282315
calm,3655.0,1.100955283929356
calm,3656.0,0.7444960881873167
calm,3657.0,0.9854367971198793
calm,3658.0,1.429018086013422
calm,3659.0,1.0919907042926007
calm,3660.0,0.31214266128609225
calm,3661.0,0.2544257827420111
calm,3662.0,1.2547726595793796
calm,3663.0,1.782449497811798
calm,3664.0,1.1085824891355818
calm,3665.0,0.49231021959181176
calm,3666.0,0.7736705942109008
calm,3667.0,1.1875818271156415
calm,3668.0,0.8571127471516246
calm,3669.0,0.5045469475428795
calm,3670.0,0.9377929579556264
calm,3671.0,1.5973936734680103
calm,3672.0,1.3052473100984785
calm,3673.0,0.5866825131074911
calm,3674.0,0.5345486997793892
calm,3675.0,0.9743045155098995
calm,3676.0,1.0755386968346066
calm,3677.0,0.8689803987667515
calm,3678.0,1.028468958595233
calm,3679.0,1.3009108925773105
calm,3680.0,0.9695776159723314
calm,3681.0,0.4069563519626698
calm,3682.0,0.6584110898710147
calm,3683.0,1.3305523959398786
calm,3684.0,1.266279535456568
calm,3685.0,0.6529753364971499
calm,3686.0,0.6365099072033282
calm,3687.0,1.3078800887455706
calm,3688.0,1.3816016434893101
calm,3689.0,0.5444237873782535
calm,3690.0,0.2954016235940327
calm,3691.0,1.0781170202497463
calm,3692.0,1.6979495972158276
calm,3693.0,1.164681093709014
calm,3694.0,0.3213584908395384
calm,3695.0,0.5060028471878985
calm,3696.0,1.1804963334814844
calm,3697.0,1.2654752655677002
calm,3698.0,0.8392193801741828
calm,3699.0,0.8110854512154638
calm,3700.0,1.1426695684042465
calm,3701.0,1.132753941748937
calm,3702.0,0.7078565063534452
calm,3703.0,0.5113882781514522
calm,3704.0,0.8488745503253714
calm,3705.0,1.2084590874025067
calm,3706.0,1.280751453768729
calm,3707.0,1.1192406091021216
calm,3708.0,0.8390836067348254
calm,3709.0,0.6101780393069247
calm,3710.0,0.6431007513385449
calm,3711.0,0.9533146546211766
calm,3712.0,1.2297113589210447
calm,3713.0,1.1660298208894109
calm,3714.0,0.9901833437782677
calm,3715.0,0.9587330942719375
calm,3716.0,0.8768605405372639
calm,3717.0,0.6403139903881401
calm,3718.0,0.6170956528037184
calm,3719.0,1.0599144719785443
calm,3720.0,1.493082604252891
calm,3721.0,1.2745434477216226
calm,3722.0,0.7201045969462743
calm,3723.0,0.5340826759383186
calm,3724.0,0.7695983728187749
calm,3725.0,1.0350915966767964
calm,3726.0,1.1074934831566727
calm,3727.0,1.079779443706273
calm,3728.0,1.0018202473722413
calm,3729.0,0.8695123322354552
calm,3730.0,0.8261232636950131
calm,3731.0,0.9032004388426808
calm,3732.0,0.8810984653276204
calm,3733.0,0.8106631851279379
calm,3734.0,1.0168489484894847
calm,3735.0,1.3606933378294657
calm,3736.0,1.1413456538949542
calm,3737.0,0.4745567176359647
calm,3738.0,0.30309144777639013
calm,3739.0,1.1470353931872836
calm,3740.0,1.7777213818831468
calm,3741.0,1.1288786550627286
calm,3742.0,0.3741783490312145
calm,3743.0,0.5892376363342503
calm,3744.0,1.3683761412260318
calm,3745.0,1.2563847102871804
calm,3746.0,0.46870806310379803
calm,3747.0,0.5506582647320681
calm,3748.0,1.4362135666710796
calm,3749.0,1.6187523361269727
calm,3750.0,0.71143056701487
calm,3751.0,0.1619951294476244
calm,3752.0,0.7697865926776072
calm,3753.0,1.41982549453952
calm,3754.0,1.1408881176206926
calm,3755.0,0.7284186666217616
calm,3756.0,0.9819523871576062
calm,3757.0,1.2842298738508455
calm,3758.0,0.8586858326278085
calm,3759.0,0.4167263011128221
calm,3760.0,0.724895472482036
calm,3761.0,1.3387869505819432
calm,3762.0,1.3041896860028654
calm,3763.0,0.8787130545794968
calm,3764.0,0.8725929173781316
calm,3765.0,1.0294953593423706
calm,3766.0,0.7657371130332252
calm,3767.0,0.5095512067844564
calm,3768.0,0.8929121017076931
calm,3769.0,1.450828947802865
calm,3770.0,1.321993318693791
calm,3771.0,0.6378977532181681
calm,3772.0,0.5721973690818943
calm,3773.0,1.015097812979133
calm,3774.0,1.0506795099002348
calm,3775.0,0.6989850398288139
calm,3776.0,0.7638475383792669
calm,3777.0,1.3552762230398516
calm,3778.0,1.4215376060582507
calm,3779.0,0.7072160916844593
calm,3780.0,0.25813660528773363
calm,3781.0,0.7503064903456252
calm,3782.0,1.4209089322768833
calm,3783.0,1.3697305655764844
calm,3784.0,0.8409661554029931
calm,3785.0,0.6237266599463583
calm,3786.0,0.8227222851080805
calm,3787.0,0.9896347275351787
calm,3788.0,0.9506654931734936
calm,3789.0,0.915667169009177
calm,3790.0,1.0086458995629175
calm,3791.0,1.1083334024382954
calm,3792.0,1.0670791102267145
calm,3793.0,0.8076968150315551
calm,3794.0,0.5353097984197147
calm,3795.0,0.6596146154554571
calm,3796.0,1.1988400631778888
calm,3797.0,1.5507706428168138
calm,3798.0,1.155260027593764
calm,3799.0,0.5531776100759311
calm,3800.0,0.5173990550512845
calm,3801.0,0.9278817434045254
calm,3802.0,1.161551274523603
calm,3803.0,0.9823785017292711
calm,3804.0,0.9453495027558465
calm,3805.0,1.1370084718463729
calm,3806.0,1.0923126538713306
calm,3807.0,0.7039418607639825
calm,3808.0,0.5277578619894705
calm,3809.0,0.842338028643319
calm,3810.0,1.1448513022438598
calm,3811.0,1.1406070027989046
calm,3812.0,1.0604840337960064
calm,3813.0,1.0282170300312001
calm,3814.0,0.8277856748792097
calm,3815.0,0.5884589537775792
calm,3816.0,0.7545994857813536
calm,3817.0,1.1862215441291755
calm,3818.0,1.2124637578308066
calm,3819.0,0.8303078309485515
calm,3820.0,0.7629656224392602
calm,3821.0,1.1374878234614767
calm,3822.0,1.095711933168669
calm,3823.0,0.5489721164257465
calm,3824.0,0.5112158500728918
calm,3825.0,1.294118974747406
calm,3826.0,1.6491633997669524
calm,3827.0,0.8860730171530691
calm,3828.0,0.16115250472572562
calm,3829.0,0.6748122554069521
calm,3830.0,1.556305672532719
calm,3831.0,1.238075068874426
calm,3832.0,0.48354364822332996
calm,3833.0,0.6231763139119675
calm,3834.0,1.4887270860051662
calm,3835.0,1.4438849141066605
calm,3836.0,0.4524882953165372
calm,3837.0,0.22857145132200227
calm,3838.0,1.1028147589534754
calm,3839.0,1.7558875325996868
calm,3840.0,1.1850681115526676
calm,3841.0,0.4920851032346338
calm,3842.0,0.6056907149862657
calm,3843.0,1.0047390087804373
calm,3844.0,0.9750641939986356
calm,3845.0,0.8391096137742146
calm,3846.0,1.0963199163226913
calm,3847.0,1.3130749510657356
calm,3848.0,0.9862564083429118
calm,3849.0,0.595637197756288
calm,3850.0,0.6736553299767462
calm,3851.0,0.9338108251106425
calm,3852.0,0.9789275946423046
calm,3853.0,1.0056624461705983
calm,3854.0,1.2546154681937642
calm,3855.0,1.261917536661655
calm,3856.0,0.7370658185792505
calm,3857.0,0.3347992344499371
calm,3858.0,0.677437030345509
calm,3859.0,1.3043583660879938
calm,3860.0,1.393110834371329
calm,3861.0,0.9348380137291301
calm,3862.0,0.7366251336177202
calm,3863.0,0.9047506132979091
calm,3864.0,0.9266722319759572
calm,3865.0,0.7356390005628434
calm,3866.0,0.7651927078461055
calm,3867.0,1.122474457631491
calm,3868.0,1.2781059875838328
calm,3869.0,1.0390896363516993
calm,3870.0,0.6810293634110262
calm,3871.0,0.5950705343588655
calm,3872.0,0.8461497395544993
calm,3873.0,1.1181139215264684
calm,3874.0,1.1765778214475588
calm,3875.0,0.9698401061030707
calm,3876.0,0.7406069039125822
calm,3877.0,0.8174189581410245
calm,3878.0,1.0398750799496446
calm,3879.0,0.9857812570074643
calm,3880.0,0.7363020501028533
calm,3881.0,0.8475675401886272
calm,3882.0,1.2454676083453007
calm,3883.0,1.246292904236631
calm,3884.0,0.6578889197859182
calm,3885.0,0.3240281078896702
calm,3886.0,0.8699401034681957
calm,3887.0,1.4827472271057185
calm,3888.0,1.2604976131328103
calm,3889.0,0.6931784708931421
calm,3890.0,0.6941782779034991
calm,3891.0,1.0615831586255895
calm,3892.0,1.018652288408685
calm,3893.0,0.6415541787500426
calm,3894.0,0.7330960228561282
calm,3895.0,1.1922925332954974
calm,3896.0,1.305442220110987
calm,3897.0,0.9432364604740526
calm,3898.0,0.7152849923979504
calm,3899.0,0.7986542164701477
calm,3900.0,0.7744941928677945
calm,3901.0,0.7478460536118522
calm,3902.0,1.113853543904047
calm,3903.0,1.5230415949457972
calm,3904.0,1.1510200638212849
calm,3905.0,0.45589860818674804
calm,3906.0,0.4633554941383474
calm,3907.0,1.1138691055211702
calm,3908.0,1.273796932202247
calm,3909.0,0.7651758763987296
calm,3910.0,0.6879594251445744
calm,3911.0,1.3510127399451288
calm,3912.0,1.4784335922684144
calm,3913.0,0.5826928126557213
calm,3914.0,0.1079403319030094
calm,3915.0,0.852661385160083
calm,3916.0,1.7716162494150223
calm,3917.0,1.3933445693182478
calm,3918.0,0.45939683739404935
calm,3919.0,0.47946283626044073
calm,3920.0,1.184303342935778
calm,3921.0,1.2170535771486355
calm,3922.0,0.6373656976198705
calm,3923.0,0.6423346820616416
calm,3924.0,1.3069060399732848
calm,3925.0,1.4480607779899355
calm,3926.0,0.7492937008214108
calm,3927.0,0.32059449922639205
calm,3928.0,0.7432819854681976
calm,3929.0,1.3561689220305566
calm,3930.0,1.3034569451002302
calm,3931.0,0.9176118284086001
calm,3932.0,0.786544615376458
calm,3933.0,0.8201707283992905
calm,3934.0,0.7910404650210455
calm,3935.0,0.8326887865655616
calm,3936.0,1.027203358179112
calm,3937.0,1.1313265292497896
calm,3938.0,1.0372542082696983
calm,3939.0,0.9353032390326048
calm,3940.0,0.8983585171668222
calm,3941.0,0.7673526494616798
calm,3942.0,0.6335136181936307
calm,3943.0,0.8481647808201161
calm,3944.0,1.3154387846682414
calm,3945.0,1.3641600769054265
calm,3946.0,0.9096656320510803
calm,3947.0,0.5402048279469814
calm,3948.0,0.6497406967726239
calm,3949.0,0.98151843968146
calm,3950.0,1.086657614441175
calm,3951.0,1.0102062774676082
calm,3952.0,0.9846827404572263
calm,3953.0,1.0003223539316393
calm,3954.0,0.9569669181307164
calm,3955.0,0.861899580312739
calm,3956.0,0.7563384505509861
calm,3957.0,0.7230688120769972
calm,3958.0,0.9033419596864303
calm,3959.0,1.2485875173733187
calm,3960.0,1.330832477616875
calm,3961.0,0.8375321636423841
calm,3962.0,0.4202618818052516
calm,3963.0,0.7105077415053525
calm,3964.0,1.2176568935325938
calm,3965.0,1.1990119973751807
calm,3966.0,0.7432559525139901
calm,3967.0,0.7432812461017454
calm,3968.0,1.1865159059541817
calm,3969.0,1.1672521141711898
calm,3970.0,0.5595087576465312
calm,3971.0,0.4497028846835714
calm,3972.0,1.1327848280585744
calm,3973.0,1.5387543997099609
calm,3974.0,1.0319775867052716
calm,3975.0,0.40014220195724204
calm,3976.0,0.6444397120453725
calm,3977.0,1.1502690590331686
calm,3978.0,1.0697092916013302
calm,3979.0,0.7697785420258365
calm,3980.0,0.9619336145962858
calm,3981.0,1.283170897135856
calm,3982.0,0.988636394709569
calm,3983.0,0.4903158510810609
calm,3984.0,0.5961468510925847
calm,3985.0,1.1351114098321413
calm,3986.0,1.2713184868589835
calm,3987.0,1.001071920606645
calm,3988.0,0.9562814382529934
calm,3989.0,1.0217281222611363
calm,3990.0,0.7120916450925906
calm,3991.0,0.40774559493184614
calm,3992.0,0.8276115702720248
calm,3993.0,1.6036788985377262
calm,3994.0,1.4573304978105515
calm,3995.0,0.6378500945734636
calm,3996.0,0.4455828203579016
calm,3997.0,1.020912595696741
calm,3998.0,1.2131047470867997
calm,3999.0,0.6687755486222206
calm,4000.0,0.5232141704441183
calm,4001.0,1.278527224160837
calm,4002.0,1.739010014869668
calm,4003.0,0.9491378230640947
calm,4004.0,0.15524610258834798
calm,4005.0,0.4723577160589706
calm,4006.0,1.3892533742265967
calm,4007.0,1.5075883034595117
calm,4008.0,0.8456448670523724
calm,4009.0,0.5990724177580028
calm,4010.0,0.9474502526156829
calm,4011.0,1.1555962806220377
calm,4012.0,0.843348315212216
calm,4013.0,0.6489880935329649
calm,4014.0,0.9026375564760027
calm,4015.0,1.1939542636058864
calm,4016.0,1.1395761341819506
calm,4017.0,0.8483142942759693
calm,4018.0,0.6778448695261494
calm,4019.0,0.7527083783415752
calm,4020.0,0.9747551496519397
calm,4021.0,1.1338404932618786
calm,4022.0,1.0661288868706538
calm,4023.0,0.8528761702283532
calm,4024.0,0.7626884246250529
calm,4025.0,0.8979132839697246
calm,4026.0,0.9662201969255375
calm,4027.0,0.8515229673625949
calm,4028.0,0.8615807051433813
calm,4029.0,1.1231923490741125
calm,4030.0,1.2100224137205335
calm,4031.0,0.8801838989332454
calm,4032.0,0.5542220985020776
calm,4033.0,0.6711078701078752
calm,4034.0,1.0542373052648395
calm,4035.0,1.1700150204160942
calm,4036.0,1.0516451470772648
calm,4037.0,0.9916980249309688
calm,4038.0,0.9234727555176134
calm,4039.0,0.7310134435180663
calm,4040.0,0.6718279627946291
calm,4041.0,0.8880321384402764
calm,4042.0,1.1165561770463146
calm,4043.0,1.0717972604699484
calm,4044.0,0.9891535861038288
calm,4045.0,1.0720655780601207
calm,4046.0,0.9551931549880412
calm,4047.0,0.5341464089900815
calm,4048.0,0.44566569050023996
calm,4049.0,1.1120386867352376
calm,4050.0,1.6922116395701365
calm,4051.0,1.2216229748861318
calm,4052.0,0.38703660350319546
calm,4053.0,0.4658629842034048
calm,4054.0,1.1409237133726882
calm,4055.0,1.2291640469151166
calm,4056.0,0.684044550218799
calm,4057.0,0.6511688344052027
calm,4058.0,1.3055284673241325
calm,4059.0,1.4380265958397112
calm,4060.0,0.6714012539250059
calm,4061.0,0.2225861521845099
calm,4062.0,0.8204188517757581
calm,4063.0,1.454650743632356
calm,4064.0,1.2411472493256965
calm,4065.0,0.6999936204003804
calm,4066.0,0.7188741132302296
calm,4067.0,0.9789019705170456
calm,4068.0,0.8776100773818075
calm,4069.0,0.7258619994550513
calm,4070.0,1.0408364466621056
calm,4071.0,1.328691243879296
calm,4072.0,0.9994511653699879
calm,4073.0,0.5834356799235275
calm,4074.0,0.6971306472307014
calm,4075.0,1.0828019074630924
calm,4076.0,1.0103450585699931
calm,4077.0,0.7779475810690901
calm,4078.0,1.0097609618425083
calm,4079.0,1.3438353958128726
calm,4080.0,1.0013060060913574
calm,4081.0,0.387343852583479
calm,4082.0,0.5103689503160478
calm,4083.0,1.2286409582993278
calm,4084.0,1.4208367696881548
calm,4085.0,0.8831352300601335
calm,4086.0,0.6427119222451078
calm,4087.0,1.0197485671179118
calm,4088.0,1.182090569269443
calm,4089.0,0.7079743583519272
calm,4090.0,0.42497457786143494
calm,4091.0,0.9210776439129889
calm,4092.0,1.532933997106043
calm,4093.0,1.3278946329276988
calm,4094.0,0.6670237944894665
calm,4095.0,0.46580868235414374
calm,4096.0,0.8265404593651386
calm,4097.0,1.1365959560932035
calm,4098.0,1.032205059344227
calm,4099.0,0.8495538797246154
calm,4100.0,0.9035310581353638
calm,4101.0,1.1049181832301904
calm,4102.0,1.097055216339381
calm,4103.0,0.7880649737995205
calm,4104.0,0.5560559040226012
calm,4105.0,0.7347002264090512
calm,4106.0,1.2504360512662345
calm,4107.0,1.4477950565037554
calm,4108.0,0.9482314239618376
calm,4109.0,0.4556114552789436
calm,4110.0,0.6206855736275264
calm,4111.0,1.1388497696129949
calm,4112.0,1.2165259902345529
calm,4113.0,0.8742619140885541
calm,4114.0,0.7914205307205353
calm,4115.0,1.0479422552720237
calm,4116.0,1.0440278237475173
calm,4117.0,0.6811968216583744
calm,4118.0,0.6144976299655456
calm,4119.0,1.0440321207334031
calm,4120.0,1.3339617463781626
calm,4121.0,1.0712269742345564
calm,4122.0,0.7490412522528833
calm,4123.0,0.7481715175985973
calm,4124.0,0.8140234206009997
calm,4125.0,0.7798628761068677
calm,4126.0,0.9525308829341378
calm,4127.0,1.3182977431904563
calm,4128.0,1.2665671759713726
calm,4129.0,0.7039611014110576
calm,4130.0,0.46186564273305625
calm,4131.0,0.8336913439174782
calm,4132.0,1.184922662618069
calm,4133.0,0.9680446947285775
calm,4134.0,0.7962524000358673
calm,4135.0,1.1611368773761157
calm,4136.0,1.2910978721981758
calm,4137.0,0.7193470438364833
calm,4138.0,0.18167788653469957
calm,4139.0,0.7061905547079307
calm,4140.0,1.5424711181493784
calm,4141.0,1.3989258920163896
calm,4142.0,0.6348885767848504
calm,4143.0,0.5297316777601414
calm,4144.0,1.1286992821657826
calm,4145.0,1.1855960886742667
calm,4146.0,0.6027602901149136
calm,4147.0,0.4849431070923381
calm,4148.0,1.177589963632997
calm,4149.0,1.5453384368341194
calm,4150.0,0.9794154372146945
calm,4151.0,0.40709546677424335
calm,4152.0,0.6415115933845381
calm,4153.0,1.1331768050061752
calm,4154.0,1.1106671755460307
calm,4155.0,0.8733808041794012
calm,4156.0,0.9290473027925542
calm,4157.0,1.0435482166463648
calm,4158.0,0.851154628329195
calm,4159.0,0.6833791325272742
calm,4160.0,0.9116953877696037
calm,4161.0,1.1207281861867262
calm,4162.0,0.9455359324901953
calm,4163.0,0.7885912820078197
calm,4164.0,0.9953481181500973
calm,4165.0,1.1551792211357257
calm,4166.0,0.7962503682795969
calm,4167.0,0.5099735938818026
calm,4168.0,0.8462493318727327
calm,4169.0,1.3998596098411666
calm,4170.0,1.3124528532199915
calm,4171.0,0.6922801343631823
calm,4172.0,0.4906752268163428
calm,4173.0,0.8425905323626219
calm,4174.0,1.1338762507185995
calm,4175.0,1.0005989753834077
calm,4176.0,0.8623210560039236
calm,4177.0,1.0186679737295454
calm,4178.0,1.1422023610592889
calm,4179.0,0.9159345119467592
calm,4180.0,0.5813488801392989
calm,4181.0,0.5815467601407928
calm,4182.0,0.95563399737207
calm,4183.0,1.3522066304393556
calm,4184.0,1.3227162618798105
calm,4185.0,0.8706905757401461
calm,4186.0,0.5342730843086991
calm,4187.0,0.6715022304791297
calm,4188.0,1.0175160808545238
calm,4189.0,1.070513459677304
calm,4190.0,0.862888078534862
calm,4191.0,0.9213010789468502
calm,4192.0,1.2444362713542256
calm,4193.0,1.1217627225902445
calm,4194.0,0.5385351570203204
calm,4195.0,0.35234417779949895
calm,4196.0,0.9988730611992066
calm,4197.0,1.6264184338116838
calm,4198.0,1.2358113218305846
calm,4199.0,0.5348503965852589
calm,4200.0,0.5413183895622683
calm,4201.0,1.0744553681351963
calm,4202.0,1.1538455549563038
calm,4203.0,0.7616153751522952
calm,4204.0,0.7522650337558016
calm,4205.0,1.1611720280079503
calm,4206.0,1.223586287850778
calm,4207.0,0.7464638102149914
calm,4208.0,0.5528674602391384
calm,4209.0,0.8871578441903201
calm,4210.0,1.143145326156973
calm,4211.0,1.0146229781942482
calm,4212.0,0.9357601098903238
calm,4213.0,1.021677566776958
calm,4214.0,0.8692469836581499
calm,4215.0,0.5255863029226727
calm,4216.0,0.6826051532696747
calm,4217.0,1.3181513434604797
calm,4218.0,1.4018980258641278
calm,4219.0,0.7889169264409264
calm,4220.0,0.4949686059195481
calm,4221.0,0.9346008741277427
calm,4222.0,1.2473421657296648
calm,4223.0,0.7916216887166072
calm,4224.0,0.4492037492787028
calm,4225.0,1.0017103006239203
calm,4226.0,1.5697952104955946
calm,4227.0,1.173360821976049
calm,4228.0,0.3503994424190779
calm,4229.0,0.4077651754917083
calm,4230.0,1.1096884815421495
calm,4231.0,1.2705374593985312
calm,4232.0,0.8478729869706716
calm,4233.0,0.738021076937197
calm,4234.0,1.1576103123488548
calm,4235.0,1.187980331399754
calm,4236.0,0.6745244982744559
calm,4237.0,0.43359650518562565
calm,4238.0,0.8705472301582153
calm,4239.0,1.3245230384373228
calm,4240.0,1.1958042196332814
calm,4241.0,0.8641028887349783
calm,4242.0,0.7830075461036473
calm,4243.0,0.8274304090749183
calm,4244.0,0.7812176787304346
calm,4245.0,0.8254282362021694
calm,4246.0,1.0449330749988146
calm,4247.0,1.154604711972992
calm,4248.0,0.9694815378474771
calm,4249.0,0.8031316213657225
calm,4250.0,0.8479454997415812
calm,4251.0,0.8675952081967429
calm,4252.0,0.7963034519449501
calm,4253.0,0.8965553983340382
calm,4254.0,1.1773160717732185
calm,4255.0,1.2032595215012976
calm,4256.0,0.8033990198775517
calm,4257.0,0.5028904681721517
calm,4258.0,0.7072566782583224
calm,4259.0,1.1503015666249232
calm,4260.0,1.288364903344318
calm,4261.0,1.030243199554352
calm,4262.0,0.7664508436976883
calm,4263.0,0.7111770446307173
calm,4264.0,0.8201461442914694
calm,4265.0,0.9603405289937901
calm,4266.0,0.9873393434895582
calm,4267.0,0.928307238070277
calm,4268.0,0.9814670482601862
calm,4269.0,1.1315349947575053
calm,4270.0,1.0160070497583895
calm,4271.0,0.5844177950839018
calm,4272.0,0.4275135179682666
calm,4273.0,0.9586387091416738
calm,4274.0,1.6066917762050854
calm,4275.0,1.337008068337528
calm,4276.0,0.570847135583336
calm,4277.0,0.4468076732795145
calm,4278.0,0.9864160674235503
calm,4279.0,1.2299633865439754
calm,4280.0,0.7745240278452068
calm,4281.0,0.6106976062784848
calm,4282.0,1.1588070546838998
calm,4283.0,1.4751015742825229
calm,4284.0,0.8853831967725346
calm,4285.0,0.2789292697023618
calm,4286.0,0.6210196994466884
calm,4287.0,1.2935306793360093
calm,4288.0,1.2438885172296752
calm,4289.0,0.758631416187263
calm,4290.0,0.7507940144813667
calm,4291.0,1.1359188848901023
calm,4292.0,1.053625774345034
calm,4293.0,0.6200947125869186
calm,4294.0,0.6587810094876216
calm,4295.0,1.1007882026626448
calm,4296.0,1.2364813023127335
calm,4297.0,0.8956581522370034
calm,4298.0,0.7461998315778914
calm,4299.0,0.9193863137984687
calm,4300.0,0.9056766348588055
calm,4301.0,0.7177952289621335
calm,4302.0,0.8973708218780703
calm,4303.0,1.2679003235715165
calm,4304.0,1.1420850692418825
calm,4305.0,0.5858062082466358
calm,4306.0,0.48991591942393653
calm,4307.0,1.0603095501096675
calm,4308.0,1.2668526840076135
calm,4309.0,0.8384283512641856
calm,4310.0,0.624191144555651
calm,4311.0,1.086012279645415
calm,4312.0,1.3494683883938847
calm,4313.0,0.7972851141373226
calm,4314.0,0.2852656377884837
calm,4315.0,0.6984241220584605
calm,4316.0,1.5011494455542962
calm,4317.0,1.4729481929697812
calm,4318.0,0.771178854633751
calm,4319.0,0.4679045183427788
calm,4320.0,0.7728953555587011
calm,4321.0,1.0188234936979657
calm,4322.0,0.9232272020604618
calm,4323.0,0.8834099740622365
calm,4324.0,1.0993640654080516
calm,4325.0,1.1742795322638575
calm,4326.0,0.917154166973981
calm,4327.0,0.6453244481886206
calm,4328.0,0.6295903659658224
calm,4329.0,0.8415326486731172
calm,4330.0,1.0978657536227983
calm,4331.0,1.2365601078942314
calm,4332.0,1.1088052697386368
calm,4333.0,0.7687590618148682
calm,4334.0,0.597074359387576
calm,4335.0,0.7680532848137153
calm,4336.0,1.020191353880304
calm,4337.0,1.0639819323453559
calm,4338.0,0.9768577933728503
calm,4339.0,0.9772974353395644
calm,4340.0,0.960442748149312
calm,4341.0,0.7958744865796021
calm,4342.0,0.6726401927791055
calm,4343.0,0.8549836243377266
calm,4344.0,1.1078859498123592
calm,4345.0,1.094002753805983
calm,4346.0,0.9176812778319096
calm,4347.0,0.8226029971053076
calm,4348.0,0.8081015086732749
calm,4349.0,0.7895400711052031
calm,4350.0,0.8894361655142353
calm,4351.0,1.1064913611292337
calm,4352.0,1.1107858429849626
calm,4353.0,0.8174526218409446
calm,4354.0,0.67281309340193
calm,4355.0,0.9284711221603452
calm,4356.0,1.1003664358995757
calm,4357.0,0.8195516580590703
calm,4358.0,0.6606151905468127
calm,4359.0,1.0809976011770397
calm,4360.0,1.431026643618367
calm,4361.0,0.9427591735520592
calm,4362.0,0.2691001797105909
calm,4363.0,0.4994278180032499
calm,4364.0,1.379615018959557
calm,4365.0,1.507342926791012
calm,4366.0,0.7622910382779645
calm,4367.0,0.4910595677151504
calm,4368.0,1.035378913334892
calm,4369.0,1.3262362983698281
calm,4370.0,0.7235818615581379
calm,4371.0,0.335810499419017
calm,4372.0,0.8793949583971251
calm,4373.0,1.5661924224724357
calm,4374.0,1.319449724715156
calm,4375.0,0.5813958019835496
calm,4376.0,0.5127459351471824
calm,4377.0,0.9035501886087478
calm,4378.0,1.0075802760616488
calm,4379.0,0.8671915711676137
calm,4380.0,0.9844952766155066
calm,4381.0,1.2128336537000033
calm,4382.0,1.015162026550948
calm,4383.0,0.6217902053737003
calm,4384.0,0.6534131777481639
calm,4385.0,0.9681903565123323
calm,4386.0,1.0375432761146073
calm,4387.0,0.9071906299366385
calm,4388.0,1.007685527079139
calm,4389.0,1.1614874332004645
calm,4390.0,0.8763244088064813
calm,4391.0,0.47069755876901914
calm,4392.0,0.6599520115580815
calm,4393.0,1.2500744330562452
calm,4394.0,1.3391084354137082
calm,4395.0,0.8269916286805604
calm,4396.0,0.5516663635939499
calm,4397.0,0.8706171015520626
calm,4398.0,1.10034557717649
calm,4399.0,0.863281504764295
calm,4400.0,0.7054153090135217
calm,4401.0,1.0468263520309018
calm,4402.0,1.2984813082261484
calm,4403.0,0.953655668364831
calm,4404.0,0.49253155243785157
calm,4405.0,0.538353414250151
calm,4406.0,1.0668438819114427
calm,4407.0,1.3384241807888528
calm,4408.0,1.1024478486349512
calm,4409.0,0.79310200940861
calm,4410.0,0.7090669862807459
calm,4411.0,0.8187266280975614
calm,4412.0,0.9232607700609093
calm,4413.0,0.9182161065005514
calm,4414.0,0.8851942047979199
calm,4415.0,0.9787426278634982
calm,4416.0,1.1418559524393403
calm,4417.0,1.0696822724489268
calm,4418.0,0.7027514735484492
calm,4419.0,0.46975879103215373
calm,4420.0,0.7821748996581049
calm,4421.0,1.2841445682254866
calm,4422.0,1.2843448718346409
calm,4423.0,0.8514769446384756
calm,4424.0,0.6594588579772496
calm,4425.0,0.8685131630679142
calm,4426.0,0.974438473310197
calm,4427.0,0.80104311383473
calm,4428.0,0.7769705925553702
calm,4429.0,1.05532952001107
calm,4430.0,1.178882301517052
calm,4431.0,0.9339299005688284
calm,4432.0,0.7137767513675285
calm,4433.0,0.8133052903593305
calm,4434.0,0.8970684929504718
calm,4435.0,0.8166731688107397
calm,4436.0,0.9059609178743697
calm,4437.0,1.2062418227847065
calm,4438.0,1.1504398967080203
calm,4439.0,0.6518270569494417
calm,4440.0,0.5088603449536805
calm,4441.0,0.9713448311813028
calm,4442.0,1.3019529141138233
calm,4443.0,0.9527727423626958
calm,4444.0,0.6203708986973852
calm,4445.0,0.9264714829316981
calm,4446.0,1.2577126084049104
calm,4447.0,0.8521629453463008
calm,4448.0,0.36838193138785064
calm,4449.0,0.7757501316723766
calm,4450.0,1.5322365643255356
calm,4451.0,1.384168074894267
calm,4452.0,0.5233734610630436
calm,4453.0,0.32864384085417536
calm,4454.0,0.9753547357787884
calm,4455.0,1.3218034679299915
calm,4456.0,0.8919948922260756
calm,4457.0,0.6363554928136677
calm,4458.0,1.07038534867383
calm,4459.0,1.3297457754841444
calm,4460.0,0.8206900957187724
calm,4461.0,0.3391336159452084
calm,4462.0,0.647394293878997
calm,4463.0,1.3024226247262662
calm,4464.0,1.394769062704567
calm,4465.0,0.9592586275615511
calm,4466.0,0.7227459053373914
calm,4467.0,0.7572256574349504
calm,4468.0,0.7626706063070451
calm,4469.0,0.7972673479820949
calm,4470.0,1.0287510500289925
calm,4471.0,1.182311445974055
calm,4472.0,1.0155121488153003
calm,4473.0,0.7912083477972398
calm,4474.0,0.8353965809317703
calm,4475.0,0.9163568949990106
calm,4476.0,0.7710596068611336
calm,4477.0,0.7147509152722693
calm,4478.0,1.0471554665485008
calm,4479.0,1.3479541574563367
calm,4480.0,1.049002317310919
calm,4481.0,0.5405109147346431
calm,4482.0,0.5394050560299504
calm,4483.0,1.0192074753090852
calm,4484.0,1.2457636832980736
calm,4485.0,0.9775564473538211
calm,4486.0,0.7476888661766253
calm,4487.0,0.8503582039626363
calm,4488.0,1.00597479402847
calm,4489.0,0.9195307697802515
calm,4490.0,0.7655391450686695
calm,4491.0,0.8193603521281283
calm,4492.0,1.0131201589942382
calm,4493.0,1.1048006942178994
calm,4494.0,0.9840102900423102
calm,4495.0,0.7267274893498321
calm,4496.0,0.6234466679625202
calm,4497.0,0.8684640407761289
calm,4498.0,1.1578323989852404
calm,4499.0,1.1117934615705318
calm,4500.0,0.8103478159585481
calm,4501.0,0.7214558790632659
calm,4502.0,0.9604009724864411
calm,4503.0,1.0146457998738947
calm,4504.0,0.721491755657204
calm,4505.0,0.6380780625578049
calm,4506.0,1.1091456042773253
calm,4507.0,1.4294510050718505
calm,4508.0,1.0083663141351302
calm,4509.0,0.43254559470945986
calm,4510.0,0.527017519399869
calm,4511.0,1.0766025713253677
calm,4512.0,1.187983465373036
calm,4513.0,0.8789349751072661
calm,4514.0,0.8402539293355533
calm,4515.0,1.1261709256316161
calm,4516.0,1.0448604700866062
calm,4517.0,0.6112557026562948
calm,4518.0,0.546190198208482
calm,4519.0,0.979945535155412
calm,4520.0,1.2632323430031904
calm,4521.0,1.0473534974671241
calm,4522.0,0.8540152775501629
calm,4523.0,0.9260553161995372
calm,4524.0,0.8393959752151604
calm,4525.0,0.5804572232582396
calm,4526.0,0.7231612130822398
calm,4527.0,1.3007161147674533
calm,4528.0,1.4187791499746418
calm,4529.0,0.7733313775318567
calm,4530.0,0.3982122299972171
calm,4531.0,0.8300541291628749
calm,4532.0,1.285038212307923
calm,4533.0,0.9692270721488893
calm,4534.0,0.5643225831781137
calm,4535.0,0.8964561285349016
calm,4536.0,1.397435702270103
calm,4537.0,1.0745378575386113
calm,4538.0,0.3590524539872766
calm,4539.0,0.4672066134917751
calm,4540.0,1.2367834828713629
calm,4541.0,1.4904724091743045
calm,4542.0,0.9013109070571118
calm,4543.0,0.4988070128121723
calm,4544.0,0.7644494969405198
calm,4545.0,1.0717454632254266
calm,4546.0,0.9340733886120381
calm,4547.0,0.7578335548821117
calm,4548.0,0.981679055017228
calm,4549.0,1.1726408037113636
calm,4550.0,0.9743955578966366
calm,4551.0,0.6627378596931148
calm,4552.0,0.6469291060701678
calm,4553.0,0.8749112397885618
calm,4554.0,1.0365949476118035
calm,4555.0,1.083063624053879
calm,4556.0,1.0568863084277658
calm,4557.0,0.9098562960227837
calm,4558.0,0.7146610093944468
calm,4559.0,0.7187354892146421
calm,4560.0,0.920091161612752
calm,4561.0,0.9996409113717898
calm,4562.0,0.9146989233810383
calm,4563.0,0.9387001514006171
calm,4564.0,1.093403651108878
calm,4565.0,1.0159550767149184
calm,4566.0,0.6806956625831231
calm,4567.0,0.5620384908188257
calm,4568.0,0.8743043479157339
calm,4569.0,1.2330029703350807
calm,4570.0,1.1725353610549418
calm,4571.0,0.8636029233455343
calm,4572.0,0.7157725807894001
calm,4573.0,0.791725760980195
calm,4574.0,0.8984105175922146
calm,4575.0,0.9278485826753928
calm,4576.0,0.9194355743775876
calm,4577.0,0.9179253091495486
calm,4578.0,0.9648168857908475
calm,4579.0,1.0361623551011163
calm,4580.0,0.9389770905722132
calm,4581.0,0.6709192161218879
calm,4582.0,0.6116945604200783
calm,4583.0,1.0106589754970627
calm,4584.0,1.4005374033274482
calm,4585.0,1.1123997201845461
calm,4586.0,0.4994506032931069
calm,4587.0,0.4718339224955437
calm,4588.0,1.0564219043224934
calm,4589.0,1.308138778463462
calm,4590.0,0.8940904273904043
calm,4591.0,0.6431571270184547
calm,4592.0,0.9947987785443664
calm,4593.0,1.2054633278490496
calm,4594.0,0.764731950427387
calm,4595.0,0.38276509249602114
calm,4596.0,0.8188749084931202
calm,4597.0,1.45540101476977
calm,4598.0,1.28498613691473
calm,4599.0,0.6687314119308646
calm,4600.0,0.5499204887416553
calm,4601.0,0.9047192947639126
calm,4602.0,0.9815200429063268
calm,4603.0,0.7796483640974536
calm,4604.0,0.903960872597928
calm,4605.0,1.28086257942166
calm,4606.0,1.1532538005722353
calm,4607.0,0.6341113197003262
calm,4608.0,0.5159796437280748
calm,4609.0,0.899870245144016
calm,4610.0,1.1378014131920153
calm,4611.0,0.943854773142422
calm,4612.0,0.8992223072571341
calm,4613.0,1.1141883734262432
calm,4614.0,1.024793343934708
calm,4615.0,0.5550257819926743
calm,4616.0,0.4970920954763225
calm,4617.0,1.0505228702754599
calm,4618.0,1.3588063644882493
calm,4619.0,0.9574419448753092
calm,4620.0,0.5739375349997465
calm,4621.0,0.8533501750396338
calm,4622.0,1.2012869659107113
calm,4623.0,0.9183685757940829
calm,4624.0,0.5127512752191662
calm,4625.0,0.7579348728969304
calm,4626.0,1.307390370107953
calm,4627.0,1.2729840415780227
calm,4628.0,0.6829105505953863
calm,4629.0,0.45264972763234756
calm,4630.0,0.8530875400497869
calm,4631.0,1.2083335189858537
calm,4632.0,1.0732570622829662
calm,4633.0,0.8046412801137258
calm,4634.0,0.7949752862516863
calm,4635.0,0.925825300291285
calm,4636.0,0.9453869468015289
calm,4637.0,0.849122542268754
calm,4638.0,0.8078351586362443
calm,4639.0,0.8806164355894645
calm,4640.0,1.0258949199886094
calm,4641.0,1.1072100976051702
calm,4642.0,0.9305501509927717
calm,4643.0,0.6341339481428238
calm,4644.0,0.6212971768609146
calm,4645.0,0.9540739045558585
calm,4646.0,1.2363238711879372
calm,4647.0,1.0957797894293055
calm,4648.0,0.8043015858678012
calm,4649.0,0.768655636174565
calm,4650.0,0.8670253571219124
calm,4651.0,0.8223268320452162
calm,4652.0,0.75867250846345
calm,4653.0,0.9483025237386117
calm,4654.0,1.206222513621834
calm,4655.0,1.132036695796896
calm,4656.0,0.802530770329791
calm,4657.0,0.6368623465884191
calm,4658.0,0.7215296695667914
calm,4659.0,0.871159187144446
calm,4660.0,1.0201519997267583
calm,4661.0,1.159636989210857
calm,4662.0,1.097434923387365
calm,4663.0,0.7810745194548276
calm,4664.0,0.6031425284430721
calm,4665.0,0.8114689313015179
calm,4666.0,1.0392328549999827
calm,4667.0,0.9420386242541525
calm,4668.0,0.8110468137221278
calm,4669.0,1.0426213966832993
calm,4670.0,1.201036809050322
calm,4671.0,0.8079098707326604
calm,4672.0,0.36890412099296094
calm,4673.0,0.6833418160966088
calm,4674.0,1.4295670258894877
calm,4675.0,1.38207344304989
calm,4676.0,0.6541888593628348
calm,4677.0,0.38790190891986653
calm,4678.0,0.9527851940673184
calm,4679.0,1.333513609122452
calm,4680.0,0.8804232349503294
calm,4681.0,0.5299030539059327
calm,4682.0,0.9239405139768084
calm,4683.0,1.3636151342913656
calm,4684.0,1.014390985855173
calm,4685.0,0.43389232091263175
calm,4686.0,0.5730468039641873
calm,4687.0,1.1694865822201206
calm,4688.0,1.2691679336138286
calm,4689.0,0.8919888025662716
calm,4690.0,0.7582055363177123
calm,4691.0,0.9130474015314529
calm,4692.0,0.8704158527231954
calm,4693.0,0.6789473188931867
calm,4694.0,0.8275922740998837
calm,4695.0,1.1848459909994635
calm,4696.0,1.146295957294217
calm,4697.0,0.7964259383406916
calm,4698.0,0.7252103855739651
calm,4699.0,0.9417565786643137
calm,4700.0,0.9267309640096786
calm,4701.0,0.6777323076638263
calm,4702.0,0.7771250057517523
calm,4703.0,1.1994707083339207
calm,4704.0,1.287582578321821
calm,4705.0,0.7978919446720009
calm,4706.0,0.4820182034599056
calm,4707.0,0.7599836236881007
calm,4708.0,1.0722270358225854
calm,4709.0,1.0025902542919818
calm,4710.0,0.8165275467018768
calm,4711.0,0.9488751656827666
calm,4712.0,1.1219869962453164
calm,4713.0,0.926986664774117
calm,4714.0,0.5979013657421217
calm,4715.0,0.6308283099096226
calm,4716.0,0.9999950713524288
calm,4717.0,1.2241475938187432
calm,4718.0,1.0818450129461288
calm,4719.0,0.7877094285387264
calm,4720.0,0.6665945061254382
calm,4721.0,0.7887117450075241
calm,4722.0,0.9717930008655906
calm,4723.0,1.0168798617203003
calm,4724.0,0.9054786018601446
calm,4725.0,0.8541260897021594
calm,4726.0,0.9699476326422137
calm,4727.0,1.0006805653229802
calm,4728.0,0.7620871731310498
calm,4729.0,0.6007740900069085
calm,4730.0,0.8888056600875087
calm,4731.0,1.3202635744232107
calm,4732.0,1.215476720057087
calm,4733.0,0.6663113795821717
calm,4734.0,0.4644643613914567
calm,4735.0,0.8182119465416406
calm,4736.0,1.18030304962919
calm,4737.0,1.0774208070396185
calm,4738.0,0.8649778315027423
calm,4739.0,0.9117076891200704
calm,4740.0,0.9606453418140639
calm,4741.0,0.7808627169929946
calm,4742.0,0.64855864504404
calm,4743.0,0.8526343430133532
calm,4744.0,1.090699032213155
calm,4745.0,1.0637763232621575
calm,4746.0,0.9492354893447704
calm,4747.0,0.9373261144814401
calm,4748.0,0.8241151348759568
calm,4749.0,0.5975027018967187
calm,4750.0,0.6752720447943317
calm,4751.0,1.1699649631762827
calm,4752.0,1.3764320584576457
calm,4753.0,0.9129657188119372
calm,4754.0,0.5192604203594426
calm,4755.0,0.7720473870356767
calm,4756.0,1.1488452724558365
calm,4757.0,0.9292841746415199
calm,4758.0,0.5628084991618748
calm,4759.0,0.8469800258564832
calm,4760.0,1.3871197201300978
calm,4761.0,1.1915147131916508
calm,4762.0,0.47660689038352316
calm,4763.0,0.39753484405464484
calm,4764.0,1.0755805511510943
calm,4765.0,1.3346063710090617
calm,4766.0,0.857394841450821
calm,4767.0,0.5517964984875009
calm,4768.0,0.939519750512158
calm,4769.0,1.2827917752340736
calm,4770.0,0.884939543589959
calm,4771.0,0.48513794665858123
calm,4772.0,0.7617668865387696
calm,4773.0,1.274979353259908
calm,4774.0,1.2036906167939256
calm,4775.0,0.7332445656630199
calm,4776.0,0.6105616830379123
calm,4777.0,0.8633681582903046
calm,4778.0,0.9957670902081649
calm,4779.0,0.9284613012304549
calm,4780.0,0.9533658924958548
calm,4781.0,1.0253414813414203
calm,4782.0,0.9045054653114406
calm,4783.0,0.7067340739635779
calm,4784.0,0.7616064381900073
calm,4785.0,0.9481501328948398
calm,4786.0,0.9671083639882226
calm,4787.0,0.9025146113949405
calm,4788.0,1.0002430076536757
calm,4789.0,1.0828271959145739
calm,4790.0,0.8486954065947251
calm,4791.0,0.5386298543739614
calm,4792.0,0.6397151924660954
calm,4793.0,1.096169709087162
calm,4794.0,1.3245003980065415
calm,4795.0,1.055684246601233
calm,4796.0,0.7117866532343292
calm,4797.0,0.6717228797542287
calm,4798.0,0.806518787259089
calm,4799.0,0.9055922622745048
calm,4800.0,0.9409552493965729
calm,4801.0,0.982237174174197
calm,4802.0,1.0198534172279692
calm,4803.0,0.9967278195000436
calm,4804.0,0.877335975789462
calm,4805.0,0.6864124352925738
calm,4806.0,0.6358793313712989
calm,4807.0,0.8884335221329522
calm,4808.0,1.2290956361015437
calm,4809.0,1.196765524077379
calm,4810.0,0.759643205991302
calm,4811.0,0.5546229415730176
calm,4812.0,0.8349305335405776
calm,4813.0,1.1066653917273217
calm,4814.0,0.9474219016488639
calm,4815.0,0.7298436288269359
calm,4816.0,0.9239510173796971
calm,4817.0,1.1622052154566016
calm,4818.0,0.9270652104579435
calm,4819.0,0.5074917139731159
calm,4820.0,0.6570911879483268
calm,4821.0,1.183673823687782
calm,4822.0,1.2462189347308679
calm,4823.0,0.8175362620192305
calm,4824.0,0.6113457049293421
calm,4825.0,0.8654279375999046
calm,4826.0,1.0384422039389254
calm,4827.0,0.8529487069996633
calm,4828.0,0.7795490256586575
calm,4829.0,1.0070307822704232
calm,4830.0,1.0947447714078642
calm,4831.0,0.852158881688286
calm,4832.0,0.6857915660421767
calm,4833.0,0.8425413373702471
calm,4834.0,0.9383200124575279
calm,4835.0,0.8282945969222709
calm,4836.0,0.8983648046275201
calm,4837.0,1.202054567339904
calm,4838.0,1.1278849259994939
calm,4839.0,0.611373039403057
calm,4840.0,0.4160321329135698
calm,4841.0,0.9226131015509836
calm,4842.0,1.359248908800613
calm,4843.0,1.0286658572618064
calm,4844.0,0.5995504698942965
calm,4845.0,0.8336924628623873
calm,4846.0,1.2626369587934496
calm,4847.0,0.969115109504979
calm,4848.0,0.4099106730184103
calm,4849.0,0.5606512673884296
calm,4850.0,1.2931564402503188
calm,4851.0,1.4979419485788892
calm,4852.0,0.8480370221343161
calm,4853.0,0.4262124388679959
calm,4854.0,0.7330139385257898
calm,4855.0,1.0920594603774132
calm,4856.0,0.9665649045971801
calm,4857.0,0.7622983822184103
calm,4858.0,0.933413176599715
calm,4859.0,1.153395402087757
calm,4860.0,0.9572149892537116
calm,4861.0,0.6342304647436893
calm,4862.0,0.6615224742168887
calm,4863.0,0.9539991271942286
calm,4864.0,1.1161001509413149
calm,4865.0,1.0355860170573272
calm,4866.0,0.8900127646008309
calm,4867.0,0.7802073070707821
calm,4868.0,0.7282942293298911
calm,4869.0,0.8222517605886613
calm,4870.0,1.0047508745677123
calm,4871.0,1.056806812466871
calm,4872.0,0.9358053453677626
calm,4873.0,0.8293660533013205
calm,4874.0,0.840544407163518
calm,4875.0,0.8308910711092861
calm,4876.0,0.7758974277378444
calm,4877.0,0.8630430170457093
calm,4878.0,1.1005581745908473
calm,4879.0,1.139999734011705
calm,4880.0,0.8860308231287074
calm,4881.0,0.6506038887201041
calm,4882.0,0.6699446398561548
calm,4883.0,0.877031286793823
calm,4884.0,1.0400798318459386
calm,4885.0,1.080032897550219
calm,4886.0,1.0063361522823735
calm,4887.0,0.8321030470793223
calm,4888.0,0.7119956333542932
calm,4889.0,0.8037489124215028
calm,4890.0,0.9546144326865809
calm,4891.0,0.9077316738096156
calm,4892.0,0.8098831015074082
calm,4893.0,0.9757645417407438
calm,4894.0,1.197855666910942
calm,4895.0,0.9760218968556512
calm,4896.0,0.4945623531421754
calm,4897.0,0.5175974366672301
calm,4898.0,1.0785116895658355
calm,4899.0,1.3613930608654772
calm,4900.0,0.9429293413136057
calm,4901.0,0.5613575044082749
calm,4902.0,0.817347052562652
calm,4903.0,1.153202663790383
calm,4904.0,0.9154522939138728
calm,4905.0,0.550368766540343
calm,4906.0,0.7774971184859655
calm,4907.0,1.2362521838299496
calm,4908.0,1.1825002821163988
calm,4909.0,0.6798669055856578
calm,4910.0,0.5664492382568665
calm,4911.0,0.9178164080920366
calm,4912.0,1.0444100901875428
calm,4913.0,0.8702605271229958
calm,4914.0,0.848209709533151
calm,4915.0,1.0425162377297357
calm,4916.0,0.9788982734715345
calm,4917.0,0.6751066860989127
calm,4918.0,0.6706226193744744
calm,4919.0,1.0180147524176528
calm,4920.0,1.1345603583954222
calm,4921.0,0.887342593911535
calm,4922.0,0.7872580979442939
calm,4923.0,0.9624005744497116
calm,4924.0,0.9255771982042212
calm,4925.0,0.6261408866242978
calm,4926.0,0.6681488288956033
calm,4927.0,1.1861601758223907
calm,4928.0,1.3858222521266852
calm,4929.0,0.865417848011093
calm,4930.0,0.43622794495838524
calm,4931.0,0.6972546792654046
calm,4932.0,1.1369684973749392
calm,4933.0,1.0300487208099915
calm,4934.0,0.707065704795446
calm,4935.0,0.8708478640892352
calm,4936.0,1.2581768306702739
calm,4937.0,1.0714388451984278
calm,4938.0,0.5221870695042561
calm,4939.0,0.4341833302277146
calm,4940.0,0.9669880837235798
calm,4941.0,1.4011254637990347
calm,4942.0,1.1527958013875967
calm,4943.0,0.720326100725778
calm,4944.0,0.653131071500241
calm,4945.0,0.8446916572129994
calm,4946.0,0.9459517834129918
calm,4947.0,0.8880710438366574
calm,4948.0,0.8625613626702101
calm,4949.0,0.944377576065245
calm,4950.0,1.0321956830828098
calm,4951.0,0.9768772024564928
calm,4952.0,0.7793966194831996
calm,4953.0,0.6514650676626595
calm,4954.0,0.7928845821813727
calm,4955.0,1.09039811867357
calm,4956.0,1.14937594310418
calm,4957.0,0.8786210279780147
calm,4958.0,0.6579266274423194
calm,4959.0,0.7745013425815891
calm,4960.0,0.9927294016060284
calm,4961.0,0.9657128936230346
calm,4962.0,0.843672382906334
calm,4963.0,0.9012940823205251
calm,4964.0,1.005869212001543
calm,4965.0,0.8966611936601199
calm,4966.0,0.7174518575623158
calm,4967.0,0.7752420243441288
calm,4968.0,0.9801354342655957
calm,4969.0,1.0050728108180647
calm,4970.0,0.9065296969448521
calm,4971.0,0.9134266281931722
calm,4972.0,0.9285829894288997
calm,4973.0,0.7621300531842945
calm,4974.0,0.6638949590675461
calm,4975.0,0.8957792051200626
calm,4976.0,1.165873371677075
calm,4977.0,1.046585553958813
calm,4978.0,0.7357650049579176
calm,4979.0,0.774604018444736
calm,4980.0,0.9901401986098191
calm,4981.0,0.8767879388548361
calm,4982.0,0.5904389959426485
calm,4983.0,0.7883434440285848
calm,4984.0,1.322186134646293
calm,4985.0,1.3061163711062227
calm,4986.0,0.6580989118746741
calm,4987.0,0.3577091048150276
calm,4988.0,0.8197362478935005
calm,4989.0,1.229705376800345
calm,4990.0,0.9983326741610562
calm,4991.0,0.6725771415036909
calm,4992.0,0.9052467465217591
calm,4993.0,1.213830307356338
calm,4994.0,0.9280280119744151
calm,4995.0,0.478921232083883
calm,4996.0,0.6183275961426927
calm,4997.0,1.1365588209318094
calm,4998.0,1.264290438197526
calm,4999.0,0.9152423721113373
calm,5000.0,0.7029658599202996
calm,5001.0,0.8039680847776108
calm,5002.0,0.8432208967463262
calm,5003.0,0.7949117258919561
calm,5004.0,0.9409194969215412
calm,5005.0,1.1463312250159978
calm,5006.0,0.9965079934889761
calm,5007.0,0.6782887294646598
calm,5008.0,0.6845531652142467
calm,5009.0,0.9861235276384106
calm,5010.0,1.0323434065483683
calm,5011.0,0.8001894225869338
calm,5012.0,0.8124405543569668
calm,5013.0,1.093980599853315
calm,5014.0,1.0739839631904256
calm,5015.0,0.6479118688101017
calm,5016.0,0.5075251280878866
calm,5017.0,0.9386447848118102
calm,5018.0,1.3289997431417417
calm,5019.0,1.0908847699381659
calm,5020.0,0.6693904659857496
calm,5021.0,0.6671456169830767
calm,5022.0,0.9262219516999423
calm,5023.0,0.9717680050550778
calm,5024.0,0.7992396285296196
calm,5025.0,0.8229516859814308
calm,5026.0,1.0591594006884228
calm,5027.0,1.1181282155695287
calm,5028.0,0.8676585341087004
calm,5029.0,0.6146074696932162
calm,5030.0,0.6557587612289325
calm,5031.0,0.9389760255973421
calm,5032.0,1.1390765365809408
calm,5033.0,1.048568684330088
calm,5034.0,0.818901470992413
calm,5035.0,0.7414624675106486
calm,5036.0,0.8905442555732437
calm,5037.0,0.9647212212459093
calm,5038.0,0.7947044541104341
calm,5039.0,0.6949657512143423
calm,5040.0,0.951465059401124
calm,5041.0,1.268207908373129
calm,5042.0,1.0720485209607935
calm,5043.0,0.5924476479927292
calm,5044.0,0.5215334182432445
calm,5045.0,0.9380875029830418
calm,5046.0,1.1989437812968418
calm,5047.0,0.9663391861425318
calm,5048.0,0.7383242403440016
calm,5049.0,0.8708944968428637
calm,5050.0,1.0218396217386378
calm,5051.0,0.8392072495532168
calm,5052.0,0.6761146625225516
calm,5053.0,0.8553762472840412
calm,5054.0,1.0979362532541668
calm,5055.0,1.018144242333953
calm,5056.0,0.8013752162433092
calm,5057.0,0.8046862758274171
calm,5058.0,0.872886537898321
calm,5059.0,0.7912107396917005
calm,5060.0,0.8024429431168371
calm,5061.0,1.083345795375459
calm,5062.0,1.2065980992375647
calm,5063.0,0.8243490961834183
calm,5064.0,0.4671643390958369
calm,5065.0,0.7097015634263211
calm,5066.0,1.1743741407460715
calm,5067.0,1.134728192517941
calm,5068.0,0.746981214406878
calm,5069.0,0.7755966693552325
calm,5070.0,1.0857060311631834
calm,5071.0,0.9866365922703679
calm,5072.0,0.5236246716957018
calm,5073.0,0.5318903133882171
calm,5074.0,1.143223449582947
calm,5075.0,1.4092381588021252
calm,5076.0,0.9436142080776349
calm,5077.0,0.502796655990102
calm,5078.0,0.697863503215074
calm,5079.0,1.018613967286351
calm,5080.0,0.9276733705189741
calm,5081.0,0.7373349265645365
calm,5082.0,0.9376271063330464
calm,5083.0,1.1981455360417066
calm,5084.0,0.9963725243589291
calm,5085.0,0.6180165295701233
calm,5086.0,0.6058568579896483
calm,5087.0,0.9239395818235115
calm,5088.0,1.070326145590847
calm,5089.0,0.9720244746762771
calm,5090.0,0.9182735045440138
calm,5091.0,0.9191531205306043
calm,5092.0,0.804511010551758
calm,5093.0,0.7086546116604074
calm,5094.0,0.853793375479403
calm,5095.0,1.0433598586220698
calm,5096.0,0.9697556871181284
calm,5097.0,0.7932104536878071
calm,5098.0,0.8411552397118324
calm,5099.0,1.0084847457629695
calm,5100.0,0.9171858301154254
calm,5101.0,0.6874849781204212
calm,5102.0,0.7496036303725958
calm,5103.0,1.0669882919270681
calm,5104.0,1.1653452565396891
calm,5105.0,0.8585764453778271
calm,5106.0,0.6028618605645873
calm,5107.0,0.725315077497603
calm,5108.0,1.0115288960870004
calm,5109.0,1.0852182524139162
calm,5110.0,0.9233674398468857
calm,5111.0,0.7983226170826772
calm,5112.0,0.8311843190066042
calm,5113.0,0.9224578008979017
calm,5114.0,0.904134960892372
calm,5115.0,0.7768915193296669
calm,5116.0,0.7571110508408397
calm,5117.0,0.9755668168442084
calm,5118.0,1.202552135421358
calm,5119.0,1.0303162540980293
calm,5120.0,0.6031244251628942
calm,5121.0,0.5146459409825948
calm,5122.0,0.9071757541248872
calm,5123.0,1.229737811074819
calm,5124.0,1.029727828821536
calm,5125.0,0.7290406829619587
calm,5126.0,0.841093538413812
calm,5127.0,1.0483813339967025
calm,5128.0,0.8414269513876934
calm,5129.0,0.5303140809945548
calm,5130.0,0.7311221674745841
calm,5131.0,1.2759799526746005
calm,5132.0,1.30675454984023
calm,5133.0,0.7715771595060785
calm,5134.0,0.5091542489106388
calm,5135.0,0.7909834860498907
calm,5136.0,1.0441338504827862
calm,5137.0,0.9047156336108195
calm,5138.0,0.7990240778333383
calm,5139.0,1.000188168194655
calm,5140.0,1.1021534625667082
calm,5141.0,0.8120169695635439
calm,5142.0,0.6024358708820376
calm,5143.0,0.799594691122359
calm,5144.0,1.0552466634064164
calm,5145.0,0.9951334828601935
calm,5146.0,0.8573242351790759
calm,5147.0,0.9307243169107619
calm,5148.0,0.9387123679658891
calm,5149.0,0.6950076306382691
calm,5150.0,0.6189780446566223
calm,5151.0,1.0129221997760567
calm,5152.0,1.2782299164859583
calm,5153.0,0.951631661305207
calm,5154.0,0.5298763315551798
calm,5155.0,0.6765708287280106
calm,5156.0,1.1181500161666098
calm,5157.0,1.0731069867942034
calm,5158.0,0.6844869120945596
calm,5159.0,0.7185230457865042
calm,5160.0,1.1293878979009773
calm,5161.0,1.1630955653442567
calm,5162.0,0.6893617143493195
calm,5163.0,0.4514808892219421
calm,5164.0,0.8392783957035249
calm,5165.0,1.2239969990819883
calm,5166.0,1.0907049811111251
calm,5167.0,0.7817333382169204
calm,5168.0,0.7670221533822177
calm,5169.0,0.8962835425119603
calm,5170.0,0.8524942222825556
calm,5171.0,0.7546397033100828
calm,5172.0,0.8584568161335492
calm,5173.0,1.0367650330654037
calm,5174.0,1.0267338220085325
calm,5175.0,0.8980314539179495
calm,5176.0,0.8137883035434048
calm,5177.0,0.7732714891338406
calm,5178.0,0.7517410039097847
calm,5179.0,0.8385016677314187
calm,5180.0,1.0223549260311575
calm,5181.0,1.085626344635282
calm,5182.0,0.9088667240860184
calm,5183.0,0.7452460387058688
calm,5184.0,0.7819483175089785
calm,5185.0,0.8652666611725388
calm,5186.0,0.8607404570345103
calm,5187.0,0.8744315050294951
calm,5188.0,0.9934416721673978
calm,5189.0,1.042868277171711
calm,5190.0,0.8819128938469448
calm,5191.0,0.6953554392709167
calm,5192.0,0.717645355205358
calm,5193.0,0.8943001437940427
calm,5194.0,1.0356993965487935
calm,5195.0,1.038777027000981
calm,5196.0,0.9086155916101808
calm,5197.0,0.7401149658734448
calm,5198.0,0.7048360562935742
calm,5199.0,0.8829946588513162
calm,5200.0,1.0474906132658826
calm,5201.0,0.9535412978722178
calm,5202.0,0.7863115582328831
calm,5203.0,0.8619612257985372
calm,5204.0,1.0334510008689513
calm,5205.0,0.8765685286100513
calm,5206.0,0.5678793849228545
calm,5207.0,0.694174406898017
calm,5208.0,1.2477690404152555
calm,5209.0,1.3668876009317628
calm,5210.0,0.781651954468199
calm,5211.0,0.3838855350175615
calm,5212.0,0.6982990497329109
calm,5213.0,1.2116253956592666
calm,5214.0,1.1045354877507514
calm,5215.0,0.7053092069122381
calm,5216.0,0.7876075888132109
calm,5217.0,1.1318793407538692
calm,5218.0,1.0246165789561283
calm,5219.0,0.5658478928852781
calm,5220.0,0.5437375098286239
calm,5221.0,1.0180711316375293
calm,5222.0,1.2563341730245103
calm,5223.0,0.9661003500725084
calm,5224.0,0.7182504547244478
calm,5225.0,0.8179797680491147
calm,5226.0,0.8979939416862922
calm,5227.0,0.7660528883617038
calm,5228.0,0.770020243095664
calm,5229.0,1.0270796006776155
calm,5230.0,1.119947914876602
calm,5231.0,0.8625733517868571
calm,5232.0,0.6935471750635711
calm,5233.0,0.8486088538106833
calm,5234.0,0.9561597377280883
calm,5235.0,0.8080383965393002
calm,5236.0,0.7682470594913491
calm,5237.0,1.0185067195249418
calm,5238.0,1.1286259587730114
calm,5239.0,0.8189234083796892
calm,5240.0,0.5469894401174977
calm,5241.0,0.7995669408534011
calm,5242.0,1.119604227968546
calm,5243.0,0.9996451987438763
calm,5244.0,0.7103834280192386
calm,5245.0,0.7735865763496496
calm,5246.0,1.064422445668781
calm,5247.0,0.9959103542012138
calm,5248.0,0.6647915866943565
calm,5249.0,0.6486375504999112
calm,5250.0,1.0240296335347434
calm,5251.0,1.2110465175447467
calm,5252.0,0.943182119679213
calm,5253.0,0.6354024414663068
calm,5254.0,0.6648117009399294
calm,5255.0,0.8988027749404172
calm,5256.0,1.012535020309005
calm,5257.0,0.9729928610029163
calm,5258.0,0.9120080071529525
calm,5259.0,0.8760905529214453
calm,5260.0,0.8512564763298653
calm,5261.0,0.8241947366529438
calm,5262.0,0.7881361939881159
calm,5263.0,0.7887184781508361
calm,5264.0,0.9188494098769605
calm,5265.0,1.1093542903391795
calm,5266.0,1.089632499422665
calm,5267.0,0.7916964716695983
calm,5268.0,0.5696222228618751
calm,5269.0,0.7025468729098828
calm,5270.0,0.9967273421224838
calm,5271.0,1.0991103650013958
calm,5272.0,0.9690121998610348
calm,5273.0,0.8715443068494448
calm,5274.0,0.8515396289721354
calm,5275.0,0.7843068615987265
calm,5276.0,0.7317234601650204
calm,5277.0,0.8469261582278542
calm,5278.0,1.0139827337509164
calm,5279.0,1.0038655587001393
calm,5280.0,0.8917847681376523
calm,5281.0,0.8597910139029914
calm,5282.0,0.8476910343270772
calm,5283.0,0.7452171207148901
calm,5284.0,0.74129958120137
calm,5285.0,0.9890777236029074
calm,5286.0,1.1730121078109357
calm,5287.0,0.9304038642006478
calm,5288.0,0.5969044837080578
calm,5289.0,0.702415390653241
calm,5290.0,1.0665574012055603
calm,5291.0,1.0519696910923617
calm,5292.0,0.7233495793074094
calm,5293.0,0.7392623416274874
calm,5294.0,1.0984728727504065
calm,5295.0,1.105830315050316
calm,5296.0,0.629603433179628
calm,5297.0,0.46566226029454794
calm,5298.0,0.9807927084846709
calm,5299.0,1.3650087941414883
calm,5300.0,0.9923515924740989
calm,5301.0,0.5294924405504641
calm,5302.0,0.6742372469435527
calm,5303.0,1.107106731338507
calm,5304.0,1.0407633728021597
calm,5305.0,0.6613220069616979
calm,5306.0,0.7154191909026145
calm,5307.0,1.1139397919907676
calm,5308.0,1.176075647652117
calm,5309.0,0.7753722213659947
calm,5310.0,0.5637915511751376
calm,5311.0,0.7719880503500949
calm,5312.0,0.9957066956250921
calm,5313.0,0.9827900295405031
calm,5314.0,0.9415427263684104
calm,5315.0,0.9750441221573863
calm,5316.0,0.8830882099974214
calm,5317.0,0.6930728851516083
calm,5318.0,0.7133666641186315
calm,5319.0,0.9377550318919702
calm,5320.0,1.011308627193762
calm,5321.0,0.8819675976572138
calm,5322.0,0.8623220938139494
calm,5323.0,1.0050359629612367
calm,5324.0,0.9405190736439187
calm,5325.0,0.6577273222375332
calm,5326.0,0.6152410417856569
calm,5327.0,0.9642607114437763
calm,5328.0,1.2291683023078637
calm,5329.0,1.0168150880604605
calm,5330.0,0.6708240695872327
calm,5331.0,0.6804322066762873
calm,5332.0,0.9033437797632023
calm,5333.0,0.9529916788483151
calm,5334.0,0.8536614768941443
calm,5335.0,0.8680289807172514
calm,5336.0,0.9885151267371046
calm,5337.0,0.9618825171715084
calm,5338.0,0.7842163040012825
calm,5339.0,0.6882944183057135
calm,5340.0,0.8068793934694912
calm,5341.0,1.007487345494322
calm,5342.0,1.0699114231481794
calm,5343.0,0.9409450795104066
calm,5344.0,0.7337149281842841
calm,5345.0,0.6688686975968388
calm,5346.0,0.84134239651905
calm,5347.0,1.0226456670502109
calm,5348.0,0.9843966355419486
calm,5349.0,0.8405867829660889
calm,5350.0,0.8606501573762566
calm,5351.0,0.9561890288807571
calm,5352.0,0.8517732076265029
calm,5353.0,0.639519893238552
calm,5354.0,0.717341455666678
calm,5355.0,1.0962614068962375
calm,5356.0,1.2154607225785206
calm,5357.0,0.895421656741525
calm,5358.0,0.6145214925606404
calm,5359.0,0.7162009129182159
calm,5360.0,0.9352269126431749
calm,5361.0,0.9276226586161463
calm,5362.0,0.8529932161535055
calm,5363.0,0.9503418926709127
calm,5364.0,1.0215295243039677
calm,5365.0,0.8592248371462066
calm,5366.0,0.6973625331652273
calm,5367.0,0.7967933904328226
calm,5368.0,0.9388316306769393
calm,5369.0,0.8745530218629256
calm,5370.0,0.8302930914307931
calm,5371.0,1.0152294756678886
calm,5372.0,1.0976872798062733
calm,5373.0,0.7747379782962147
calm,5374.0,0.51391335362836
calm,5375.0,0.779244289699941
calm,5376.0,1.2073777427302665
calm,5377.0,1.1009411078125098
calm,5378.0,0.6664157789489068
calm,5379.0,0.662555084824985
calm,5380.0,1.0583343720590175
calm,5381.0,1.0920734897911852
calm,5382.0,0.6648892536434502
calm,5383.0,0.5760716198839027
calm,5384.0,1.0206490403545418
calm,5385.0,1.2881877661267307
calm,5386.0,0.8929127272717041
calm,5387.0,0.48193278814409063
calm,5388.0,0.6996101324083823
calm,5389.0,1.1070896743204242
calm,5390.0,1.0625580462081705
calm,5391.0,0.7697249186232612
calm,5392.0,0.7818122276621208
calm,5393.0,0.996604613800582
calm,5394.0,0.943919063809746
calm,5395.0,0.6859828013007541
calm,5396.0,0.6908768064193299
calm,5397.0,0.9799301287829503
calm,5398.0,1.1300944231327155
calm,5399.0,0.9727990528294748
calm,5400.0,0.7819445482103988
calm,5401.0,0.732578862647505
calm,5402.0,0.7513479923780126
calm,5403.0,0.8254347745172691
calm,5404.0,0.9912881208566287
calm,5405.0,1.0847481826759198
calm,5406.0,0.9478980000881275
calm,5407.0,0.7485387590166273
calm,5408.0,0.7424898200465113
calm,5409.0,0.8590043778843214
calm,5410.0,0.8631305696391863
calm,5411.0,0.8184447336414454
calm,5412.0,0.9369640354040758
calm,5413.0,1.1093109862112878
calm,5414.0,0.9978814668306559
calm,5415.0,0.688406521307091
calm,5416.0,0.5853185161861063
calm,5417.0,0.8211481723024097
calm,5418.0,1.0890968036463944
calm,5419.0,1.0709132786959425
calm,5420.0,0.8775990736565031
calm,5421.0,0.7617923150817112
calm,5422.0,0.7862188653472265
calm,5423.0,0.8676452923184423
calm,5424.0,0.9063854865174881
calm,5425.0,0.8729876744699481
calm,5426.0,0.8427144170534123
calm,5427.0,0.9090068052837842
calm,5428.0,0.9960647124598138
calm,5429.0,0.9055188430460944
calm,5430.0,0.682641264111323
calm,5431.0,0.6835153114399549
calm,5432.0,0.9826470329010651
calm,5433.0,1.14936155284157
calm,5434.0,0.9151126067038483
calm,5435.0,0.6247449517651601
calm,5436.0,0.7337991160793566
calm,5437.0,1.019884871214696
calm,5438.0,0.9834060031100711
calm,5439.0,0.7420810803606354
calm,5440.0,0.7933044710669888
calm,5441.0,1.0626291630990319
calm,5442.0,1.0294873136636726
calm,5443.0,0.6886174049395039
calm,5444.0,0.5855249622678675
calm,5445.0,0.9128309324434327
calm,5446.0,1.1155556362369596
calm,5447.0,0.9345819019467008
calm,5448.0,0.7718969476134302
calm,5449.0,0.8815954084477491
calm,5450.0,0.9465521880313921
calm,5451.0,0.7554242036917456
calm,5452.0,0.6734542921409388
calm,5453.0,0.9227944132690532
calm,5454.0,1.136014625544332
calm,5455.0,0.9698805347477112
calm,5456.0,0.748716558456995
calm,5457.0,0.8135734616978778
calm,5458.0,0.9030647131696596
calm,5459.0,0.7545201003834884
calm,5460.0,0.6897755197289149
calm,5461.0,1.003545826872931
calm,5462.0,1.270314741790567
calm,5463.0,0.9651194885061715
calm,5464.0,0.5181895539256485
calm,5465.0,0.6117131923963828
calm,5466.0,1.04029916709024
calm,5467.0,1.0979963998563063
calm,5468.0,0.7680226978821826
calm,5469.0,0.7164766438829931
calm,5470.0,1.0458480224201105
calm,5471.0,1.1127788733706436
calm,5472.0,0.7116424555709316
calm,5473.0,0.5060449106023316
calm,5474.0,0.8447169868525182
calm,5475.0,1.2323099556269523
calm,5476.0,1.101553819140523
calm,5477.0,0.7101996098810897
calm,5478.0,0.6331468909540228
calm,5479.0,0.8441875098608863
calm,5480.0,0.9766313657788266
calm,5481.0,0.9230348029883984
calm,5482.0,0.8806483213531325
calm,5483.0,0.9016671367408728
calm,5484.0,0.8858888621108765
calm,5485.0,0.822008951285007
calm,5486.0,0.790747210540988
calm,5487.0,0.820117281186239
calm,5488.0,0.8854774120379537
calm,5489.0,0.9777206250097208
calm,5490.0,1.0121830540627368
calm,5491.0,0.8804777224933421
calm,5492.0,0.6902951724797264
calm,5493.0,0.691377920469098
calm,5494.0,0.906561594724666
calm,5495.0,1.0472566111243393
calm,5496.0,0.9574228423550066
calm,5497.0,0.8415304292848605
calm,5498.0,0.8555956969872727
calm,5499.0,0.8715387904082817
calm,5500.0,0.7826940201268501
calm,5501.0,0.7419139255432321
calm,5502.0,0.8789278837166882
calm,5503.0,1.0354493886593665
calm,5504.0,1.008345240929153
calm,5505.0,0.8667933269895126
calm,5506.0,0.7713432314351031
calm,5507.0,0.7485382660766257
calm,5508.0,0.7925337956384377
calm,5509.0,0.9132576237091901
calm,5510.0,1.006400753985628
calm,5511.0,0.9424664460409009
calm,5512.0,0.7952992563980815
calm,5513.0,0.8096955712076221
calm,5514.0,0.9351449443979503
calm,5515.0,0.8741925726322737
calm,5516.0,0.6918819621177605
calm,5517.0,0.7666009285414028
calm,5518.0,1.114564293959622
calm,5519.0,1.1730944829717793
calm,5520.0,0.7586565015322887
calm,5521.0,0.48415917027128497
calm,5522.0,0.7831748544317838
calm,5523.0,1.1624732601072594
calm,5524.0,1.0315359442664893
calm,5525.0,0.6883920623972654
calm,5526.0,0.7374880842947937
calm,5527.0,1.0434652554016541
calm,5528.0,0.9903116557853616
calm,5529.0,0.6596524592378895
calm,5530.0,0.6652524974828092
calm,5531.0,1.0356030007649326
calm,5532.0,1.157544174834334
calm,5533.0,0.8514532062601228
calm,5534.0,0.6324134571952715
calm,5535.0,0.7791400881455333
calm,5536.0,0.9362634751905894
calm,5537.0,0.8777965371958037
calm,5538.0,0.8714239301766475
calm,5539.0,1.0298917887553327
calm,5540.0,1.0069678221613847
calm,5541.0,0.7141308173543967
calm,5542.0,0.5953281751662819
calm,5543.0,0.8538375441761253
calm,5544.0,1.0978583231401895
calm,5545.0,0.9689748298486519
calm,5546.0,0.7956720519000393
calm,5547.0,0.8935376082799472
calm,5548.0,0.9784218331373803
calm,5549.0,0.7578322746027166
calm,5550.0,0.5772285244665836
calm,5551.0,0.8316556824001983
calm,5552.0,1.195807665321022
calm,5553.0,1.1130409958564007
calm,5554.0,0.7213505015796198
calm,5555.0,0.6293964520033044
calm,5556.0,0.8704758988559382
calm,5557.0,0.977171074364558
calm,5558.0,0.8188196460450595
calm,5559.0,0.7693721201002226
calm,5560.0,0.9757586176071253
calm,5561.0,1.0801136080382636
calm,5562.0,0.8698459701782916
calm,5563.0,0.6354427807821134
calm,5564.0,0.7004527317275214
calm,5565.0,0.9495796667153596
calm,5566.0,1.0592901508559687
calm,5567.0,0.9457237059518602
calm,5568.0,0.7878709519924749
calm,5569.0,0.754358661975364
calm,5570.0,0.8539320216196528
calm,5571.0,0.9462453833961428
calm,5572.0,0.9005214132059485
calm,5573.0,0.7963653928355564
calm,5574.0,0.8227799257384638
calm,5575.0,0.9744144680692665
calm,5576.0,0.9899698902066058
calm,5577.0,0.7732084571043104
calm,5578.0,0.6506899418166876
calm,5579.0,0.8407865922892045
calm,5580.0,1.0895885682776418
calm,5581.0,1.0304940494774304
calm,5582.0,0.774915935221163
calm,5583.0,0.7045667740594233
calm,5584.0,0.8424344511875972
calm,5585.0,0.9156467474409561
calm,5586.0,0.8589909621444874
calm,5587.0,0.8715263127668338
calm,5588.0,0.9636471805423956
calm,5589.0,0.943559577224351
calm,5590.0,0.8052748113653196
calm,5591.0,0.7531369557356254
calm,5592.0,0.8153055522411461
calm,5593.0,0.8503373222528486
calm,5594.0,0.8804143961213379
calm,5595.0,1.0047261457780803
calm,5596.0,1.0574076577930305
calm,5597.0,0.8349555654769271
calm,5598.0,0.5834044012061071
calm,5599.0,0.6932442965997649
calm,5600.0,1.0229132438249153
calm,5601.0,1.0815213051066732
calm,5602.0,0.8313733018068235
calm,5603.0,0.7686479725158835
calm,5604.0,0.9759192412846814
calm,5605.0,0.9582830119874197
calm,5606.0,0.6464284388024195
calm,5607.0,0.5814406850983146
calm,5608.0,1.0090316256425507
calm,5609.0,1.2859035643515477
calm,5610.0,0.9501570860719766
calm,5611.0,0.538997087251946
calm,5612.0,0.6648853536695599
calm,5613.0,1.0405978933988131
calm,5614.0,1.013138766220659
calm,5615.0,0.7355968074482342
calm,5616.0,0.7658304416829672
calm,5617.0,1.0511008719074664
calm,5618.0,1.028955657816852
calm,5619.0,0.6998420524580194
calm,5620.0,0.6155418833117743
calm,5621.0,0.9060029501816005
calm,5622.0,1.1019364990865819
calm,5623.0,0.9495462274125335
calm,5624.0,0.7800484401991448
calm,5625.0,0.8050063130805467
calm,5626.0,0.8401241004426555
calm,5627.0,0.786469154847218
calm,5628.0,0.8441587308854368
calm,5629.0,1.0201096764928093
calm,5630.0,1.013965197913021
calm,5631.0,0.788419350664535
calm,5632.0,0.6875214969483456
calm,5633.0,0.8524728590002512
calm,5634.0,0.9733360116023267
calm,5635.0,0.8501478842310108
calm,5636.0,0.7732431532262463
calm,5637.0,0.9370761680729758
calm,5638.0,1.0664867412065115
calm,5639.0,0.8796864891156121
calm,5640.0,0.6195437826125008
calm,5641.0,0.6808045269619036
calm,5642.0,0.9580390980901748
calm,5643.0,1.0757349578527333
calm,5644.0,0.9354833379485428
calm,5645.0,0.798183700941899
calm,5646.0,0.8135414211400132
calm,5647.0,0.860252113967442
calm,5648.0,0.8342062494342916
calm,5649.0,0.793504140695472
calm,5650.0,0.8368556298838534
calm,5651.0,0.9502622122204551
calm,5652.0,1.0211808642612052
calm,5653.0,0.9303782146523
calm,5654.0,0.7277351700070872
calm,5655.0,0.6616167161856665
calm,5656.0,0.8348260421003917
calm,5657.0,1.0319366984839187
calm,5658.0,0.9900102918047743
calm,5659.0,0.7975934235260804
calm,5660.0,0.7845098907231103
calm,5661.0,0.9291279029047177
calm,5662.0,0.9059440265775537
calm,5663.0,0.7187923136494445
calm,5664.0,0.7321570099201294
calm,5665.0,1.0152648261694581
calm,5666.0,1.1343897267378118
calm,5667.0,0.8526594929780372
calm,5668.0,0.593889622739859
calm,5669.0,0.7268340889446995
calm,5670.0,1.0037456588307148
calm,5671.0,1.0163367936653238
calm,5672.0,0.8494182331737273
calm,5673.0,0.8244956751218453
calm,5674.0,0.8918845299853434
calm,5675.0,0.8315471592869362
calm,5676.0,0.7386437609773304
calm,5677.0,0.8373044934166307
calm,5678.0,0.9936027980753962
calm,5679.0,0.9622001901777538
calm,5680.0,0.8363269188072711
calm,5681.0,0.8411125922603715
calm,5682.0,0.8665792831374429
calm,5683.0,0.7446341964785002
calm,5684.0,0.6870096697653089
calm,5685.0,0.9556429091971397
calm,5686.0,1.2211039121315754
calm,5687.0,0.997556926777651
calm,5688.0,0.5833452733012169
calm,5689.0,0.5839200543353227
calm,5690.0,0.969259594534166
calm,5691.0,1.0956227262388383
calm,5692.0,0.8088174324446441
calm,5693.0,0.703790878526872
calm,5694.0,0.9892144943121183
calm,5695.0,1.1106958425279982
calm,5696.0,0.7735922644203895
calm,5697.0,0.5092218376897716
calm,5698.0,0.7730484546574549
calm,5699.0,1.1505700449077543
calm,5700.0,1.0675566276292006
calm,5701.0,0.7446049998300277
calm,5702.0,0.7111939940662944
calm,5703.0,0.9208646304670207
calm,5704.0,0.9300656261354022
calm,5705.0,0.7553240215971293
calm,5706.0,0.7666677679418901
calm,5707.0,0.9765344437508834
calm,5708.0,1.0291954245787125
calm,5709.0,0.8464678294406932
calm,5710.0,0.7290236866526159
calm,5711.0,0.8034446813989041
calm,5712.0,0.8902920197360655
calm,5713.0,0.8847052219245257
calm,5714.0,0.8897167782644781
calm,5715.0,0.9223310546871442
calm,5716.0,0.8720088917593206
calm,5717.0,0.7675710425841669
calm,5718.0,0.7890857204848412
calm,5719.0,0.9045404895802476
calm,5720.0,0.9276553912691272
calm,5721.0,0.8587192516498454
calm,5722.0,0.8517321287599845
calm,5723.0,0.9140695114648552
calm,5724.0,0.8795615343917755
calm,5725.0,0.7502065990177873
calm,5726.0,0.7369335996447506
calm,5727.0,0.9048555234784874
calm,5728.0,1.0466089244597787
calm,5729.0,0.9854240818317049
calm,5730.0,0.804629413933724
calm,5731.0,0.6973332171331675
calm,5732.0,0.7412930008084294
calm,5733.0,0.8839098895694417
calm,5734.0,0.9978662869041772
calm,5735.0,0.9654949004995529
calm,5736.0,0.8425475785018461
calm,5737.0,0.8078661162760422
calm,5738.0,0.8739414300388025
calm,5739.0,0.8543833982977809
calm,5740.0,0.7230237444773371
calm,5741.0,0.7471069571880221
calm,5742.0,1.0216897652532229
calm,5743.0,1.1780914274199838
calm,5744.0,0.8987737568407833
calm,5745.0,0.5583588987978625
calm,5746.0,0.6424542165569966
calm,5747.0,0.9862324896931876
calm,5748.0,1.0739452758051378
calm,5749.0,0.8389272674798555
calm,5750.0,0.7623566526331967
calm,5751.0,0.9394787802141152
calm,5752.0,0.9667719383869848
calm,5753.0,0.728983103409806
calm,5754.0,0.6458081043143331
calm,5755.0,0.9080967890717494
calm,5756.0,1.0998247500615876
calm,5757.0,0.9365353679593506
calm,5758.0,0.7148100941129368
calm,5759.0,0.7652630157018706
calm,5760.0,0.9066119960983415
calm,5761.0,0.8721409878688862
calm,5762.0,0.8137080465470775
calm,5763.0,0.9161322607379963
calm,5764.0,0.9841137777413651
calm,5765.0,0.8343172819274794
calm,5766.0,0.6958734499594206
calm,5767.0,0.8167118053842215
calm,5768.0,0.9744460898634706
calm,5769.0,0.8972710658059222
calm,5770.0,0.7876494631447759
calm,5771.0,0.9035237276950808
calm,5772.0,1.0094134654344
calm,5773.0,0.8133865163720942
calm,5774.0,0.5854288011657461
calm,5775.0,0.7662182039834817
calm,5776.0,1.133227120156823
calm,5777.0,1.0848793621911559
calm,5778.0,0.7264659243969179
calm,5779.0,0.6391436124702929
calm,5780.0,0.9218344776312186
calm,5781.0,1.0330253216520555
calm,5782.0,0.771767715618944
calm,5783.0,0.6421807788991793
calm,5784.0,0.9194987975893275
calm,5785.0,1.1774294993485643
calm,5786.0,0.974055599466215
calm,5787.0,0.628862934635969
calm,5788.0,0.6273591503798014
calm,5789.0,0.8892896119441553
calm,5790.0,1.0162711470303087
calm,5791.0,0.922854355380079
calm,5792.0,0.8489934068002533
calm,5793.0,0.8754863932333163
calm,5794.0,0.8703676384347678
calm,5795.0,0.7982659947697246
calm,5796.0,0.7704074062151839
calm,5797.0,0.8300666751564715
calm,5798.0,0.9157117264539949
calm,5799.0,0.9668075352147215
calm,5800.0,0.9433499287037735
calm,5801.0,0.82995620524025
calm,5802.0,0.717159543452419
calm,5803.0,0.7508380673419991
calm,5804.0,0.9077300476659046
calm,5805.0,0.9941983202662055
calm,5806.0,0.9207729478570857
calm,5807.0,0.8168014246867177
calm,5808.0,0.806096379737501
calm,5809.0,0.8251658148080996
calm,5810.0,0.8163031621515374
calm,5811.0,0.8504178258875082
calm,5812.0,0.9438884339430402
calm,5813.0,0.9596480239247762
calm,5814.0,0.8519824050048815
calm,5815.0,0.7624425710101822
calm,5816.0,0.7832562645487752
calm,5817.0,0.8427195826932593
calm,5818.0,0.8815792191558132
calm,5819.0,0.9433491585558447
calm,5820.0,0.9816785069376938
calm,5821.0,0.8653737153469782
calm,5822.0,0.6807992127604583
calm,5823.0,0.7063183771068781
calm,5824.0,0.9374378968388429
calm,5825.0,1.0302243395420188
calm,5826.0,0.86171981287618
calm,5827.0,0.7707870210562296
calm,5828.0,0.9182314774843859
calm,5829.0,0.9727592071322082
calm,5830.0,0.7348037789826369
calm,5831.0,0.5829327982884037
calm,5832.0,0.8639372863096502
calm,5833.0,1.2005094212725267
calm,5834.0,1.0522457948063504
calm,5835.0,0.6563705337667406
calm,5836.0,0.6207357769701121
calm,5837.0,0.9188521376648672
calm,5838.0,1.0150828260449316
calm,5839.0,0.7963632755089067
calm,5840.0,0.7297507887263325
calm,5841.0,0.9500368399014342
calm,5842.0,1.0531796815011625
calm,5843.0,0.8342827699715811
calm,5844.0,0.6543334221917572
calm,5845.0,0.7807545677568299
calm,5846.0,0.9418769843031273
calm,5847.0,0.9168223013749411
calm,5848.0,0.8581528797960409
calm,5849.0,0.908436398547262
calm,5850.0,0.8998582299618244
calm,5851.0,0.7541196393536559
calm,5852.0,0.7220939448286299
calm,5853.0,0.9098325005795064
calm,5854.0,1.017480104961669
calm,5855.0,0.8677956912724467
calm,5856.0,0.7383489088433404
calm,5857.0,0.8568085934461149
calm,5858.0,0.9702957988451916
calm,5859.0,0.8202808814367069
calm,5860.0,0.6836115715279242
calm,5861.0,0.859727336504878
calm,5862.0,1.0977178233370812
calm,5863.0,0.9770841886163371
calm,5864.0,0.6598391961101984
calm,5865.0,0.6393113877158291
calm,5866.0,0.9173697215291317
calm,5867.0,1.0404047951645339
calm,5868.0,0.8771307485541745
calm,5869.0,0.7726382581703665
calm,5870.0,0.8884084727646163
calm,5871.0,0.949646744477561
calm,5872.0,0.7913961797046432
calm,5873.0,0.6649236176599123
calm,5874.0,0.8013233487038595
calm,5875.0,1.0462578247842995
calm,5876.0,1.0698987976401928
calm,5877.0,0.8637977498134127
calm,5878.0,0.6889015006632729
calm,5879.0,0.7015847716512987
calm,5880.0,0.8497809144943461
calm,5881.0,0.963990759910441
calm,5882.0,0.9433948411712698
calm,5883.0,0.8590329181817905
calm,5884.0,0.8419379212273583
calm,5885.0,0.8845810993096254
calm,5886.0,0.8468086780867666
calm,5887.0,0.7326021933904289
calm,5888.0,0.7408599377528261
calm,5889.0,0.9468647864822264
calm,5890.0,1.0868159370391852
calm,5891.0,0.9309428312400037
calm,5892.0,0.6947575824436238
calm,5893.0,0.6938422848628294
calm,5894.0,0.8779746860478778
calm,5895.0,0.9539927070290013
calm,5896.0,0.8775132603997344
calm,5897.0,0.849836737785607
calm,5898.0,0.8957958880218823
calm,5899.0,0.8612692688672239
calm,5900.0,0.7693776762911722
calm,5901.0,0.7995905231954664
calm,5902.0,0.9185996909531439
calm,5903.0,0.9175651612219436
calm,5904.0,0.8247686750050149
calm,5905.0,0.8393141764839647
calm,5906.0,0.9223343903928741
calm,5907.0,0.8503548399560863
calm,5908.0,0.7036971050110633
calm,5909.0,0.7894462705049963
calm,5910.0,1.0311113743054994
calm,5911.0,1.0343384187368112
calm,5912.0,0.7539191651617173
calm,5913.0,0.6443874407601106
calm,5914.0,0.8671858796613546
calm,5915.0,1.0147583387677344
calm,5916.0,0.8367036314820383
calm,5917.0,0.705116584736774
calm,5918.0,0.9107016347454743
calm,5919.0,1.0872481453784755
calm,5920.0,0.8729482956750646
calm,5921.0,0.5738623641763367
calm,5922.0,0.6885113599744694
calm,5923.0,1.0248630996582588
calm,5924.0,1.058825837355408
calm,5925.0,0.8144678816461911
calm,5926.0,0.7420238838100474
calm,5927.0,0.9043057426265488
calm,5928.0,0.9216423079680689
calm,5929.0,0.737048332120895
calm,5930.0,0.7010663809808674
calm,5931.0,0.9202077769297906
calm,5932.0,1.0637272667986335
calm,5933.0,0.9346779542602071
calm,5934.0,0.7659148081686831
calm,5935.0,0.7586438147613572
calm,5936.0,0.8004962161806446
calm,5937.0,0.8093768867589533
calm,5938.0,0.8851095756108512
calm,5939.0,1.005924367436035
calm,5940.0,0.9613572558536378
calm,5941.0,0.7618858614515639
calm,5942.0,0.6962684085678581
calm,5943.0,0.8534478199341632
calm,5944.0,0.9565029386249083
calm,5945.0,0.8554548240496599
calm,5946.0,0.7862606477761491
calm,5947.0,0.9071123431247289
calm,5948.0,0.9887568712684348
calm,5949.0,0.8211424099459242
calm,5950.0,0.650631479948103
calm,5951.0,0.7670201204916927
calm,5952.0,1.026889575657627
calm,5953.0,1.054486662819902
calm,5954.0,0.8276891450613566
calm,5955.0,0.6806683354564222
calm,5956.0,0.7619544987139996
calm,5957.0,0.9100795283166584
calm,5958.0,0.938569712372284
calm,5959.0,0.8739570956798175
calm,5960.0,0.8419198282750895
calm,5961.0,0.8663880491591542
calm,5962.0,0.876220438002048
calm,5963.0,0.8162184885500021
calm,5964.0,0.7442657038862429
calm,5965.0,0.7934003426338649
calm,5966.0,0.9633884736087275
calm,5967.0,1.039158773056401
calm,5968.0,0.8822092408453852
calm,5969.0,0.6809690572591273
calm,5970.0,0.7111161290582625
calm,5971.0,0.9131062546514803
calm,5972.0,0.96379595262051
calm,5973.0,0.8268147699583712
calm,5974.0,0.7969049626669596
calm,5975.0,0.9518212442566022
calm,5976.0,0.9795607356852644
calm,5977.0,0.7594268465581255
calm,5978.0,0.6268540101210459
calm,5979.0,0.8166866561241197
calm,5980.0,1.0516631635053637
calm,5981.0,0.9828091384474957
calm,5982.0,0.7805193522565195
calm,5983.0,0.771093594799367
calm,5984.0,0.8880020620569542
calm,5985.0,0.8617246075687036
calm,5986.0,0.7598474765731791
calm,5987.0,0.8196410508611913
calm,5988.0,0.9665085233722293
calm,5989.0,0.9449006711065414
calm,5990.0,0.7969016915435038
calm,5991.0,0.7863387843450764
calm,5992.0,0.873450529917313
calm,5993.0,0.8397796460306695
calm,5994.0,0.7613664647547544
calm,5995.0,0.8721337538444245
calm,5996.0,1.0451225837646017
calm,5997.0,0.936646307197158
calm,5998.0,0.6509896402573045
calm,5999.0,0.6532117540713014
calm,6000.0,0.9564663071089524
calm,6001.0,1.0757760273418415
calm,6002.0,0.8410590370212258
calm,6003.0,0.6842091123420915
calm,6004.0,0.8555664839259275
calm,6005.0,0.9963173480240494
calm,6006.0,0.8217263614385816
calm,6007.0,0.6488358733968161
calm,6008.0,0.829235052283139
calm,6009.0,1.0904442312336515
calm,6010.0,1.0072078480743027
calm,6011.0,0.7105672268652705
calm,6012.0,0.6445881920626408
calm,6013.0,0.8346632854214581
calm,6014.0,0.9504223953696608
calm,6015.0,0.8977883039690837
calm,6016.0,0.8708842098861364
calm,6017.0,0.9169712740268722
calm,6018.0,0.8705140163570269
calm,6019.0,0.7458871979493347
calm,6020.0,0.7287950025020987
calm,6021.0,0.8546851057439288
calm,6022.0,0.9474573913902871
calm,6023.0,0.9273623955557735
calm,6024.0,0.8901456295815636
calm,6025.0,0.8604205549722684
calm,6026.0,0.7818623402953571
calm,6027.0,0.7231146417736478
calm,6028.0,0.8110804758757866
calm,6029.0,0.9655306265293666
calm,6030.0,0.9741215678872752
calm,6031.0,0.8396958505296203
calm,6032.0,0.7736411849870356
calm,6033.0,0.8363944170543003
calm,6034.0,0.869390871902063
calm,6035.0,0.810174472780835
calm,6036.0,0.7998679339407082
calm,6037.0,0.9003421763934685
calm,6038.0,0.9683258864387926
calm,6039.0,0.8856893458351299
calm,6040.0,0.7555868128895039
calm,6041.0,0.739109652142652
calm,6042.0,0.8433840759371989
calm,6043.0,0.9467609995587487
calm,6044.0,0.9408130099482332
calm,6045.0,0.8366049918258212
calm,6046.0,0.7521958557369176
calm,6047.0,0.7985272324033524
calm,6048.0,0.9202960218366463
calm,6049.0,0.9185120187991144
calm,6050.0,0.7893835309963971
calm,6051.0,0.7663737724264756
calm,6052.0,0.9300631955481419
calm,6053.0,1.012376014923965
calm,6054.0,0.8107702138533368
calm,6055.0,0.6155037991995846
calm,6056.0,0.7610684292205531
calm,6057.0,1.05819372512778
calm,6058.0,1.048570610227479
calm,6059.0,0.7693600362999349
calm,6060.0,0.6785350127775694
calm,6061.0,0.8657532872081305
calm,6062.0,0.9506850368016332
calm,6063.0,0.7876386913670105
calm,6064.0,0.7232578296609992
calm,6065.0,0.9309172128872493
calm,6066.0,1.069061417291112
calm,6067.0,0.8781315772247466
calm,6068.0,0.6557390150111123
calm,6069.0,0.7219799184371225
calm,6070.0,0.9104781086622896
calm,6071.0,0.925456343200362
calm,6072.0,0.8496312650353008
calm,6073.0,0.8931237032901213
calm,6074.0,0.9443057598012735
calm,6075.0,0.8133880519492585
calm,6076.0,0.6764318184644399
calm,6077.0,0.7736890743000947
calm,6078.0,0.9666447167847216
calm,6079.0,0.9651121051285955
calm,6080.0,0.8268147590528793
calm,6081.0,0.823913564127385
calm,6082.0,0.8953269148667911
calm,6083.0,0.8183077913961903
calm,6084.0,0.6929509913115849
calm,6085.0,0.8054295054877436
calm,6086.0,1.038906807389329
calm,6087.0,1.009705113765164
calm,6088.0,0.7397084225232151
calm,6089.0,0.648930838542413
calm,6090.0,0.8620925676461304
calm,6091.0,0.9983041365098967
calm,6092.0,0.8612366748423901
calm,6093.0,0.7407268971136662
calm,6094.0,0.8607020868833937
calm,6095.0,0.9815645956296962
calm,6096.0,0.8581424652064328
calm,6097.0,0.6812200945545698
calm,6098.0,0.7476208073851298
calm,6099.0,0.9640542375642683
calm,6100.0,1.0128834597176133
calm,6101.0,0.8650775343050978
calm,6102.0,0.7460851238294075
calm,6103.0,0.7618547931640564
calm,6104.0,0.8311544800468484
calm,6105.0,0.880400352567308
calm,6106.0,0.9047616143846693
calm,6107.0,0.8925891103545701
calm,6108.0,0.8480763679913075
calm,6109.0,0.8251985157329257
calm,6110.0,0.836476290427016
calm,6111.0,0.8223933773907124
calm,6112.0,0.7860177618222457
calm,6113.0,0.824383152090527
calm,6114.0,0.9363394487246928
calm,6115.0,0.9720408809501223
calm,6116.0,0.8535617777584316
calm,6117.0,0.7333884842511812
calm,6118.0,0.7579640889924962
calm,6119.0,0.8545135831870148
calm,6120.0,0.8947587023373961
calm,6121.0,0.8841983745420129
calm,6122.0,0.8864215504779359
calm,6123.0,0.8784676858200366
calm,6124.0,0.8267974831914336
calm,6125.0,0.7849568486023982
calm,6126.0,0.8025660234248124
calm,6127.0,0.8391804990039445
calm,6128.0,0.8683366280614147
calm,6129.0,0.9152567788920295
calm,6130.0,0.9346766142719916
calm,6131.0,0.8369641770773623
calm,6132.0,0.7095778674054649
calm,6133.0,0.7528927235849092
calm,6134.0,0.9339035663551021
calm,6135.0,0.9806604271482326
calm,6136.0,0.8242637521466868
calm,6137.0,0.7422795528619172
calm,6138.0,0.8759305883740092
calm,6139.0,0.9490580037101547
calm,6140.0,0.784092564374223
calm,6141.0,0.6747094612501079
calm,6142.0,0.8786945930007957
calm,6143.0,1.1054433529621726
calm,6144.0,0.9422268116968058
calm,6145.0,0.6200934250980848
calm,6146.0,0.6358538282909714
calm,6147.0,0.9543823829789705
calm,6148.0,1.0666396804510605
calm,6149.0,0.8438738363658772
calm,6150.0,0.7176666712267186
calm,6151.0,0.8602250994838825
calm,6152.0,0.95051834764916
calm,6153.0,0.7924680679931656
calm,6154.0,0.6825758424985311
calm,6155.0,0.8447385620543691
calm,6156.0,1.031254169002203
calm,6157.0,0.9584058459476322
calm,6158.0,0.7768765390387328
calm,6159.0,0.7475466065179119
calm,6160.0,0.8112642204856956
calm,6161.0,0.8177386775515042
calm,6162.0,0.8346314085378245
calm,6163.0,0.943331084861133
calm,6164.0,0.9807884824058428
calm,6165.0,0.8320520117987892
calm,6166.0,0.6979315277031217
calm,6167.0,0.7770251258433625
calm,6168.0,0.9179445192231805
calm,6169.0,0.8893106698984679
calm,6170.0,0.7944037549024345
calm,6171.0,0.8538958035034012
calm,6172.0,0.963804670242196
calm,6173.0,0.8846429054305046
calm,6174.0,0.7006267623723673
calm,6175.0,0.7154568509864883
calm,6176.0,0.9141714162506884
calm,6177.0,0.9890643902545485
calm,6178.0,0.8595527632076776
calm,6179.0,0.7575361609737802
calm,6180.0,0.825294601795767
calm,6181.0,0.8958511427099458
calm,6182.0,0.8389927838872795
calm,6183.0,0.7767651264744395
calm,6184.0,0.8367436183351841
calm,6185.0,0.9292040934888864
calm,6186.0,0.9107201747019932
calm,6187.0,0.8118928351923466
calm,6188.0,0.7557927269912986
calm,6189.0,0.797687310776366
calm,6190.0,0.8828886907800451
calm,6191.0,0.9258648420494449
calm,6192.0,0.8862224725844683
calm,6193.0,0.802008426146609
calm,6194.0,0.7776456885415503
calm,6195.0,0.8411703691559976
calm,6196.0,0.8809003388803334
calm,6197.0,0.8343340401034638
calm,6198.0,0.809613917178574
calm,6199.0,0.8926322056574226
calm,6200.0,0.9540580648018069
calm,6201.0,0.8483003533835545
calm,6202.0,0.6983631310472171
calm,6203.0,0.729409413288757
calm,6204.0,0.9043245491467481
calm,6205.0,0.9869866367722979
calm,6206.0,0.9035795273651787
calm,6207.0,0.8139730040563131
calm,6208.0,0.8018025611809986
calm,6209.0,0.7932642343930033
calm,6210.0,0.7813979227803772
calm,6211.0,0.8451372922791807
calm,6212.0,0.9388546109311479
calm,6213.0,0.920955505332051
calm,6214.0,0.8247232140425156
calm,6215.0,0.8052689082763614
calm,6216.0,0.8472050048644216
calm,6217.0,0.8058882375901738
calm,6218.0,0.7423728350439353
calm,6219.0,0.8467140279677228
calm,6220.0,1.0358054784116217
calm,6221.0,0.9832098393844365
calm,6222.0,0.7132551541309795
calm,6223.0,0.632506833019376
calm,6224.0,0.8587348523040634
calm,6225.0,1.0253867476546974
calm,6226.0,0.8767803954671367
calm,6227.0,0.7180632218955121
calm,6228.0,0.83663111339682
calm,6229.0,0.9897797703534215
calm,6230.0,0.8574396412432889
calm,6231.0,0.6518435701214084
calm,6232.0,0.7563395307099494
calm,6233.0,1.0222600872145586
calm,6234.0,1.0115204986803263
calm,6235.0,0.7524073615930734
calm,6236.0,0.6657885870240455
calm,6237.0,0.8522163944910492
calm,6238.0,0.969345391485996
calm,6239.0,0.8515267574290226
calm,6240.0,0.7652882048642683
calm,6241.0,0.8639033084345605
calm,6242.0,0.9424029553170417
calm,6243.0,0.8390689566043514
calm,6244.0,0.7268536410745162
calm,6245.0,0.7839429028715288
calm,6246.0,0.9009211602303233
calm,6247.0,0.9175056215352595
calm,6248.0,0.8739593436205156
calm,6249.0,0.8549558850028905
calm,6250.0,0.8219881429954113
calm,6251.0,0.7594227273578139
calm,6252.0,0.7752479256590896
calm,6253.0,0.8934609051808979
calm,6254.0,0.9458063572068923
calm,6255.0,0.8612382540323197
calm,6256.0,0.7893808909464941
calm,6257.0,0.8391735291858399
calm,6258.0,0.8815444122454191
calm,6259.0,0.8020881285040209
calm,6260.0,0.7375468355232143
calm,6261.0,0.8374397988969572
calm,6262.0,0.9856620432485141
calm,6263.0,0.9600749281868396
calm,6264.0,0.7928937580043703
calm,6265.0,0.7080295003163042
calm,6266.0,0.7810851250773014
calm,6267.0,0.8833472344376188
calm,6268.0,0.9073036025390483
calm,6269.0,0.8739373468020982
calm,6270.0,0.8439628081074432
calm,6271.0,0.8357889167721373
calm,6272.0,0.8345869154597032
calm,6273.0,0.8195769050049531
calm,6274.0,0.7959964757806287
calm,6275.0,0.8174204237707823
calm,6276.0,0.9026186007455362
calm,6277.0,0.9506796337772221
calm,6278.0,0.856745839006718
calm,6279.0,0.7169277633359298
calm,6280.0,0.7383359116899085
calm,6281.0,0.8974351569536801
calm,6282.0,0.9630136696601193
calm,6283.0,0.8569257055592623
calm,6284.0,0.7730354998928568
calm,6285.0,0.8333337215641031
calm,6286.0,0.8790825995812932
calm,6287.0,0.8002606359139679
calm,6288.0,0.7543298320967521
calm,6289.0,0.8800815500733689
calm,6290.0,0.9918903173098936
calm,6291.0,0.8913069230578444
calm,6292.0,0.7235624490570868
calm,6293.0,0.7290158785098503
calm,6294.0,0.8625673710217134
calm,6295.0,0.9053882121292193
calm,6296.0,0.8572280775218366
calm,6297.0,0.8675027898381188
calm,6298.0,0.9003112418982374
calm,6299.0,0.8239945958092196
calm,6300.0,0.7238608034979823
calm,6301.0,0.7804213733517247
calm,6302.0,0.9200509945813053
calm,6303.0,0.9171870717814469
calm,6304.0,0.8141997556266869
calm,6305.0,0.8300901581903866
calm,6306.0,0.9213858647273575
calm,6307.0,0.8507726499015553
calm,6308.0,0.6823860449033978
calm,6309.0,0.7270870792592659
calm,6310.0,0.9799483010275398
calm,6311.0,1.049301729133547
calm,6312.0,0.8119146807098047
calm,6313.0,0.6549808728202512
calm,6314.0,0.8083674591116139
calm,6315.0,0.9808672538377159
calm,6316.0,0.8704568462209554
calm,6317.0,0.7038606757980728
calm,6318.0,0.7960261613199608
calm,6319.0,0.9978653046291512
calm,6320.0,0.957473838110641
calm,6321.0,0.7299315416257904
calm,6322.0,0.6838292681520128
calm,6323.0,0.857154397682404
calm,6324.0,0.9621159548120959
calm,6325.0,0.8777964974987938
calm,6326.0,0.7893780591411145
calm,6327.0,0.8214288560076277
calm,6328.0,0.8620089061630716
calm,6329.0,0.8258513075637413
calm,6330.0,0.8005068065585396
calm,6331.0,0.847356555919535
calm,6332.0,0.8912062052118818
calm,6333.0,0.873419770283361
calm,6334.0,0.8334597033578166
calm,6335.0,0.8091881393679733
calm,6336.0,0.7919082953099658
calm,6337.0,0.8042390320226046
calm,6338.0,0.8765013763686734
calm,6339.0,0.9357602179173945
calm,6340.0,0.8858611577900958
calm,6341.0,0.7792604484482111
calm,6342.0,0.754627013826076
calm,6343.0,0.8244876324564313
calm,6344.0,0.8697372060219388
calm,6345.0,0.856078432575066
calm,6346.0,0.8622286489782147
calm,6347.0,0.8981549757537838
calm,6348.0,0.8719576788361115
calm,6349.0,0.7781786572711782
calm,6350.0,0.7339478851903805
calm,6351.0,0.8021676040212282
calm,6352.0,0.9084989564127881
calm,6353.0,0.9451892724884293
calm,6354.0,0.8945045934920138
calm,6355.0,0.8050330582446854
calm,6356.0,0.7422927290200936
calm,6357.0,0.7712840623307353
calm,6358.0,0.8718189588614509
calm,6359.0,0.9192905450199219
calm,6360.0,0.8575776356601992
calm,6361.0,0.8035525312048919
calm,6362.0,0.8540916423608307
calm,6363.0,0.8931351413899016
calm,6364.0,0.8000976821610056
calm,6365.0,0.710835257065352
calm,6366.0,0.8170029624964159
calm,6367.0,0.9948429938230836
calm,6368.0,0.9593553679876405
calm,6369.0,0.7481998914462724
calm,6370.0,0.6853465504231225
calm,6371.0,0.8499884539950067
calm,6372.0,0.9556427383855615
calm,6373.0,0.8535668578792441
calm,6374.0,0.763199868968899
calm,6375.0,0.8446477331019299
calm,6376.0,0.9194016446411833
calm,6377.0,0.829140290823864
calm,6378.0,0.7321056594855826
calm,6379.0,0.8142266526718002
calm,6380.0,0.9330922835380028
calm,6381.0,0.8928327805603256
calm,6382.0,0.7936249698801506
calm,6383.0,0.8072874999323104
calm,6384.0,0.865659751261559
calm,6385.0,0.8201050116958198
calm,6386.0,0.7658928107301023
calm,6387.0,0.8525712667329656
calm,6388.0,0.9614271487409471
calm,6389.0,0.8900001689057938
calm,6390.0,0.7434972474734948
calm,6391.0,0.758702053593225
calm,6392.0,0.8822027371217228
calm,6393.0,0.8788551464926937
calm,6394.0,0.7775317333335834
calm,6395.0,0.8144848188453305
calm,6396.0,0.9607047084670003
calm,6397.0,0.9390064514526455
calm,6398.0,0.7328773754235052
calm,6399.0,0.6640175387142566
calm,6400.0,0.8428221607969304
calm,6401.0,0.9875723275869087
calm,6402.0,0.895052050039478
calm,6403.0,0.7631370471892367
calm,6404.0,0.8132558338098593
calm,6405.0,0.9104399546040807
calm,6406.0,0.844581887028818
calm,6407.0,0.7211836326200401
calm,6408.0,0.7646845826020929
calm,6409.0,0.9333881775212916
calm,6410.0,0.984920995684305
calm,6411.0,0.8527129924225414
calm,6412.0,0.7298731606548887
calm,6413.0,0.7485231620225227
calm,6414.0,0.8439437348900518
calm,6415.0,0.9023162173093856
calm,6416.0,0.8875744564732684
calm,6417.0,0.8384284129700103
calm,6418.0,0.8085812975204302
calm,6419.0,0.8212083334422359
calm,6420.0,0.8428979059389238
calm,6421.0,0.828170169524967
calm,6422.0,0.8075950112464696
calm,6423.0,0.8472215751472307
calm,6424.0,0.9117554015559192
calm,6425.0,0.8847962313759296
calm,6426.0,0.7731773511122284
calm,6427.0,0.7320017423104003
calm,6428.0,0.828367397501784
calm,6429.0,0.9304179650458737
calm,6430.0,0.9071314259877724
calm,6431.0,0.8232929088755095
calm,6432.0,0.7948074466396808
calm,6433.0,0.810294909978843
calm,6434.0,0.8120191169961295
calm,6435.0,0.8223271165767155
calm,6436.0,0.8703974349965142
calm,6437.0,0.896792044574293
calm,6438.0,0.8567634835671382
calm,6439.0,0.8113418416263938
calm,6440.0,0.8103560494095319
calm,6441.0,0.809878251423954
calm,6442.0,0.7928819746926807
calm,6443.0,0.8336671053594117
calm,6444.0,0.9249597334239291
calm,6445.0,0.9251464847687734
calm,6446.0,0.796767670443016
calm,6447.0,0.7213435292853445
calm,6448.0,0.8153814484341904
calm,6449.0,0.9090157897381735
calm,6450.0,0.847057055719646
calm,6451.0,0.7680764685807332
calm,6452.0,0.853828899780122
calm,6453.0,0.9636234236851423
calm,6454.0,0.8670205825196846
calm,6455.0,0.6862468455828297
calm,6456.0,0.7187323531125629
calm,6457.0,0.9259749150646347
calm,6458.0,0.9785116671930028
calm,6459.0,0.8195911705003286
calm,6460.0,0.7322819271636252
calm,6461.0,0.841249970112014
calm,6462.0,0.9153990605488111
calm,6463.0,0.8150662733689321
calm,6464.0,0.7398427972859419
calm,6465.0,0.838427108584833
calm,6466.0,0.9452207142937374
calm,6467.0,0.8816578478315368
calm,6468.0,0.7658829085927802
calm,6469.0,0.7772492779643396
calm,6470.0,0.8498710921631399
calm,6471.0,0.8490068943291776
calm,6472.0,0.8295103816368966
calm,6473.0,0.8774386954652007
calm,6474.0,0.8980862937667086
calm,6475.0,0.7998175112999946
calm,6476.0,0.7214123243926854
calm,6477.0,0.8079722128451919
calm,6478.0,0.9383364697016906
calm,6479.0,0.9090888710824262
calm,6480.0,0.7903034424890966
calm,6481.0,0.7872783149616005
calm,6482.0,0.8707715134383619
calm,6483.0,0.8541202223847543
calm,6484.0,0.7536371124919836
calm,6485.0,0.7732178587728665
calm,6486.0,0.9221947574421594
calm,6487.0,0.9747959132607105
calm,6488.0,0.83691008295293
calm,6489.0,0.7086976419516523
calm,6490.0,0.7515463421834959
calm,6491.0,0.8677947678126505
calm,6492.0,0.9003534284458667
calm,6493.0,0.8554449032354781
calm,6494.0,0.8378536538898527
calm,6495.0,0.8540180310722095
calm,6496.0,0.8385822626827255
calm,6497.0,0.7890901815816092
calm,6498.0,0.7706874167438641
calm,6499.0,0.8215393397446509
calm,6500.0,0.8997333012467774
calm,6501.0,0.9219962622151864
calm,6502.0,0.8509407979409916
calm,6503.0,0.7577231250921487
calm,6504.0,0.7564534827897641
calm,6505.0,0.8497895423661664
calm,6506.0,0.9042675267206114
calm,6507.0,0.8483574551548826
calm,6508.0,0.7914533656903904
calm,6509.0,0.8353034258462092
calm,6510.0,0.893503090596529
calm,6511.0,0.8382926680372077
calm,6512.0,0.7485365026181148
calm,6513.0,0.785502946340775
calm,6514.0,0.9079873205285564
calm,6515.0,0.9261226807126859
calm,6516.0,0.8154005649068721
calm,6517.0,0.7519856771388299
calm,6518.0,0.8097921647967105
calm,6519.0,0.8706263612222067
calm,6520.0,0.8531519985856928
calm,6521.0,0.831521275115238
calm,6522.0,0.8511560327854899
calm,6523.0,0.8475118317779102
calm,6524.0,0.8019107706100839
calm,6525.0,0.7984923541025342
calm,6526.0,0.8491763282943626
calm,6527.0,0.8562273919142744
calm,6528.0,0.8153807505439581
calm,6529.0,0.8344150889466196
calm,6530.0,0.9031623681044564
calm,6531.0,0.8690172754251849
calm,6532.0,0.7359717896484312
calm,6533.0,0.7180423448423472
calm,6534.0,0.878593264484092
calm,6535.0,0.9806775373719185
calm,6536.0,0.8682252642697833
calm,6537.0,0.7366456114460823
calm,6538.0,0.7915408128235145
calm,6539.0,0.8940289895408328
calm,6540.0,0.8379873427947646
calm,6541.0,0.7343628160878498
calm,6542.0,0.8082145004352355
calm,6543.0,0.9686487166411152
calm,6544.0,0.9404330567534069
calm,6545.0,0.7538625602032205
calm,6546.0,0.6938725759214751
calm,6547.0,0.8257521052059626
calm,6548.0,0.9161276354191168
calm,6549.0,0.8556743217963672
calm,6550.0,0.8038369200788525
calm,6551.0,0.8582000237858234
calm,6552.0,0.8842929664536022
calm,6553.0,0.7989376510679267
calm,6554.0,0.7414644844484735
calm,6555.0,0.8155677602641457
calm,6556.0,0.908955066502646
calm,6557.0,0.8897816074691479
calm,6558.0,0.8205637072129521
calm,6559.0,0.8061682005637683
calm,6560.0,0.8177789489528118
calm,6561.0,0.8029614537979789
calm,6562.0,0.8128508243969459
calm,6563.0,0.8775945959580165
calm,6564.0,0.9024864177696207
calm,6565.0,0.8272540775563477
calm,6566.0,0.756447388634513
calm,6567.0,0.7960905597369785
calm,6568.0,0.873925829810994
calm,6569.0,0.8678833188209517
calm,6570.0,0.8141639942659707
calm,6571.0,0.8226424706716698
calm,6572.0,0.8712447714369661
calm,6573.0,0.8545061971626683
calm,6574.0,0.7785910014834672
calm,6575.0,0.7610925552979743
calm,6576.0,0.8390807317327543
calm,6577.0,0.9147713165263041
calm,6578.0,0.8975807550206413
calm,6579.0,0.8148682722529023
calm,6580.0,0.7604058750843512
calm,6581.0,0.7834993311435559
calm,6582.0,0.850735885888489
calm,6583.0,0.8809190442725362
calm,6584.0,0.8437096280742212
calm,6585.0,0.8099348012648652
calm,6586.0,0.8413096007367179
calm,6587.0,0.8786226488470569
calm,6588.0,0.8265253995676198
calm,6589.0,0.7423671962608838
calm,6590.0,0.773052030153184
calm,6591.0,0.9014472354149253
calm,6592.0,0.943247185402055
calm,6593.0,0.8324595402347459
calm,6594.0,0.744566400651207
calm,6595.0,0.8007305861623489
calm,6596.0,0.8749667861983071
calm,6597.0,0.8356709131062766
calm,6598.0,0.7782311734257567
calm,6599.0,0.8362744965818067
calm,6600.0,0.9214622222690511
calm,6601.0,0.8727121125319907
calm,6602.0,0.7545398938956251
calm,6603.0,0.7516127197632639
calm,6604.0,0.8521082454455462
calm,6605.0,0.8923358259030485
calm,6606.0,0.8416545386061193
calm,6607.0,0.8178726360467832
calm,6608.0,0.8443356333395639
calm,6609.0,0.8301546861717392
calm,6610.0,0.7824111997512873
calm,6611.0,0.804938494718019
calm,6612.0,0.8793085917677086
calm,6613.0,0.8814522456803251
calm,6614.0,0.8110812179134942
calm,6615.0,0.7966652458717975
calm,6616.0,0.8460878406960607
calm,6617.0,0.8355418827886307
calm,6618.0,0.7736559023189743
calm,6619.0,0.8078406417087195
calm,6620.0,0.928197264247647
calm,6621.0,0.9257360292407271
calm,6622.0,0.7667362160822279
calm,6623.0,0.6865952146048498
calm,6624.0,0.8141951309520381
calm,6625.0,0.9487685422647367
calm,6626.0,0.8892867982461543
calm,6627.0,0.7702887938218445
calm,6628.0,0.7969708022231764
calm,6629.0,0.8898365723329483
calm,6630.0,0.8526841193255973
calm,6631.0,0.7398325390401157
calm,6632.0,0.757477152007182
calm,6633.0,0.8982852890743699
calm,6634.0,0.9477210936013215
calm,6635.0,0.8434154185732549
calm,6636.0,0.7529919869202251
calm,6637.0,0.7791281164319505
calm,6638.0,0.8364289344080232
calm,6639.0,0.8420466062432452
calm,6640.0,0.8369844954017013
calm,6641.0,0.8590561562176654
calm,6642.0,0.8610994472789505
calm,6643.0,0.8200347661469697
calm,6644.0,0.7918747866524364
calm,6645.0,0.8093189257259146
calm,6646.0,0.8328356594882891
calm,6647.0,0.8364614103593374
calm,6648.0,0.8457801482751105
calm,6649.0,0.8601508090741794
calm,6650.0,0.8404705954023619
calm,6651.0,0.7952249464731858
calm,6652.0,0.7899630266578479
calm,6653.0,0.8339380500589074
calm,6654.0,0.8621450232325739
calm,6655.0,0.8448165296344421
calm,6656.0,0.8228608883187373
calm,6657.0,0.8261772702057701
calm,6658.0,0.8291014639598343
calm,6659.0,0.8162118975380648
calm,6660.0,0.8138658562520452
calm,6661.0,0.8342747175305563
calm,6662.0,0.8523176042671519
calm,6663.0,0.8511240232308365
calm,6664.0,0.8347086938078417
calm,6665.0,0.805884922189372
calm,6666.0,0.7837031938521039
calm,6667.0,0.809884409042331
calm,6668.0,0.8759855837215944
calm,6669.0,0.8947608947305902
calm,6670.0,0.8253660228829256
calm,6671.0,0.7650844802386085
calm,6672.0,0.8047982249277009
calm,6673.0,0.8680682606658642
calm,6674.0,0.8378355847711292
calm,6675.0,0.7768838058160776
calm,6676.0,0.8239488084128791
calm,6677.0,0.9251528263371619
calm,6678.0,0.8930128404844825
calm,6679.0,0.7432922366062626
calm,6680.0,0.7024875664877638
calm,6681.0,0.8367794395127989
calm,6682.0,0.9453118726731814
calm,6683.0,0.8796283147850047
calm,6684.0,0.7778298108388908
calm,6685.0,0.7979415924798275
calm,6686.0,0.8570212454398193
calm,6687.0,0.8242430916227116
calm,6688.0,0.7668999992007322
calm,6689.0,0.8129369198983742
calm,6690.0,0.9003563925278819
calm,6691.0,0.8879543828490876
calm,6692.0,0.8024587370338961
calm,6693.0,0.7769875091879074
calm,6694.0,0.8155875382523164
calm,6695.0,0.8278191641383464
calm,6696.0,0.8194247156752468
calm,6697.0,0.8537489752397398
calm,6698.0,0.8860309175599216
calm,6699.0,0.8327924295941126
calm,6700.0,0.7576424598089075
calm,6701.0,0.784728960667497
calm,6702.0,0.8729641120945595
calm,6703.0,0.8763196903489227
calm,6704.0,0.8046742176496572
calm,6705.0,0.7984595884958396
calm,6706.0,0.8625783195808595
calm,6707.0,0.8579053170793397
calm,6708.0,0.7725951396845455
calm,6709.0,0.7639623276659394
calm,6710.0,0.8721963962388914
calm,6711.0,0.9240556588883657
calm,6712.0,0.8306881741922363
calm,6713.0,0.7402503366379749
calm,6714.0,0.7874378836283423
calm,6715.0,0.8782003152720852
calm,6716.0,0.8633224926473305
calm,6717.0,0.7944767231962017
calm,6718.0,0.8057684698553705
calm,6719.0,0.8741777260878875
calm,6720.0,0.8710125200002848
calm,6721.0,0.7911539819815638
calm,6722.0,0.7551094120601042
calm,6723.0,0.8113474666909147
calm,6724.0,0.8788677108860917
calm,6725.0,0.8803154363333195
calm,6726.0,0.835338532616162
calm,6727.0,0.7994449099351765
calm,6728.0,0.7956039112082065
calm,6729.0,0.815187244964385
calm,6730.0,0.8344909956629494
calm,6731.0,0.835109004625567
calm,6732.0,0.8288767802785654
calm,6733.0,0.8415084959528746
calm,6734.0,0.8577773913252624
calm,6735.0,0.8333112079644738
calm,6736.0,0.7814212565162569
calm,6737.0,0.7748227181684622
calm,6738.0,0.8335570939333203
calm,6739.0,0.882943347069734
calm,6740.0,0.863980718063055
calm,6741.0,0.8161880264828383
calm,6742.0,0.800212451074209
calm,6743.0,0.8077165107539557
calm,6744.0,0.8114569090782408
calm,6745.0,0.8260241199403263
calm,6746.0,0.8560495109363366
calm,6747.0,0.8582703482481857
calm,6748.0,0.8196497278753859
calm,6749.0,0.79708715712992
calm,6750.0,0.8190065251476534
calm,6751.0,0.8337055949734283
calm,6752.0,0.8146003664077457
calm,6753.0,0.8195717453574748
calm,6754.0,0.8671811205171908
calm,6755.0,0.8702643774028638
calm,6756.0,0.7900938473569658
calm,6757.0,0.7439276756986495
calm,6758.0,0.8188992379897025
calm,6759.0,0.9069647261130346
calm,6760.0,0.871326318339173
calm,6761.0,0.78078578144959
calm,6762.0,0.787776541477729
calm,6763.0,0.8571476959568028
calm,6764.0,0.8439515321306427
calm,6765.0,0.7681774123173999
calm,6766.0,0.7876933785627398
calm,6767.0,0.89797290188631
calm,6768.0,0.9154811615302716
calm,6769.0,0.7972943568976751
calm,6770.0,0.7231929649936836
calm,6771.0,0.7962965474070978
calm,6772.0,0.886230420115652
calm,6773.0,0.8630033906759224
calm,6774.0,0.8034189542270121
calm,6775.0,0.8197596226101984
calm,6776.0,0.8591948274247019
calm,6777.0,0.8288015062057155
calm,6778.0,0.7751501301799757
calm,6779.0,0.7927011144305901
calm,6780.0,0.8502957109929833
calm,6781.0,0.8615163151508236
calm,6782.0,0.8355666379280265
calm,6783.0,0.8294798827997597
calm,6784.0,0.8269430678329668
calm,6785.0,0.7944876664079912
calm,6786.0,0.7817442010197225
calm,6787.0,0.8358823808803626
calm,6788.0,0.8857205249139674
calm,6789.0,0.8478728274869147
calm,6790.0,0.78237641722715
calm,6791.0,0.7957922118524582
calm,6792.0,0.8557695545124373
calm,6793.0,0.8478907162664346
calm,6794.0,0.7875571715521067
calm,6795.0,0.7912756739480823
calm,6796.0,0.8645495814508193
calm,6797.0,0.8848014333801049
calm,6798.0,0.8107525482642367
calm,6799.0,0.757598570022538
calm,6800.0,0.8024173331861921
calm,6801.0,0.8684278597250614
calm,6802.0,0.8628010458376759
calm,6803.0,0.814459143538259
calm,6804.0,0.8012903965270064
calm,6805.0,0.8241660677300395
calm,6806.0,0.8309494535709505
calm,6807.0,0.8136760525467677
calm,6808.0,0.8099347306460397
calm,6809.0,0.83452774476344
calm,6810.0,0.8582756130205257
calm,6811.0,0.8474028731802793
calm,6812.0,0.8048733826314032
calm,6813.0,0.7738213911148568
calm,6814.0,0.7967463347532739
calm,6815.0,0.8554104978106016
calm,6816.0,0.8778426780022079
calm,6817.0,0.8369227055224918
calm,6818.0,0.7941130380941751
calm,6819.0,0.8048728308201994
calm,6820.0,0.8305650271150016
calm,6821.0,0.8157870077947421
calm,6822.0,0.7958370447619436
calm,6823.0,0.8322392013785997
calm,6824.0,0.8848146604314682
calm,6825.0,0.8612411703025115
calm,6826.0,0.7828048175382973
calm,6827.0,0.7591640179374232
calm,6828.0,0.8148998996790234
calm,6829.0,0.8610645419529231
calm,6830.0,0.8478245167640165
calm,6831.0,0.8273669084755245
calm,6832.0,0.8320553876909919
calm,6833.0,0.8222585563577189
calm,6834.0,0.7910417798624407
calm,6835.0,0.7965085186482572
calm,6836.0,0.8446046743085204
calm,6837.0,0.8594449057954087
calm,6838.0,0.8197236064156429
calm,6839.0,0.8027187023765663
calm,6840.0,0.8367559083093685
calm,6841.0,0.8427145842384703
calm,6842.0,0.791060962098447
calm,6843.0,0.7785881938763735
calm,6844.0,0.8512382852916346
calm,6845.0,0.8967187500304626
calm,6846.0,0.827646594128033
calm,6847.0,0.7484417937274331
calm,6848.0,0.786869405523833
calm,6849.0,0.8751445505282807
calm,6850.0,0.8680667209094934
calm,6851.0,0.7922962335677982
calm,6852.0,0.7877137785428949
calm,6853.0,0.8529443643273755
calm,6854.0,0.8602874500870022
calm,6855.0,0.790110903818376
calm,6856.0,0.7675819559451694
calm,6857.0,0.8358939110919594
calm,6858.0,0.8826073879429474
calm,6859.0,0.8407247254996696
calm,6860.0,0.7888460035931705
calm,6861.0,0.8010518723448595
calm,6862.0,0.8309928077352663
calm,6863.0,0.8213089211208142
calm,6864.0,0.8073213597865395
calm,6865.0,0.8319356349128789
calm,6866.0,0.8563946938909298
calm,6867.0,0.8358407092472138
calm,6868.0,0.8020236834998824
calm,6869.0,0.7998534891950132
calm,6870.0,0.8134449345942615
calm,6871.0,0.816701385491742
calm,6872.0,0.8281777279427476
calm,6873.0,0.8553469383601904
calm,6874.0,0.8537127615647896
calm,6875.0,0.8061310928215283
calm,6876.0,0.7742269376960328
calm,6877.0,0.804534797109743
calm,6878.0,0.8486547081944384
calm,6879.0,0.8437444360705807
calm,6880.0,0.8150505584388752
calm,6881.0,0.8199964200355055
calm,6882.0,0.8423893359973704
calm,6883.0,0.8266941770607034
calm,6884.0,0.7870710620575249
calm,6885.0,0.7885502950090927
calm,6886.0,0.8383347293418542
calm,6887.0,0.8712826916818682
calm,6888.0,0.8450247848898894
calm,6889.0,0.7960825077750185
calm,6890.0,0.7811901461109123
calm,6891.0,0.810227587678389
calm,6892.0,0.8466803313287906
calm,6893.0,0.8505307962056491
calm,6894.0,0.8219867559447769
calm,6895.0,0.8011243801819694
calm,6896.0,0.8148280333121781
calm,6897.0,0.8348022210993803
calm,6898.0,0.8209789246649365
calm,6899.0,0.796557740251913
calm,6900.0,0.8163214956963938
calm,6901.0,0.8626875102905324
calm,6902.0,0.856426694522704
calm,6903.0,0.7914988969233782
calm,6904.0,0.7621537878966468
calm,6905.0,0.8154678664534116
calm,6906.0,0.8699181891046983
calm,6907.0,0.8481839506060326
calm,6908.0,0.8013745576730593
calm,6909.0,0.8081549980339273
calm,6910.0,0.8376954875198077
calm,6911.0,0.8200010459450326
calm,6912.0,0.7841863321256871
calm,6913.0,0.8055083565970547
calm,6914.0,0.860639157422224
calm,6915.0,0.8608483802818893
calm,6916.0,0.8089550083146085
calm,6917.0,0.7884709232486119
calm,6918.0,0.8161353403112568
calm,6919.0,0.8282241834159713
calm,6920.0,0.8099129273793618
calm,6921.0,0.8158204998300576
calm,6922.0,0.8493702205385952
calm,6923.0,0.8470384215141409
calm,6924.0,0.8019923063910888
calm,6925.0,0.7875637561644748
calm,6926.0,0.8229594914115488
calm,6927.0,0.839331244873051
calm,6928.0,0.8116901399948074
calm,6929.0,0.8059104906073823
calm,6930.0,0.8462368111468365
calm,6931.0,0.8563613873310478
calm,6932.0,0.8002902026614678
calm,6933.0,0.7647776389016688
calm,6934.0,0.8139559316606195
calm,6935.0,0.8711284582840125
calm,6936.0,0.8466199424664593
calm,6937.0,0.7883063138770421
calm,6938.0,0.7938449784888512
calm,6939.0,0.8423792905846382
calm,6940.0,0.8419124108727871
calm,6941.0,0.7965081482456124
calm,6942.0,0.792227056346696
calm,6943.0,0.8402380693859245
calm,6944.0,0.8603173926967125
calm,6945.0,0.8199105415355767
calm,6946.0,0.7826848625204375
calm,6947.0,0.7977123697121838
calm,6948.0,0.8322056777284909
calm,6949.0,0.8421404786286182
calm,6950.0,0.8322421963809896
calm,6951.0,0.8219019343980608
calm,6952.0,0.8105399398096428
calm,6953.0,0.8009152614815259
calm,6954.0,0.8080757489256449
calm,6955.0,0.8277982425109476
calm,6956.0,0.8354402675000914
calm,6957.0,0.8275050117134838
calm,6958.0,0.8233277315462351
calm,6959.0,0.822777764739988
calm,6960.0,0.8089568775562068
calm,6961.0,0.7931157887221864
calm,6962.0,0.8065150961891836
calm,6963.0,0.8421003208261858
calm,6964.0,0.8540248140246085
calm,6965.0,0.8266182480689038
calm,6966.0,0.7979162228531389
calm,6967.0,0.798711722106937
calm,6968.0,0.8147177401034477
calm,6969.0,0.8229823408459688
calm,6970.0,0.8255013055043003
calm,6971.0,0.8299536925927404
calm,6972.0,0.8296727708944629
calm,6973.0,0.8197278218499907
calm,6974.0,0.808455754554827
calm,6975.0,0.8039994088738249
calm,6976.0,0.8088236110274795
calm,6977.0,0.8250172473801176
calm,6978.0,0.8425762055505535
calm,6979.0,0.8364868870295187
calm,6980.0,0.8050291847693519
calm,6981.0,0.7891372820003042
calm,6982.0,0.8158121142936207
calm,6983.0,0.8449387232484624
calm,6984.0,0.8287482992309835
calm,6985.0,0.7966742370817189
calm,6986.0,0.8080855937473314
calm,6987.0,0.8451682730791823
calm,6988.0,0.8370125950743387
calm,6989.0,0.7891450610605306
calm,6990.0,0.7838363152545452
calm,6991.0,0.8377270944122749
calm,6992.0,0.8651305823861634
calm,6993.0,0.8209300104922682
calm,6994.0,0.7776583316503188
calm,6995.0,0.8006997292882098
calm,6996.0,0.8427735161137846
calm,6997.0,0.8339753330069445
calm,6998.0,0.8020586357201982
calm,6999.0,0.8101109815981498
calm,7000.0,0.8397978146092583
calm,7001.0,0.8316308192592541
calm,7002.0,0.7968501224515322
calm,7003.0,0.7944194651552068
calm,7004.0,0.8242812386173637
calm,7005.0,0.835672329374264
calm,7006.0,0.8216873722356989
calm,7007.0,0.8192263975693473
calm,7008.0,0.8279158620718144
calm,7009.0,0.814381805002454
calm,7010.0,0.7903580939599024
calm,7011.0,0.8015753502958431
calm,7012.0,0.839720825080958
calm,7013.0,0.8473217155091365
calm,7014.0,0.8157490497781142
calm,7015.0,0.7993383162189085
calm,7016.0,0.8168557704599941
calm,7017.0,0.8242718360744241
calm,7018.0,0.8042048698160158
calm,7019.0,0.8007637966824093
calm,7020.0,0.8334599393574633
calm,7021.0,0.8519089910008789
calm,7022.0,0.8211948493438997
calm,7023.0,0.7856552540605906
calm,7024.0,0.7965760012872699
calm,7025.0,0.8301115194112829
calm,7026.0,0.834898841938318
calm,7027.0,0.8154695494985599
calm,7028.0,0.8114300023858579
calm,7029.0,0.8243463396738816
calm,7030.0,0.8230815974729885
calm,7031.0,0.8056570863545345
calm,7032.0,0.8016218629865113
calm,7033.0,0.8198179584900588
calm,7034.0,0.8352955518870903
calm,7035.0,0.8294008296243018
calm,7036.0,0.8116686928075045
calm,7037.0,0.8007908691112405
calm,7038.0,0.8054655423759107
calm,7039.0,0.821312573562828
calm,7040.0,0.8331039051075243
calm,7041.0,0.8270535199376146
calm,7042.0,0.8103504514975589
calm,7043.0,0.8051094555940611
calm,7044.0,0.8154865389112673
calm,7045.0,0.8213296169604601
calm,7046.0,0.8137921887241876
calm,7047.0,0.8114280187492581
calm,7048.0,0.8245263370297906
calm,7049.0,0.8323740027330223
calm,7050.0,0.8177994397792595
calm,7051.0,0.799148530032989
calm,7052.0,0.8018754136705518
calm,7053.0,0.8194701417156821
calm,7054.0,0.828849180795657
calm,7055.0,0.8255753378332171
calm,7056.0,0.8196480149522677
calm,7057.0,0.8132368860365461
calm,7058.0,0.8064579638506997
calm,7059.0,0.8081162225625697
calm,7060.0,0.8191231707556834
calm,7061.0,0.823551197417516
calm,7062.0,0.8161716822380334
calm,7063.0,0.8147970407389142
calm,7064.0,0.8252261476897715
calm,7065.0,0.8240168703979747
calm,7066.0,0.8025845341955868
calm,7067.0,0.7937095188864123
calm,7068.0,0.8184844376611858
calm,7069.0,0.8422515605504627
calm,7070.0,0.8272828523563345
calm,7071.0,0.7986296343809172
calm,7072.0,0.8027695693612741
calm,7073.0,0.8270959680012084
calm,7074.0,0.8246521466917228
calm,7075.0,0.8007993826054964
calm,7076.0,0.8034667140038424
calm,7077.0,0.8336274850987524
calm,7078.0,0.8387581693647157
calm,7079.0,0.8057994250403646
calm,7080.0,0.7872149095649752
calm,7081.0,0.8118668315033006
calm,7082.0,0.8379235625387277
calm,7083.0,0.8264581952043313
calm,7084.0,0.803674813016857
calm,7085.0,0.8074976656587418
calm,7086.0,0.8232389474188808
calm,7087.0,0.8185748817133482
calm,7088.0,0.8042058471578521
calm,7089.0,0.8096872753159536
calm,7090.0,0.8272924375466316
calm,7091.0,0.8275767149760066
calm,7092.0,0.8115825024211675
calm,7093.0,0.8044104726935916
calm,7094.0,0.8103899757824283
calm,7095.0,0.814441400570596
calm,7096.0,0.8155808251313309
calm,7097.0,0.8227622590103576
calm,7098.0,0.8272617726687712
calm,7099.0,0.8151909500662688
calm,7100.0,0.799179288794428
calm,7101.0,0.8031182622358483
calm,7102.0,0.8213328206646885
calm,7103.0,0.8266644044867648
calm,7104.0,0.8155962483217458
calm,7105.0,0.8105918561366804
calm,7106.0,0.818071302494161
calm,7107.0,0.8192370361791896
calm,7108.0,0.8075039553882433
calm,7109.0,0.8022553832537616
calm,7110.0,0.8148301746950033
calm,7111.0,0.8281810348161285
calm,7112.0,0.8243014372324139
calm,7113.0,0.8106032884333587
calm,7114.0,0.8050038048019849
calm,7115.0,0.810257054564803
calm,7116.0,0.8163513744468546
calm,7117.0,0.8175593690616618
calm,7118.0,0.8159993549519797
calm,7119.0,0.8148732495241278
calm,7120.0,0.8151306914208477
calm,7121.0,0.8152959472113404
calm,7122.0,0.8128397097984285
calm,7123.0,0.8093403622102355
calm,7124.0,0.8111214422070361
calm,7125.0,0.8186653713172537
calm,7126.0,0.8217784436967932
calm,7127.0,0.8142946053548862
calm,7128.0,0.8064337476610536
calm,7129.0,0.8099862250117722
calm,7130.0,0.8184158072630805
calm,7131.0,0.8179053343237093
calm,7132.0,0.8111700638910917
calm,7133.0,0.8115657550869867
calm,7134.0,0.8180921244204659
calm,7135.0,0.8172593621349656
calm,7136.0,0.8086506988581437
calm,7137.0,0.8068069339630183
calm,7138.0,0.8155343958730977
calm,7139.0,0.8213099245074706
calm,7140.0,0.8166809182566833
calm,7141.0,0.8107518481358641
calm,7142.0,0.8108418975681535
calm,7143.0,0.8119879919873708
calm,7144.0,0.8109913357400146
calm,7145.0,0.8132628532602348
calm,7146.0,0.8188124739944762
calm,7147.0,0.8184413762914732
calm,7148.0,0.8110941654595243
calm,7149.0,0.8081326230465586
calm,7150.0,0.8131888615112968
calm,7151.0,0.8153435450987873
calm,7152.0,0.8104692247586742
calm,7153.0,0.8101796044569095
calm,7154.0,0.8189921937297896
calm,7155.0,0.8222232217689741
calm,7156.0,0.8110799377774627
calm,7157.0,0.8011827384977241
calm,7158.0,0.8081286007198998
calm,7159.0,0.8210198969531813
calm,7160.0,0.820416512598851
calm,7161.0,0.8100727812853736
calm,7162.0,0.8080457005766639
calm,7163.0,0.8151722812459878
calm,7164.0,0.8164278638112437
calm,7165.0,0.8092996764983152
calm,7166.0,0.8073456937075255
calm,7167.0,0.8149026274914812
calm,7168.0,0.8195878506155598
calm,7169.0,0.8141579210335399
calm,7170.0,0.8078298769666713
calm,7171.0,0.8094547972497985
calm,7172.0,0.8142491471711448
calm,7173.0,0.814595096736431
calm,7174.0,0.8122857441537239
calm,7175.0,0.8123185394379285
calm,7176.0,0.8134745368165396
calm,7177.0,0.812438888872301
calm,7178.0,0.8107778696556339
calm,7179.0,0.8114779573963612
calm,7180.0,0.8132824123976918
calm,7181.0,0.813485390045335
calm,7182.0,0.8125684044818217
calm,7183.0,0.8121959282709563
calm,7184.0,0.8119670121423032
calm,7185.0,0.8112732522687705
calm,7186.0,0.8113154955341699
calm,7187.0,0.8126528969204387
calm,7188.0,0.8134822926888886
calm,7189.0,0.8125510089525082
calm,7190.0,0.8113091497461903
calm,7191.0,0.8113639944162928
calm,7192.0,0.812043834656587
calm,7193.0,0.8120810720039002
calm,7194.0,0.8117420984145806
calm,7195.0,0.8118276116019171
calm,7196.0,0.8121205955166482
calm,7197.0,0.8120425574449851
calm,7198.0,0.8117363503603653
calm,7199.0,0.8116341507053642
calm,7200.0,0.8117084605797267
