hour,stamp,pres_hPa,atmp_C,rh,wspd_m_s,gust_m_s,rho0_model,rho0_obs,rho30_model,v_stall_m_s,cl_trim,alpha_trim_deg,cd_trim,drag_N,power_W,thrust_avail_N,margin
0.0,2026-08-05 00:00,1011.2,16.0,0.9023839445818631,4.0,6.0,1.2108380314671132,1.2108380314671132,1.2074087636358397,6.581615997196278,0.4749372447988873,2.1977435203291544,0.03343878164969677,57.998155038617924,1072.458111497926,414.8874152867074,7.15345884727636
1.0,2026-08-05 01:00,1010.9,16.0,0.9023839445818631,4.0,5.0,1.2104765915077822,1.2104765915077822,1.2070470797603554,6.582601992740585,0.4750795566823184,2.1995313901451903,0.03344383966041455,57.989551749350014,1072.299025965726,414.7631341875719,7.152376965773336
2.0,2026-08-05 02:00,1010.8,15.9,0.9081618496369518,4.0,5.0,1.210774847418769,1.210774847418769,1.2073444206397939,6.581791371862717,0.47496255562547646,2.1980615012439353,0.03343968112950296,57.99662433475468,1072.4298068773162,414.86530587345374,7.153266429419483
3.0,2026-08-05 03:00,1010.9,15.8,0.9139812562566745,4.0,5.0,1.2113144365269954,1.2113144365269954,1.207883257139677,6.580323140136945,0.4747506749163632,2.1953996355213343,0.03343215292862845,58.009445687095855,1072.6668896484753,415.0504598075907,7.154877190973026
4.0,2026-08-05 04:00,1011.4,15.8,0.9139812562566745,5.0,6.0,1.211917253417118,1.211917253417118,1.208486481119871,6.578680629343334,0.47451369999260773,2.1924225101884023,0.0334237371003069,58.02380601644546,1072.9324300210012,415.25773844057665,7.156678731534463
5.0,2026-08-05 05:00,1011.9,15.7,0.9139175479782663,4.0,5.0,1.2129879185860262,1.2129879185860262,1.2095561555489756,6.575771048456784,0.4740940624513383,2.1871505871723973,0.03340884457657799,58.04928856041991,1073.4036339923828,415.62529785579335,7.15986893488272
6.0,2026-08-05 06:00,1012.3,15.7,0.9139175479782663,5.0,6.0,1.2134703390545072,1.2134703390545072,1.2100389019151248,6.574459212016248,0.4739049220976695,2.184774409433996,0.033402136479148234,58.06079637510351,1073.6164278165106,415.7911782089287,7.161306839863123
7.0,2026-08-05 07:00,1012.2,15.6,0.9138537700596067,4.0,5.0,1.2138177588279715,1.2138177588279715,1.210384844171273,6.573519615904183,0.47376947448467294,2.1830727757187205,0.0333973343062095,58.06904588299966,1073.7689714905846,415.9100502039105,7.162336557792017
8.0,2026-08-05 08:00,1012.2,15.5,0.9197232843946157,4.0,5.0,1.2142382742476243,1.2142382742476243,1.2108045241711098,6.572380285089774,0.4736052600561626,2.181009743363215,0.033391514072761114,58.079056979215395,1073.9540891263853,416.0542598167805,7.163584972904652
9.0,2026-08-05 09:00,1012.1,15.4,0.9196635817576888,5.0,6.0,1.2145859293520473,1.2145859293520473,1.2111507022600971,6.5714409401160685,0.47346989146532203,2.1793091024064077,0.03338671773627877,58.087317391852615,1074.106834442701,416.17321284817666,7.164614093653248
10.0,2026-08-05 10:00,1012.0,15.5,0.9078902673517467,6.0,7.0,1.2140917511694658,1.2140917511694658,1.2106567230682925,6.572781462149075,0.4736630794019793,2.1817361300898632,0.03339356312716131,58.0755309140252,1073.888887790026,416.00347269366915,7.163145409889048
11.0,2026-08-05 11:00,1012.1,15.6,0.8962675939685737,6.0,7.0,1.213838940253289,1.213838940253289,1.210404278438225,6.573466843433817,0.4737618676357837,2.1829772105754848,0.03339706465295503,58.06950939280233,1073.7775423640426,415.9167281683469,7.162394387645704
12.0,2026-08-05 12:00,1012.0,15.6,0.8962675939685737,5.0,7.0,1.2137182933681627,1.2137182933681627,1.2102835500222204,6.573794694064234,0.4738091264123258,2.1835709244529586,0.03339873998742887,58.06663012621259,1073.724301139261,415.87524370842215,7.1620351104323285
13.0,2026-08-05 13:00,1012.1,15.5,0.8961914238891036,5.0,6.0,1.2143062185927918,1.2143062185927918,1.2108701698703435,6.5722021262921,0.4735795841833641,2.180687176358478,0.033390604228104956,58.08062321674728,1073.9830508087782,416.07681686233116,7.16378017001645
14.0,2026-08-05 14:00,1012.3,15.4,0.9019519636075642,5.0,6.0,1.2149685100432153,1.2149685100432153,1.2115317863022566,6.570407344355932,0.47332096279327196,2.1774381056134406,0.03338144252736063,58.09641347816073,1074.2750324058522,416.30416019427884,7.165746304645356
15.0,2026-08-05 15:00,1012.9,15.4,0.9019519636075642,4.0,5.0,1.2156928930911486,1.2156928930911486,1.2122566592140533,6.568442652122749,0.4730379389452225,2.173882465824644,0.03337142210111386,58.11372341787142,1074.5951147470907,416.55323959294174,7.167897960997647
16.0,2026-08-05 16:00,1013.5,15.4,0.9019519636075642,4.0,5.0,1.2164172761390817,1.2164172761390817,1.21298153212585,6.566479721291114,0.472755253365012,2.170331075708078,0.03336141963399872,58.131043782387685,1074.9153898559662,416.8023189916045,7.170047050107943
17.0,2026-08-05 17:00,1014.1,15.5,0.9078902673517467,4.0,5.0,1.2166262134929855,1.2166262134929855,1.2131928987271785,6.565907679136576,0.47267288833364,2.169296320563697,0.03335850637775152,58.13609620958656,1075.0088155266376,416.87494836580174,7.170673222758628
18.0,2026-08-05 18:00,1014.2,15.5,0.9020241555358138,4.0,5.0,1.2167939253345614,1.2167939253345614,1.2133601394793567,6.565455165021447,0.4726077385344938,2.1684778410621535,0.033356202384878825,58.14009449589021,1075.0827488194393,416.93241530284206,7.1711685183503455
19.0,2026-08-05 19:00,1014.4,15.4,0.9137260049025345,5.0,6.0,1.217410039469731,1.217410039469731,1.2139761337181765,6.5637892361737,0.47236792851181464,2.1654650982693937,0.033347724349029634,58.15482606850072,1075.355153942167,417.1440820268816,7.172991653960525
20.0,2026-08-05 20:00,1014.4,15.5,0.9197232843946157,5.0,6.0,1.2168934252532164,1.2168934252532164,1.2134614700994666,6.56518103372482,0.4725682732227435,2.1679820367908746,0.03335480686662525,58.14251731362155,1075.1275497364156,416.9672343304432,7.1714685499651845
21.0,2026-08-05 21:00,1014.3,15.8,0.9139812562566745,4.0,5.0,1.2154135913798296,1.2154135913798296,1.2119851802049966,6.56917826114081,0.47314389723003364,2.175213623944441,0.03337517283989636,58.10723928662326,1074.4752150856536,416.4599545118951,7.16709242470873
22.0,2026-08-05 22:00,1014.0,16.1,0.9082971985117843,3.0,4.0,1.213694856110558,1.213694856110558,1.2102698291964011,6.573831957505059,0.4738144979851258,2.183638407734342,0.03339893042149392,58.066302914966805,1073.7182505958517,415.87052898534637,7.161994273931192
23.0,2026-08-05 23:00,1013.4,16.3,0.8795935710186665,3.0,4.0,1.2122788464493917,1.2122788464493917,1.208853302046535,6.5776824185526666,0.47436971101160286,2.1906135709292642,0.03341862558806578,58.0325421065425,1073.0939712059078,415.3837847230953,7.157773374126679
24.0,2026-08-06 00:00,1013.2,16.2,0.9025273159768378,3.0,4.0,1.2123122268026176,1.2123122268026176,1.2088873803855797,6.577589705999379,0.474356338606442,2.19044557287472,0.033418150955377895,58.033353842100226,1073.1089812072207,415.3954946546688,7.157875034844542
25.0,2026-08-06 01:00,1013.2,16.2,0.8909513381609734,4.0,4.0,1.2124090290662506,1.2124090290662506,1.2089830511968376,6.577329447680422,0.47431880122682796,2.1899739892910657,0.03341681869606367,58.03563281557362,1073.151122264739,415.4283688699277,7.1581604044894505
26.0,2026-08-06 02:00,1013.3,16.1,0.8908716767532859,4.0,5.0,1.2129966303083708,1.2129966303083708,1.209569340348999,6.5757352090635175,0.47408889463234916,2.187085663658193,0.033408661257893865,58.04960280079725,1073.4094446882818,415.62982839074357,7.159908222232234
27.0,2026-08-06 03:00,1013.3,16.0,0.8907919299106308,4.0,5.0,1.2134638856318825,1.2134638856318825,1.2100352040010451,6.574469257908563,0.4739063703693214,2.1847926041279977,0.03340218783373058,58.06070820573244,1073.6147974550427,415.7899075389944,7.161295829628593
28.0,2026-08-06 04:00,1013.5,15.9,0.8964956120580871,4.0,4.0,1.2141247400332789,1.2141247400332789,1.21069538753019,6.572676507967357,0.4736479526175921,2.181546091699762,0.03339302702630067,58.07645328334501,1073.9059435473714,416.0167584997219,7.1632604089999745
29.0,2026-08-06 05:00,1014.0,15.8,0.8964196879378954,3.0,4.0,1.2151952548470561,1.2151952548470561,1.2117649185448423,6.569775271477242,0.4732299002646989,2.1762940834679774,0.0333782178152099,58.101979529553894,1074.3779556274899,416.38426863514775,7.166438596525813
30.0,2026-08-06 06:00,1014.5,15.8,0.8964196879378954,3.0,4.0,1.2157980717371788,1.2157980717371788,1.2123681425250363,6.5681406446120105,0.4729944407421566,2.1733359961803784,0.033369882583683244,58.11638656083956,1074.644359576971,416.59154726813364,7.168228651518479
31.0,2026-08-06 07:00,1014.3,15.8,0.8906321794432869,2.0,3.0,1.2156041879249373,1.2156041879249373,1.2121735419359934,6.568667843358562,0.4730703745862788,2.1742899560651656,0.03337257017711104,58.111738050688125,1074.558402835503,416.5246789979729,7.167651372510285
32.0,2026-08-06 08:00,1014.3,15.7,0.8905521755795275,2.0,3.0,1.2160720212425182,1.2160720212425182,1.212639988935978,6.567404389187112,0.47288840610509664,2.1720038788442624,0.0333661303282352,58.12288153348392,1074.764459709325,416.6849585950906,7.169034769121748
33.0,2026-08-06 09:00,1014.1,15.6,0.8962675939685737,2.0,3.0,1.216251877955813,1.216251877955813,1.2128188467583156,6.566920114490872,0.47281866791562943,2.171127755213773,0.03336366295642518,58.12715561552423,1074.8434928087445,416.7464173668407,7.169564946947769
34.0,2026-08-06 10:00,1013.7,15.5,0.8903919099926343,2.0,3.0,1.2162837268119082,1.2162837268119082,1.212848437085573,6.566840006171258,0.4728071323777261,2.1709828337951826,0.03336325485843468,58.12786278289673,1074.8565692140944,416.7565851366657,7.169652644777613
35.0,2026-08-06 11:00,1013.7,15.4,0.8961151715925393,2.0,3.0,1.2167052425723697,1.2167052425723697,1.2132691148215906,6.565701444718846,0.47264319559602463,2.1689232895275095,0.03335745626826796,58.13791826719944,1075.0425076408997,416.9011375896721,7.170898959154538
36.0,2026-08-06 12:00,1013.8,15.3,0.8902312997919388,2.0,3.0,1.217340071842445,1.217340071842445,1.2139021015126397,6.563989385915833,0.47239673679835525,2.1658270179117727,0.03334874258483134,58.153055183290356,1075.3224080693522,417.11864322659454,7.172772641297942
37.0,2026-08-06 13:00,1014.0,15.3,0.8902312997919388,2.0,2.0,1.2175816165682567,1.2175816165682567,1.2141438096396813,6.563335983683724,0.47230269346546044,2.1646455478038074,0.03334541883017774,58.15883735579339,1075.429327639446,417.2016984959467,7.173487598173038
38.0,2026-08-06 14:00,1014.4,15.3,0.8902312997919388,2.0,3.0,1.21806470601988,1.21806470601988,1.2146272258937645,6.562029764383221,0.47211471908616026,2.1622840182474814,0.03333877727266169,58.17040516126682,1075.643230767984,417.36780903465126,7.174916658695693
39.0,2026-08-06 15:00,1015.0,15.4,0.8788037582206677,2.0,3.0,1.2184126701665736,1.2184126701665736,1.2149759813578203,6.561087890624257,0.4719791998738722,2.1605814850274765,0.033333990714264655,58.178753492809875,1075.7976018143538,417.4876476985795,7.175946933104633
40.0,2026-08-06 16:00,1015.1,15.5,0.8731910602520148,2.0,2.0,1.2181112515664125,1.2181112515664125,1.2146754834824551,6.56189941233326,0.4720959625390509,2.1620483790048444,0.03333811470674073,58.17156018400073,1075.6645885766786,417.38439121199076,7.175059253899579
41.0,2026-08-06 17:00,1015.4,15.9,0.8566954162419518,1.0,2.0,1.216741506079351,1.216741506079351,1.2133098699965579,6.56559117257614,0.4726273194735188,2.1687238371730087,0.03335689482245702,58.13889262665449,1075.0605247605888,416.9151418024217,7.171019655976073
42.0,2026-08-06 18:00,1015.6,16.1,0.8458333275142259,1.0,2.0,1.2161410748777757,1.2161410748777757,1.2127112745247428,6.567211363782616,0.47286060878090475,2.171654659961826,0.03336514680147113,58.124584935999934,1074.7959577430852,416.7094536083458,7.169246095557982
43.0,2026-08-06 19:00,1015.9,16.5,0.8245691978497086,1.0,2.0,1.2148224280084143,1.2148224280084143,1.211396213072519,6.570774997157514,0.4733739344394897,2.1781035904984347,0.033383318648163074,58.093177152913015,1074.2151887218413,416.2575747887709,7.165343594362151
44.0,2026-08-06 20:00,1015.9,16.8,0.8142919700836869,2.0,2.0,1.2135197438661907,1.2135197438661907,1.2100965642351256,6.5743025703488245,0.47388234005085145,2.184490710287327,0.03340133575769587,58.06217125317846,1073.6418510242459,415.810992021471,7.161478515991744
45.0,2026-08-06 21:00,1016.0,16.7,0.8248154384116951,2.0,3.0,1.2140125715718533,1.2140125715718533,1.2105891753398965,6.5729648316492515,0.47368950857026393,2.182068160775564,0.03339449983129109,58.073919584486816,1073.8590923002798,415.98026207661337,7.16294448614647
46.0,2026-08-06 22:00,1015.9,16.6,0.8354747616503428,3.0,4.0,1.2142650144740519,1.2142650144740519,1.2108412438033251,6.572280628252934,0.4735908976357764,2.180829307708267,0.033391005123070354,58.079933060553344,1073.970288961304,416.0668773442981,7.163694161122956
47.0,2026-08-06 23:00,1015.5,16.8,0.8303073633649752,2.0,3.0,1.2129003096839581,1.2129003096839581,1.2094784217930068,6.575982359034933,0.47412453270321947,2.187533386151035,0.03340992549222849,58.04743596090143,1073.3693771202525,415.5985871360555,7.159637290714909
48.0,2026-08-07 00:00,1015.4,16.8,0.8411376751740729,2.0,3.0,1.212686269774718,1.212686269774718,1.2092653932746615,6.576561557818008,0.47420805617728445,2.1885826948567524,0.03341288879834846,58.04235955070573,1073.275507974104,415.52538669721457,7.159002320265979
49.0,2026-08-07 01:00,1015.0,16.6,0.8463810124724284,2.0,3.0,1.2130895172302743,1.2130895172302743,1.2096661063426577,6.575472194222519,0.47405097037975497,2.186609219773999,0.0334073160273162,58.05190918262239,1073.4520925603551,415.6630789304164,7.16019653415367
50.0,2026-08-07 02:00,1014.8,16.1,0.8624821592448819,3.0,4.0,1.2150391815902313,1.2150391815902313,1.2116103500266995,6.570194320408017,0.4732902715254952,2.1770525300033716,0.03338035561688234,58.098289072869534,1074.3097144876874,416.33115610614493,7.165979631241177
51.0,2026-08-07 03:00,1014.8,15.9,0.8735580502449808,3.0,4.0,1.2158798937034234,1.2158798937034234,1.2124493919209687,6.567920566807496,0.4729627441510693,2.172937790653827,0.03336876084594707,58.118327623311224,1074.6802522392684,416.619466025134,7.168469621586774
52.0,2026-08-07 04:00,1015.0,15.6,0.8732829535308032,4.0,4.0,1.217523065558149,1.217523065558149,1.214088591210002,6.5634852367894645,0.4723241744457244,2.1649154142078406,0.033346177969841094,58.1575163118052,1075.4048998910143,417.1827244481711,7.173324290732968
53.0,2026-08-07 05:00,1015.4,15.1,0.8958859202426598,5.0,6.0,1.2201641739076687,1.2201641739076687,1.216725293100479,6.556369686586738,0.4713006253745075,2.152056526773139,0.03331004403079402,58.22066375350374,1076.572574725237,418.0887427455102,7.181105741350286
54.0,2026-08-07 06:00,1015.8,14.7,0.919243820759249,5.0,6.0,1.2223438258857262,1.2223438258857262,1.2189019108504602,6.550513150028362,0.4704590143329336,2.141483333995449,0.03328039170304822,58.27289528212466,1077.5384007331186,418.8366678389455,7.1875039984056635
55.0,2026-08-07 07:00,1015.8,14.3,0.9618678089217948,5.0,6.0,1.2239063151641718,1.2239063151641718,1.2204626766870064,6.546323309545027,0.469857376633484,2.1339249357991634,0.03325922679717992,58.31040538265107,1078.2320092030063,419.3729751139089,7.192077852346467
56.0,2026-08-07 08:00,1016.2,14.4,0.9618968805991968,4.0,5.0,1.2239186169643441,1.2239186169643441,1.2204767008268382,6.546285698496349,0.4698519776401673,2.133857108032745,0.033259036989564665,58.31074264170516,1078.2382455429035,419.3777940611467,7.1921188971652406
57.0,2026-08-07 09:00,1016.3,14.6,0.9495594180605547,3.0,4.0,1.2231890012030489,1.2231890012030489,1.2197488448872533,6.548238576888799,0.47013235056618774,2.1373794441833205,0.03326889669589622,58.29324387643432,1077.9146715819145,419.1276896403654,7.189987411385119
58.0,2026-08-07 10:00,1016.1,14.7,0.9557730904272964,4.0,5.0,1.2224279738973565,1.2224279738973565,1.2189896041682942,6.5502775259667665,0.4704251698179921,2.1410581440166263,0.033279200373934205,58.27500156881067,1077.5773485968919,418.86680084366594,7.187761296738383
59.0,2026-08-07 11:00,1016.0,14.7,0.9495975954134986,5.0,5.0,1.2223541036417043,1.2223541036417043,1.218915094124337,6.550477726132634,0.47045392604576436,2.141419409642641,0.033280212589536826,58.27321191872123,1077.5442557380952,418.84119784948416,7.187542681424164
60.0,2026-08-07 12:00,1016.0,14.7,0.9434572410644311,5.0,6.0,1.2224009891677499,1.2224009891677499,1.2189614250775276,6.5503532378779115,0.4704360447753832,2.1411947665361337,0.03327958316379227,58.27432472500802,1077.5648329121104,418.85711800013735,7.187678621360115
61.0,2026-08-07 13:00,1016.1,14.6,0.943414544438949,5.0,6.0,1.2229935035905535,1.2229935035905535,1.2195526310319715,6.5487653288418715,0.4702079901725894,2.138329707547995,0.03327155767596077,58.28852836147832,1077.827475838169,419.0602670228451,7.189412373289447
62.0,2026-08-07 14:00,1016.4,14.4,0.9494829342963098,4.0,5.0,1.2242539860003583,1.2242539860003583,1.220811130823133,6.545388989660703,0.46972326600642317,2.132240098691039,0.0332545126347021,58.318786302720476,1078.3869828518107,419.49271023612897,7.193097401901183
63.0,2026-08-07 15:00,1017.0,14.4,0.9494829342963098,4.0,5.0,1.2249808882033877,1.2249808882033877,1.2215385263042666,6.5434398921665515,0.4694435576110521,2.1287261110652755,0.03324468485218559,58.336289011271056,1078.7106297289527,419.74265643508653,7.19522382292759
64.0,2026-08-07 16:00,1017.1,14.4,0.9494829342963098,4.0,5.0,1.2251020385705593,1.2251020385705593,1.2216597588844555,6.543115211838386,0.469396971928477,2.1281408532939117,0.03324304859492849,58.339207127358414,1078.7645893293245,419.7843141349128,7.195577979290932
65.0,2026-08-07 17:00,1017.5,14.4,0.9556721676893177,4.0,5.0,1.2255402388847314,1.2255402388847314,1.222098838206701,6.541939691250632,0.4692283255818354,2.1260221425757635,0.03323712648471722,58.349778324067735,1078.960063920742,419.93518970464413,7.196860069842494
66.0,2026-08-07 18:00,1017.5,14.6,0.9495594180605547,4.0,5.0,1.2246417951455761,1.2246417951455761,1.2212026240145932,6.544339745015692,0.46957268210093867,2.130348307135016,0.03324922101897698,58.328205199542424,1078.561149983357,419.6272343535606,7.194242183828631
67.0,2026-08-07 19:00,1017.9,14.8,0.9434998898789043,4.0,5.0,1.2242282608327424,1.2242282608327424,1.2207916466101223,6.5454412226706555,0.4697307629353188,2.1323342829050507,0.033254776125964336,58.318317611678125,1078.3783161707788,419.4860151093265,7.193040408033397
68.0,2026-08-07 20:00,1017.9,14.9,0.9435424909529484,4.0,5.0,1.2237561342537666,1.2237561342537666,1.2203209127067507,6.546703539813985,0.4699119596953413,2.134610664962524,0.03326114584791735,58.306996391068544,1078.168972703444,419.32426245493167,7.1916628948350985
69.0,2026-08-07 21:00,1017.6,14.9,0.9435424909529484,4.0,5.0,1.2233933140342195,1.2233933140342195,1.219957846703935,6.547677634400565,0.4700518080166115,2.136367584949768,0.033266063702283896,58.29826754317213,1078.0075654358454,419.1995064319315,7.1905997227361516
70.0,2026-08-07 22:00,1017.1,14.9,0.9435424909529484,5.0,6.0,1.2227886136683075,1.2227886136683075,1.2193527366992418,6.549302092073072,0.470285073619906,2.139298109943148,0.033274269890368406,58.28372516680239,1077.7386587872152,418.9915797269314,7.188826358092554
71.0,2026-08-07 23:00,1016.6,15.1,0.9497498761193929,5.0,6.0,1.2211930245389158,1.2211930245389158,1.2177600943647553,6.55358343107184,0.47090013394335567,2.1470251370952393,0.03329592698020051,58.24548395267917,1077.03153111647,418.4443191126869,7.184150439073472
72.0,2026-08-08 00:00,1016.2,15.2,0.9436700084363895,6.0,7.0,1.2202862568788686,1.2202862568788686,1.216853833158699,6.5560233925721345,0.47125084042238424,2.151431076451999,0.03330828849188346,58.22374570595405,1076.6295638639845,418.13291142650877,7.181484227040203
73.0,2026-08-08 01:00,1016.2,15.2,0.9436700084363895,6.0,7.0,1.2202862568788686,1.2202862568788686,1.216853833158699,6.5560233925721345,0.47125084042238424,2.151431076451999,0.03330828849188346,58.22374570595405,1076.6295638639845,418.13291142650877,7.181484227040203
74.0,2026-08-08 02:00,1016.1,15.0,0.9497118701215551,6.0,7.0,1.221060255411085,1.221060255411085,1.2176255166817196,6.553945587454588,0.4709521800347845,2.1476789941988406,0.03329776089106028,58.24225485638189,1076.9718211047546,418.3980757949709,7.183754764074437
75.0,2026-08-08 03:00,1016.0,14.9,0.949673821380317,5.0,6.0,1.2214108823109204,1.2214108823109204,1.2179746637919666,6.553006136394695,0.47081717591884364,2.145982932154604,0.0332930042666857,58.25063312738287,1077.1267457689846,418.51804903559,7.1847811185223
76.0,2026-08-08 04:00,1015.9,14.8,0.9558066553612986,5.0,6.0,1.2217140748795987,1.2217140748795987,1.2182769383679193,6.552193131579586,0.47070035842216446,2.144515349326928,0.03328888951529481,58.257888552699,1077.2609076182273,418.6219160285264,7.185669210270963
77.0,2026-08-08 05:00,1016.2,14.5,0.961925919266648,5.0,6.0,1.2234462100101684,1.2234462100101684,1.2200056887280308,6.5475492508917235,0.47003337512721327,2.136136011831748,0.033265415414380856,58.2994176163604,1078.0288317212774,419.2159458137856,7.190739855626657
78.0,2026-08-08 06:00,1016.5,14.4,0.9618968805991968,5.0,6.0,1.2242820680658588,1.2242820680658588,1.220840398567405,6.545310531444752,0.4697120051238014,2.132098627777606,0.03325411686131635,58.31949034961182,1078.4000015555778,419.5027671606255,7.193183010444772
79.0,2026-08-08 07:00,1016.5,14.5,0.961925919266648,5.0,6.0,1.2238095347598315,1.2238095347598315,1.2203692599452318,6.54657385850252,0.4698933432434802,2.1343767857420284,0.03326049129901977,58.3081589508618,1078.1904698817516,419.34087543755516,7.191804422961587
80.0,2026-08-08 08:00,1016.7,14.8,0.9496357298321729,5.0,6.0,1.2227293384783302,1.2227293384783302,1.2192922975489868,6.54946441137454,0.4703083852001434,2.1395909742469974,0.03327509020595089,58.28227304784924,1077.711807299454,418.9708117454601,7.188649135243725
81.0,2026-08-08 09:00,1016.4,14.7,0.9495975954134986,5.0,7.0,1.222838200054144,1.222838200054144,1.2193995187035056,6.549176459574291,0.4702670312326639,2.139071442719149,0.03327363502132327,58.284849206270316,1077.759443676738,419.0076548668636,7.188963522647092
82.0,2026-08-08 10:00,1016.3,14.5,0.9557058466481219,5.0,6.0,1.2236142363851115,1.2236142363851115,1.220173241416206,6.547099684754306,0.4699688307224833,2.1353251379241827,0.0332631455768878,58.30344576232858,1078.1033171564607,419.2735199376573,7.191230543162187
83.0,2026-08-08 11:00,1015.9,14.3,0.9618678089217948,4.0,6.0,1.2240275076779314,1.2240275076779314,1.2205839514710142,6.545998086660681,0.46981069254281,2.1333384417229637,0.03325758563815203,58.313321981635895,1078.285940750263,419.414647315728,7.192432759152542
84.0,2026-08-08 12:00,1015.6,14.1,0.9743945387941282,4.0,6.0,1.2245159154665999,1.2245159154665999,1.221070430952911,6.54469398047687,0.46962351803059166,2.130986960928399,0.033251007236681625,58.32502444669831,1078.5023339022925,419.5818104347254,7.193855714851352
85.0,2026-08-08 13:00,1015.6,14.1,0.9743945387941282,4.0,5.0,1.2245159154665999,1.2245159154665999,1.221070430952911,6.54469398047687,0.46962351803059166,2.130986960928399,0.033251007236681625,58.32502444669831,1078.5023339022925,419.5818104347254,7.193855714851352
86.0,2026-08-08 14:00,1015.8,14.0,0.9807263520842073,4.0,5.0,1.2251849914467745,1.2251849914467745,1.2217388306139951,6.542903471082137,0.4693665922520019,2.1277591922176806,0.03324198163855362,58.34111056864175,1078.799786329,419.811484606487,7.195808933265918
87.0,2026-08-08 15:00,1016.2,14.1,0.9807411987367449,4.0,5.0,1.2251968609507295,1.2251968609507295,1.2217524259599435,6.542867067109544,0.4693613692615968,2.1276935755827964,0.03324179821028149,58.34143785259424,1078.8058382168467,419.81615621241724,7.19584863974602
88.0,2026-08-08 16:00,1016.3,14.2,0.9744141951119554,3.0,4.0,1.2248917177524876,1.2248917177524876,1.2214482050094853,6.543681818527249,0.46947827111734436,2.129162218216783,0.033245904221358334,58.33411512729,1078.6704319070152,419.7116204101165,7.194959921724536
89.0,2026-08-08 17:00,1016.4,14.3,0.9744338289045583,4.0,5.0,1.22453983609527,1.22453983609527,1.2210978022991987,6.544620629231453,0.46961299125058054,2.130854712575077,0.03325063734223956,58.32568301232472,1078.5145116008334,419.591215722691,7.19393574240747
90.0,2026-08-08 18:00,1016.5,14.5,0.9681815887699888,4.0,5.0,1.2237623481268027,1.2237623481268027,1.2203226323358514,6.546698927137965,0.46991129751448907,2.134602345958307,0.03326112256539121,58.307037740564766,1078.1697373071215,419.3248533504878,7.191667928942984
91.0,2026-08-08 19:00,1016.5,14.4,0.9744534402061846,4.0,5.0,1.2241879305813765,1.2241879305813765,1.2207473772254591,6.545559904075887,0.46974779732934685,2.1325482866704633,0.033255374841951804,58.31725274291139,1078.3586254212057,419.47080335078016,7.1929109075147215
92.0,2026-08-08 20:00,1016.3,14.5,0.9681815887699888,4.0,5.0,1.2235201316270274,1.2235201316270274,1.220080251524384,6.547349177560512,0.47000464996525365,2.135775136486765,0.03326440519615333,58.30121011832914,1078.0619773148737,419.24156693464147,7.190958233692604
93.0,2026-08-08 21:00,1016.0,14.6,0.9557394875418255,5.0,6.0,1.222778900897531,1.222778900897531,1.2193390534927881,6.549338839522842,0.47029035107553735,2.139364410826822,0.03327445559618681,58.283396406052226,1077.7325795915401,418.9868779305478,7.188786237018947
94.0,2026-08-08 22:00,1015.6,14.7,0.9557730904272964,5.0,6.0,1.221822853381807,1.221822853381807,1.2183840734443332,6.551905051178985,0.47065896874877106,2.143995369224272,0.03328743186037671,58.26046051942129,1077.3084664857806,418.65872957194154,7.185983870353728
95.0,2026-08-08 23:00,1015.1,14.8,0.9558066553612986,5.0,6.0,1.220746218291158,1.220746218291158,1.2173084259019622,6.554799134655705,0.4710748560886244,2.14922017831167,0.03330208434122641,58.2346478896967,1076.8311588178249,418.2891176873383,7.182822131587836
96.0,2026-08-09 00:00,1014.5,14.9,0.949673821380317,5.0,6.0,1.2195967812131845,1.2195967812131845,1.2161593337778873,6.5578950652285455,0.47151995270709096,2.1548119447207035,0.033317780255978126,58.20709783583976,1076.3217240140555,417.89426892058924,7.17943832381349
97.0,2026-08-09 01:00,1014.1,15.0,0.9497118701215551,4.0,5.0,1.2186422933718561,1.2186422933718561,1.2152059172248468,6.5604671313018335,0.47188989406569337,2.1594595326297554,0.03333083717121784,58.18425889232552,1075.8994035072467,417.5666578071901,7.17662587367366
98.0,2026-08-09 02:00,1013.7,15.1,0.955907123020548,4.0,5.0,1.2176400225523694,1.2176400225523694,1.2142052877664846,6.563169822856715,0.47227877964695625,2.1643451175568105,0.0333445737544175,58.1603082274178,1075.4565258874509,417.2228234884881,7.173669401081369
99.0,2026-08-09 03:00,1013.4,14.9,0.9620417448277115,4.0,5.0,1.2181708457030949,1.2181708457030949,1.2147336259814965,6.561742369757172,0.47207336594794463,2.1617644971377072,0.03333731652808877,58.17295185842678,1075.690322369862,417.4043700227068,7.1752310427452155
100.0,2026-08-09 04:00,1013.4,14.8,0.9620128377049109,3.0,4.0,1.2186418451763814,1.2186418451763814,1.21520322254382,6.560474405129033,0.47189094046906094,2.1594726786366185,0.03333087411808127,58.184194367018215,1075.8982103539615,417.5657318662164,7.176617918472274
101.0,2026-08-09 05:00,1013.3,14.9,0.9620417448277115,3.0,4.0,1.2180499056299126,1.2180499056299126,1.2146126039805578,6.562069262220058,0.4721204025612234,2.162355419969323,0.0333389780438558,58.17005520170466,1075.6367595798768,417.36278468170667,7.174873450515067
102.0,2026-08-09 06:00,1013.0,15.0,0.9558736716014231,1.0,1.0,1.2172644974924716,1.2172644974924716,1.213827786185719,6.564190319506479,0.472425658790693,2.1661903660445754,0.03334976490205707,58.1512776346027,1075.2895389805442,417.0931071406964,7.1725527642148785
103.0,2026-08-09 07:00,1012.5,15.4,0.9437547826780753,2.0,3.0,1.2148769015339098,1.2148769015339098,1.2114442588508088,6.570644697671343,0.4733551604687221,2.1778677323616913,0.033382653697912185,58.09432403197394,1074.2363959438808,416.2740841842385,7.16548632109274
104.0,2026-08-09 08:00,1012.1,15.7,0.9317938488343087,1.0,2.0,1.21308408570696,1.21308408570696,1.20965418765072,6.575504588122851,0.4740556411919064,2.1866678993716584,0.03340748170227426,58.05162509489173,1073.4468394244423,415.6589834530267,7.160161025183818
105.0,2026-08-09 09:00,1011.8,15.8,0.9439237638824047,2.0,3.0,1.2121550887643804,1.2121550887643804,1.208727508031453,6.578024684095953,0.47441907935160094,2.1912337873358094,0.033420377956260676,58.02954593298916,1073.0385682257856,415.34055963201786,7.157398062560081
106.0,2026-08-09 10:00,1011.5,15.7,0.956107041265332,3.0,4.0,1.2121631848221672,1.2121631848221672,1.2087351128184258,6.578003991160596,0.4744160945321843,2.1911962889315117,0.033420272002560036,58.0297270555192,1073.041917406917,415.3431727739014,7.157420753961622
107.0,2026-08-09 11:00,1011.1,15.4,0.9621857899807701,3.0,4.0,1.213039822918045,1.213039822918045,1.2096077645775436,6.575630766298473,0.47407383479181964,2.1868964662864214,0.03340812704969899,58.05051860575083,1073.4263790623213,415.64303164828584,7.160022711788655
108.0,2026-08-09 12:00,1010.8,15.1,0.9745900924334778,4.0,6.0,1.2139890212438604,1.2139890212438604,1.2105536373242218,6.5730613116422365,0.4737034145919895,2.1822428626761003,0.033394992710311586,58.07307187293742,1073.8434170580804,415.96805057383835,7.162838767750518
109.0,2026-08-09 13:00,1010.8,14.7,0.9935736754540467,5.0,6.0,1.2157250648303384,1.2157250648303384,1.2122857608935182,6.568363811858345,0.4730265833730315,2.1737398053224104,0.033371020183469755,58.1144185827465,1074.6079692113167,416.5632394545772,7.167984290532848
110.0,2026-08-09 14:00,1011.2,14.4,0.9935587393870452,5.0,6.0,1.2176237272370452,1.2176237272370452,1.2141805148459663,6.563236776679917,0.4722884155491369,2.164466173776739,0.03334491426650561,58.15971552331861,1075.445566050565,417.2143110664547,7.173596144898205
111.0,2026-08-09 15:00,1011.6,14.2,1.0,4.0,5.0,1.2190042009155928,1.2190042009155928,1.2155590690103262,6.5595140682050825,0.4717527976769718,2.157737185279883,0.03332599722106616,58.19271650239844,1076.0557952497177,417.68800712640507,7.177668138403367
112.0,2026-08-09 16:00,1011.9,14.4,0.9935587393870452,3.0,5.0,1.2184717798072462,1.2184717798072462,1.2150291429072888,6.560944354390641,0.47195854922057007,2.1603220500538804,0.03333326145082303,58.180026257626224,1075.8211368207762,417.5059149652383,7.176103928115909
113.0,2026-08-09 17:00,1012.0,14.5,0.9935637238502963,4.0,5.0,1.2181210189583083,1.2181210189583083,1.2146798743709388,6.561887552173556,0.47209425598181814,2.1620269394588827,0.03333805442474143,58.17166528013523,1075.6665319350814,417.3859000004216,7.175072227869549
114.0,2026-08-09 18:00,1012.3,14.8,0.9871935837930046,2.0,4.0,1.217117595876422,1.217117595876422,1.2136803577225876,6.564588990827759,0.4724830453903658,2.1669113161643145,0.03335179355443645,58.14775161549491,1075.224338496306,417.04244806329825,7.172116487340964
115.0,2026-08-09 19:00,1012.8,15.1,0.9683270602002297,2.0,2.0,1.21645514543978,1.21645514543978,1.213020820046731,6.566373381226521,0.47273994153302756,2.1701387125576987,0.033360878015144785,58.1319828390394,1074.9327541828593,416.81581902940223,7.170163456896284
116.0,2026-08-09 20:00,1012.8,14.9,0.9745511605438161,3.0,4.0,1.2173485169305687,1.2173485169305687,1.2139119474765776,6.56396276580802,0.4723929052179473,2.165778881615675,0.033348607153121934,58.15329069713982,1075.3267630137132,417.1220264772816,7.17280177057628
117.0,2026-08-09 21:00,1012.7,14.1,0.9807411987367449,6.0,7.0,1.2209521696267727,1.2209521696267727,1.2175048511648463,6.554270356443142,0.47099885556808696,2.1482653807684433,0.03329940573579729,58.23935987417065,1076.9182892785607,418.3566129483216,7.183399918065791
118.0,2026-08-09 22:00,1012.5,14.0,0.9680595999254621,7.0,8.0,1.2212741266860903,1.2212741266860903,1.2178241430464578,6.553411093423315,0.4708753680254152,2.146714001889347,0.03329505439245091,58.24702087998974,1077.0599508163707,418.46632739422705,7.184338719338477
119.0,2026-08-09 23:00,1012.3,14.2,0.9556046953484066,6.0,8.0,1.2201816318139915,1.2201816318139915,1.2167331717029357,6.5563484596180235,0.4712975736041184,2.1520181872611275,0.03330993641258673,58.22085264620953,1076.5760675865943,418.09144997532985,7.181128942166905
120.0,2026-08-10 00:00,1011.7,14.3,0.9494446277569416,5.0,7.0,1.2190299919056158,1.2190299919056158,1.2155818819181556,6.559452516493034,0.4717439442601418,2.1576259594543408,0.033325684714886686,58.19326293171864,1076.065899408314,417.6958460527485,7.177735445817053
121.0,2026-08-10 01:00,1011.5,14.3,0.9494446277569416,5.0,7.0,1.2187876068780967,1.2187876068780967,1.2153393323501398,6.560107030405271,0.47183809186719167,2.158808739562637,0.033329008219171945,58.187453754245325,1075.9584804826907,417.61250164911013,7.177019695910673
122.0,2026-08-10 02:00,1011.2,14.6,0.9373046952675445,6.0,8.0,1.2171076305620614,1.2171076305620614,1.2136621862667152,6.5646381345244205,0.4724901196033609,2.1670001897817612,0.03335204364937372,58.14731704191081,1075.2163026895635,417.0362040235114,7.172062706228122
123.0,2026-08-10 03:00,1011.2,14.7,0.9434572410644311,6.0,7.0,1.216591832218474,1.216591832218474,1.213148330127504,6.566028287068823,0.47269025337319376,2.1695144782419167,0.03335912053804555,58.13503078506681,1074.989114500499,416.8596337915839,7.1705412066052086
124.0,2026-08-10 04:00,1011.6,14.9,0.9374460209784891,5.0,7.0,1.2161840307506901,1.2161840307506901,1.2127430912815926,6.5671252166261755,0.4728482031105516,2.1714988070348786,0.03336470788188063,58.125345244805985,1074.8100167997181,416.7203864195112,7.169340408464049
125.0,2026-08-10 05:00,1011.9,15.1,0.9314869845449696,5.0,6.0,1.2156556710736723,1.2156556710736723,1.2122172109156584,6.568549527266656,0.4730533326730129,2.1740758578352706,0.03337196696011671,58.11278112549336,1074.5776905875882,416.5396844465393,7.167780931823421
126.0,2026-08-10 06:00,1012.3,15.1,0.9436275501614317,2.0,3.0,1.21604410979933,1.21604410979933,1.2126070968454452,6.567493459338299,0.4729012332510915,2.172165026786354,0.03336658419865872,58.12209559554112,1074.7499267380374,416.6736562798883,7.168937252012189
127.0,2026-08-10 07:00,1012.3,15.2,0.9436700084363895,2.0,3.0,1.2155745012515846,1.2155745012515846,1.212138888996261,6.568761736074218,0.4730838988443722,2.1744598618541024,0.03337304889835264,58.110910359437504,1074.543097793559,416.51277162324556,7.1675485558040615
128.0,2026-08-10 08:00,1012.1,15.2,0.937586874830723,3.0,4.0,1.21538075628055,1.21538075628055,1.2119444163799387,6.56928873756947,0.473159811454146,2.175413554970931,0.03337573624827951,58.106265790742015,1074.4572139345194,416.4459473268184,7.166971438614975
129.0,2026-08-10 09:00,1012.0,15.1,0.9375399758472163,2.0,3.0,1.2157291695627164,1.2157291695627164,1.2122913495975858,6.568348671651384,0.47302440270450535,2.173712409497531,0.033370943002276096,58.11455208455132,1074.610437825937,416.56515983403364,7.168000868835223
130.0,2026-08-10 10:00,1011.6,15.0,0.9314356417676332,3.0,4.0,1.2157619644550972,1.2157619644550972,1.2123218644705918,6.568266006481054,0.4730124963948031,2.173562830058177,0.033370521604204555,58.115281028442865,1074.623916906242,416.5756452944432,7.168091385302983
131.0,2026-08-10 11:00,1011.5,14.9,0.9313842419894375,3.0,4.0,1.2161099436498117,1.2161099436498117,1.212668368946042,6.56732754043855,0.4728773391241577,2.1718648439253343,0.03336573874865631,58.12355967504374,1074.7769993912523,416.69471047811135,7.1691189047567185
132.0,2026-08-10 12:00,1011.6,14.9,0.9193640824477936,3.0,4.0,1.2163237904757993,1.2163237904757993,1.2128812005239538,6.566751310876618,0.4727943604860182,2.1708223800148816,0.03336280303300576,58.128645803416525,1074.8710482385973,416.7678432446695,7.1697497418763865
133.0,2026-08-10 13:00,1011.9,14.8,0.9133410276597735,3.0,4.0,1.2172010263798538,1.2172010263798538,1.2137567547726564,6.564382391307812,0.47245330606184427,2.1665376998047323,0.033350742219714756,58.14957873588655,1075.258124227652,417.06869946679404,7.172342578114042
134.0,2026-08-10 14:00,1012.4,14.6,0.9191835905411645,2.0,3.0,1.2186979492998333,1.2186979492998333,1.2152518622191195,6.560343114427987,0.4718720533372368,2.1592353988530495,0.03333020725565463,58.18535908717114,1075.9197474800098,417.5824453354019,7.176761506443492
135.0,2026-08-10 15:00,1012.9,14.5,0.9251333986212783,2.0,3.0,1.219727164440911,1.219727164440911,1.2162806441360974,6.557568018818304,0.4714729238781429,2.1542211196839416,0.03331612112806654,58.21000508818152,1076.3754827302425,417.93595334634546,7.179795856626711
136.0,2026-08-10 16:00,1013.5,14.6,0.9251893880332224,3.0,3.0,1.2199840978466099,1.2199840978466099,1.2165394534029217,6.556870446026766,0.47137262169606803,2.152961019406363,0.033312583124815436,58.216208524251876,1076.4901919882936,418.024884875583,7.1805583955444465
137.0,2026-08-10 17:00,1013.9,14.9,0.9253569851887313,2.0,3.0,1.2190590915480566,1.2190590915480566,1.2156189329546356,6.559352552450114,0.47172956590388715,2.157445323596448,0.033325177202970416,58.19415042360104,1076.082310238409,417.7085774567451,7.177844756151651
138.0,2026-08-10 18:00,1014.3,15.2,0.9076858033599216,2.0,3.0,1.2182740366663376,1.2182740366663376,1.2148367224953254,6.561463934349516,0.4720333036766949,2.161261193240644,0.03333590150369865,58.17541969715151,1075.7359557810705,417.4397958432208,7.175535613087467
139.0,2026-08-10 19:00,1014.6,15.3,0.9077540322611792,2.0,3.0,1.2181674803217681,1.2181674803217681,1.2147317971966853,6.561747309123332,0.472074076656764,2.1617734258006935,0.033337341631851335,58.17290808438653,1075.6895129333461,417.403741619281,7.175225639636042
140.0,2026-08-10 20:00,1014.7,15.4,0.8961151715925393,2.0,3.0,1.2179125476522585,1.2179125476522585,1.2144772363412517,6.562434961570846,0.47217302588132404,2.1630165288195418,0.0333408370999974,58.166815525004004,1075.5768539233272,417.3162699207769,7.174473385798237
141.0,2026-08-10 21:00,1014.4,15.6,0.8962675939685737,3.0,4.0,1.2166138186111914,1.2166138186111914,1.2131810320063292,6.565939791245553,0.472677511779829,2.1693544051008975,0.03335866989588177,58.1358125285502,1075.0035699110085,416.87087074661486,7.170638073423189
142.0,2026-08-10 22:00,1014.3,15.4,0.9019519636075642,4.0,4.0,1.2173831202029928,1.2173831202029928,1.213948029341579,6.563865215594759,0.47237886440514343,2.1656024863294947,0.03334811087349179,58.15415378582985,1075.3427225983921,417.1344248564884,7.1729085147161
143.0,2026-08-10 23:00,1014.2,15.2,0.9135979599857126,4.0,5.0,1.2181066847459454,1.2181066847459454,1.214669837092419,6.561914663802948,0.4720981570760828,2.1620759490603096,0.033338192226336244,58.171425037932906,1075.662089557588,417.3824510105956,7.175042570100791
144.0,2026-08-11 00:00,1013.8,15.0,0.9194241141092921,4.0,5.0,1.2185151293851724,1.2185151293851724,1.2150757283568447,6.560818581377178,0.47194045454492634,2.160094725928625,0.03333262247618133,58.18114162682742,1075.8417613862705,417.52192256543003,7.176241491502635
145.0,2026-08-11 01:00,1013.6,14.9,0.9193640824477936,4.0,5.0,1.218742591939447,1.218742591939447,1.2153016405427262,6.5602087583900826,0.47185272562550806,2.1589925840467257,0.03332952486496839,58.186551121508074,1075.9417896793345,417.59955006467055,7.1769084438879736
146.0,2026-08-11 02:00,1013.3,14.9,0.9193640824477936,4.0,6.0,1.2183797717198999,1.2183797717198999,1.2149385745399104,6.561188894714526,0.4719937316702584,2.160764048559806,0.03333450391366232,58.177857952564196,1075.781042159999,417.4747940416704,7.175836456234982
147.0,2026-08-11 03:00,1013.4,15.0,0.9194241141092921,4.0,6.0,1.2180315369773267,1.2180315369773267,1.2145918084654703,6.562125437893769,0.4721284859246104,2.162456971583027,0.03333926359629747,58.16955749097154,1075.6275562886246,417.35563896787386,7.174811997369094
148.0,2026-08-11 04:00,1013.6,15.1,0.9135338323667065,4.0,6.0,1.2178506884863036,1.2178506884863036,1.2144119630177137,6.562611321075602,0.4721984046684431,2.1633353635251464,0.033341733745957024,58.1652535048851,1075.5479702261523,417.2938408302274,7.174280445544355
149.0,2026-08-11 05:00,1014.2,15.1,0.9076175000802935,3.0,5.0,1.2186221139172204,1.2186221139172204,1.215183333560795,6.560528092760595,0.471898663938142,2.159569708883933,0.03333114682420765,58.18371812110676,1075.8894039739919,417.55889765314095,7.176559201390519
150.0,2026-08-11 06:00,1014.6,15.1,0.9076175000802935,2.0,3.0,1.2191055385566678,1.2191055385566678,1.215667085456512,6.559222643378946,0.47171088072347955,2.157210580936506,0.033324517696471795,58.19530387176509,1076.103638931346,417.7251235243609,7.177986808778066
151.0,2026-08-11 07:00,1014.6,15.1,0.9076175000802935,2.0,3.0,1.2191055385566678,1.2191055385566678,1.215667085456512,6.559222643378946,0.47171088072347955,2.157210580936506,0.033324517696471795,58.19530387176509,1076.103638931346,417.7251235243609,7.177986808778066
152.0,2026-08-11 08:00,1014.5,15.0,0.9134696345065839,2.0,3.0,1.2194077206346672,1.2194077206346672,1.215968346306849,6.55841005668417,0.4715940125324024,2.1557423612331053,0.03332039334467829,58.20252132903321,1076.2370987040997,417.8286421829029,7.178875289969218
153.0,2026-08-11 09:00,1014.5,14.9,0.9074806699616581,2.0,2.0,1.2199229023994582,1.2199229023994582,1.2164816036587056,6.557026350056703,0.4713950378061954,2.1532426338838295,0.03331337375286971,58.214821801376274,1076.4645497554443,418.00500666070207,7.180387978973765
154.0,2026-08-11 10:00,1014.2,14.9,0.8957326727981552,2.0,2.0,1.219650885323134,1.219650885323134,1.2162082684657118,6.5577631339696625,0.47150098088928066,2.154573601023743,0.0333171109301689,58.20827054085262,1076.3434087901073,417.91108376139607,7.179582555508007
155.0,2026-08-11 11:00,1014.2,14.9,0.9015898272842117,2.0,2.0,1.2196056139436575,1.2196056139436575,1.2161635317154407,6.557883746990083,0.47151832512061514,2.1547914972874818,0.03331772283366456,58.20719843630019,1076.3235842418462,417.89571140760233,7.179450697406988
156.0,2026-08-11 12:00,1014.2,14.7,0.925245315538571,3.0,3.0,1.2203616149913987,1.2203616149913987,1.2169189293208167,6.555848040846245,0.4712256319878969,2.1511143818932394,0.03330739965168853,58.22530661366939,1076.6584269914322,418.1552796412007,7.18167587189711
157.0,2026-08-11 13:00,1014.3,14.4,0.9372102149545359,3.0,3.0,1.2218018378021336,1.2218018378021336,1.2183561652393418,6.551980091166207,0.47066974987120114,2.1441308128914556,0.03328781153588178,58.25979051206418,1077.2960772153908,418.64913980964803,7.185901908160072
158.0,2026-08-11 14:00,1014.6,14.2,0.949406278027168,2.0,3.0,1.2230159346589318,1.2230159346589318,1.219568822940033,6.548721855543733,0.47020174733954584,2.138251278589738,0.03327133803864337,58.288917465565795,1077.8346708572958,419.06583085432163,7.189459833456076
159.0,2026-08-11 15:00,1015.1,14.0,0.9680595999254621,2.0,3.0,1.224428424057098,1.224428424057098,1.2209805839172734,6.544934774861284,0.4696580757307849,2.1314211106817265,0.03325222159803461,58.32286279303361,1078.4623622341348,419.55093737374597,7.193592997356422
160.0,2026-08-11 16:00,1015.5,14.0,0.9617803953324148,3.0,3.0,1.2249596375307876,1.2249596375307876,1.2215115807684822,6.54351206320619,0.4694539131478965,2.128856208083926,0.03324504859806327,58.33564046029142,1078.6986372137017,419.73339746328526,7.195145097429662
161.0,2026-08-11 17:00,1015.7,14.0,0.9680595999254621,2.0,3.0,1.2251563388350228,1.2251563388350228,1.2217089933490002,6.542983367830799,0.46937805538722405,2.127903204038526,0.03324238422410312,58.34039230172034,1078.7865046791685,419.8012319844042,7.195721787630576
162.0,2026-08-11 18:00,1016.0,14.1,0.9618095663382434,2.0,3.0,1.2250936573044993,1.2250936573044993,1.2216474013816054,6.543148305004349,0.46940172008609743,2.128200504585755,0.033243215359924,58.33890966434179,1078.7590888677178,419.78006787418377,7.195541882586193
163.0,2026-08-11 19:00,1016.2,14.2,0.9556046953484066,3.0,4.0,1.2249097847115984,1.2249097847115984,1.2214645353745672,6.543638075517462,0.4694719944295295,2.1290833639396958,0.03324568373566709,58.33450816041541,1078.6776995789464,419.7172318179211,7.19500763876728
164.0,2026-08-11 20:00,1016.3,14.4,0.9556721676893177,3.0,4.0,1.2240864344786724,1.2240864344786724,1.220644047244434,6.545836945638153,0.469787562428021,2.1330478571767144,0.03325677256937768,58.31476736139944,1078.3126676220156,419.4352973067292,7.192608601305471
165.0,2026-08-11 21:00,1016.3,14.3,0.9556384506084391,4.0,5.0,1.2245586950298233,1.2245586950298233,1.2211149171178595,6.54457476524839,0.46960640928104325,2.1307720230316454,0.033250406066426944,58.32609480915158,1078.5221262369707,419.59709668288536,7.1939857803929135
166.0,2026-08-11 22:00,1016.1,14.3,0.9494446277569416,4.0,4.0,1.224362462511037,1.224362462511037,1.2209179724145032,6.545102592420472,0.46968216088521303,2.131723693428708,0.03325306800582858,58.3213564989552,1078.4345089808442,419.52942293279284,7.193409895058057
167.0,2026-08-11 23:00,1015.6,14.4,0.9372102149545359,4.0,5.0,1.223376792575364,1.223376792575364,1.2199321887817978,6.5477464902439975,0.47006169426504507,2.1364917862795663,0.03326641141382257,58.29765077139639,1077.996160557649,419.19068990738936,7.190524564208757
168.0,2026-08-12 00:00,1015.1,14.3,0.9371628956139257,4.0,5.0,1.223242053189049,1.223242053189049,1.2197956544665272,6.548112931567645,0.47011430926766995,2.1371527906370082,0.033268262071322496,58.294368939750925,1077.9354754036747,419.1437742555682,7.190124567413476
169.0,2026-08-12 01:00,1014.7,14.2,0.9310228405058868,3.0,4.0,1.223273315614564,1.223273315614564,1.2198246694282315,6.548035053828112,0.4701031270469606,2.1370123079562897,0.03326786873536171,58.29506633272779,1077.948371068277,419.15374431941785,7.190209578406435
170.0,2026-08-12 02:00,1014.5,13.9,0.9431143233963948,3.0,4.0,1.2243539633462508,1.2243539633462508,1.2209020811614135,6.545145187787026,0.4696882742649881,2.1318004960604364,0.03325328285097956,58.320974202716776,1078.427439847324,419.52396241178405,7.193363419368967
171.0,2026-08-12 03:00,1014.2,13.7,0.9492138792665392,3.0,4.0,1.2248879638135761,1.2248879638135761,1.2214336070857328,6.543720921709886,0.46948388207152597,2.129232708855924,0.033246101323844646,58.33376379429365,1078.6639353223995,419.7066043003809,7.19491726576089
172.0,2026-08-12 04:00,1014.2,13.7,0.9554353443557241,2.0,3.0,1.2248432798127966,1.2248432798127966,1.221389455847737,6.54383919306368,0.46950085314861634,2.129445917168146,0.03324669750086372,58.33270121719204,1078.6442869485682,419.6914331391589,7.194788247101882
173.0,2026-08-12 05:00,1014.3,13.7,0.9492138792665392,2.0,3.0,1.2250094098239654,1.2250094098239654,1.2215551357110146,6.543395406649295,0.46943717461714085,2.1286459212604982,0.033244460648808705,58.33668878940507,1078.7180221244926,419.7483637266373,7.1952723481088405
174.0,2026-08-12 06:00,1014.3,13.6,0.949175269039261,2.0,2.0,1.2254810576075572,1.2254810576075572,1.2220254050192956,6.542136245374908,0.4692565221573132,2.1263763772678845,0.03323811647498148,58.34801009944997,1078.9273672455977,419.9099567377844,7.196645712888549
175.0,2026-08-12 07:00,1014.1,13.6,0.9616633787147925,2.0,3.0,1.22514893819083,1.22514893819083,1.2216941839460134,6.543023024802673,0.46938374519803494,2.1279746853566173,0.03324258405402944,58.3400358041292,1078.7799125947636,419.7961432065916,7.195678532252104
176.0,2026-08-12 08:00,1013.9,13.7,0.9743156875833469,2.0,3.0,1.2243433387911102,1.2243433387911102,1.2208908837619976,6.545175202114202,0.4696925820104859,2.1318546144373776,0.03325343424162322,58.32070482956884,1078.4224588023694,419.5201147835064,7.193330670633596
177.0,2026-08-12 09:00,1013.7,13.9,0.974355158445485,3.0,4.0,1.2231559203444458,1.2231559203444458,1.2197060821489352,6.548353366083704,0.4701488333459134,2.137586517996451,0.03326947651896894,58.292216115815975,1077.8956670082157,419.1129955926611,7.189862103714846
178.0,2026-08-12 10:00,1013.2,14.0,0.9743748599167639,3.0,4.0,1.222077159867097,1.222077159867097,1.2186283028526474,6.551248473585952,0.47056464239742474,2.1428103435443147,0.03328411036890441,58.26632451610698,1077.416899086907,418.7426511989863,7.186700974818315
179.0,2026-08-12 11:00,1012.9,14.1,0.9680840534400861,3.0,4.0,1.2212878889176548,1.2212878889176548,1.2178396279629757,6.553369429749404,0.47086938081199503,2.1466387842905217,0.03329484344939205,58.24739247175888,1077.0668220109237,418.4716482906655,7.184384236488536
180.0,2026-08-12 12:00,1012.8,14.2,0.9556046953484066,3.0,4.0,1.2207878052624026,1.2207878052624026,1.2173397567890423,6.554714783104798,0.47106273195233456,2.149067862308287,0.033301657002320725,58.23539942592557,1076.8450556585813,418.29988354489274,7.182914304158985
181.0,2026-08-12 13:00,1012.6,14.4,0.9494829342963098,3.0,4.0,1.219650272047838,1.219650272047838,1.216204292775954,6.557773852403471,0.4715025221941681,2.15459296449796,0.03331716530640648,58.208175262892446,1076.3416469819747,417.9097176427316,7.179570837863868
182.0,2026-08-12 14:00,1012.8,14.4,0.9494829342963098,4.0,5.0,1.2198925727821812,1.2198925727821812,1.2164467579363318,6.557120264024603,0.47140854115149894,2.153412276944561,0.03331385004114289,58.2139865422643,1076.4491047743197,417.99303304238407,7.180285320932527
183.0,2026-08-12 15:00,1013.0,13.7,0.9743156875833469,3.0,4.0,1.2232503246976059,1.2232503246976059,1.2197971261344605,6.548108981463761,0.470113742081423,2.1371456650537706,0.03326824212025268,58.29440431182689,1077.9361294774078,419.1442799471975,7.190128879353874
184.0,2026-08-12 16:00,1013.1,13.4,0.98705427283206,3.0,4.0,1.2246980731057289,1.2246980731057289,1.2212418731812467,6.544234580776424,0.46955759062982194,2.130158712386927,0.03324869078847181,58.32914965554589,1078.578614150988,419.64072107470696,7.194356913358634
185.0,2026-08-12 17:00,1013.1,13.7,0.9806817093152139,3.0,4.0,1.2233260484679842,1.2233260484679842,1.2198734776613354,6.547904056136939,0.47008431779876575,2.136776006627833,0.0332672071388947,58.296239506498715,1077.9700645122493,419.1705157081033,7.190352572593903
186.0,2026-08-12 18:00,1013.0,13.9,0.974355158445485,4.0,4.0,1.222306390588092,1.222306390588092,1.218855974894185,6.550636585962054,0.47047674488121555,2.141706083574267,0.03328101585370532,58.271792016304396,1077.51799997421,418.8208834163524,7.187369204282694
187.0,2026-08-12 19:00,1013.0,14.0,0.955537070062032,5.0,5.0,1.221972333761129,1.221972333761129,1.2185216726717114,6.551535110066881,0.47060582048566585,2.14332766549434,0.03328556028129704,58.263764160928005,1077.3695549312495,418.7060111467584,7.186387923551718
188.0,2026-08-12 20:00,1012.7,14.3,0.9494446277569416,5.0,6.0,1.2202419170432115,1.2202419170432115,1.2167946297582346,6.556182882985612,0.4712737692318501,2.1517191319915177,0.033309096994624955,58.222326169945624,1076.603314875447,418.1125680709404,7.181309912807472
189.0,2026-08-12 21:00,1012.3,14.4,0.9494829342963098,5.0,7.0,1.2192868209463232,1.2192868209463232,1.2158405950353872,6.5587546015280775,0.4716435640401912,2.1563648787838448,0.03332214192368783,58.199460509799906,1076.180500344852,417.7847445432528,7.178498578571948
190.0,2026-08-12 22:00,1012.0,14.5,0.9433717999317478,5.0,7.0,1.21849961758691,1.21849961758691,1.215053987712649,6.560877276622747,0.4719488988524284,2.1602008120975125,0.03333292066573175,58.18062109749738,1075.8321361507453,417.51445208819916,7.176177294301151
191.0,2026-08-12 23:00,1011.5,14.7,0.9312812710973094,5.0,6.0,1.2170478758328076,1.2170478758328076,1.2136035201807687,6.564796801240725,0.47251295996720677,2.1672871341754605,0.03335285115123965,58.145914076643216,1075.1903601146594,417.01604529889704,7.171889064280947
192.0,2026-08-13 00:00,1010.9,14.5,0.9311780712007653,3.0,4.0,1.2172594043639042,1.2172594043639042,1.2138117811105584,6.564233596402759,0.47243188809930114,2.166268625094816,0.0333499851001108,58.15089482341142,1075.2824603249044,417.08760750837234,7.172505406407844
193.0,2026-08-13 01:00,1010.5,14.4,0.9311263851664852,3.0,4.0,1.217243734785267,1.217243734785267,1.213794397341054,6.564280602187056,0.4724386541933507,2.166353627801772,0.033350224276129575,58.15047904218921,1075.2747720123355,417.0816341318202,7.172453967734643
194.0,2026-08-13 02:00,1010.6,14.2,0.949406278027168,2.0,3.0,1.2181665470716425,1.2181665470716425,1.21471614225118,6.561789592032896,0.4720801606246043,2.161849858929124,0.033337556532214346,58.172533368195204,1075.6825839643361,417.39836229781776,7.175179386738259
195.0,2026-08-13 03:00,1010.6,13.9,0.955503199921,2.0,3.0,1.219530789571301,1.219530789571301,1.216076762189629,6.558117701922391,0.47155196890261514,2.155214165450427,0.03331890984855838,58.205119139356114,1076.2851354520114,417.8658958344725,7.179194923285146
196.0,2026-08-13 04:00,1011.0,13.8,0.9617219536427516,2.0,3.0,1.2204414019820966,1.2204414019820966,1.2169868570038838,6.555665076757668,0.4711993299245685,2.1507839480321267,0.03330647230122657,58.22693550559446,1076.6885472315782,418.1786208175305,7.181875830943426
197.0,2026-08-13 05:00,1011.5,13.6,0.9679615058691424,2.0,2.0,1.221945283429046,1.221945283429046,1.2184889161480272,6.551623171628161,0.4706184717379673,2.1434866036770095,0.03328600576717071,58.26297767084518,1077.3550117502057,418.6947554147689,7.186291743964262
198.0,2026-08-13 06:00,1011.7,13.6,0.9742959181234053,2.0,4.0,1.222143043819787,1.222143043819787,1.2186873814244146,6.551089678516864,0.47054183073348144,2.1425237597086255,0.03328330720715232,58.26774317937981,1077.4431319374767,418.7629516611641,7.186874397588798
199.0,2026-08-13 07:00,1011.5,13.8,0.9806966073997028,3.0,4.0,1.2209113002164451,1.2209113002164451,1.2174588015900192,6.554394310744031,0.4710166707886223,2.1484891940881274,0.0333000335867486,58.23825513743498,1076.8978613205945,418.340789484346,7.1832644796296545
200.0,2026-08-13 08:00,1011.3,13.8,0.9870943065173952,3.0,5.0,1.2206222599139687,1.2206222599139687,1.2171701469634453,6.555171459316804,0.4711283734470844,2.1498925190011318,0.0333039707966634,58.231331212705385,1076.769829330013,418.2416025515221,7.182415270978155
201.0,2026-08-13 09:00,1011.1,14.0,0.987114253910037,4.0,6.0,1.2194362601985285,1.2194362601985285,1.215986780427723,6.558360344391292,0.47158686325975374,2.1556525446382646,0.03332014107553112,58.20296302245293,1076.245266165469,417.8349764791187,7.1789296417423065
202.0,2026-08-13 10:00,1010.9,14.2,0.9871341551924959,5.0,6.0,1.218250841504034,1.218250841504034,1.214804001774789,6.561552300201828,0.47204601788391765,2.161420922328478,0.03333635056441376,58.17463643301772,1075.7214722518415,417.4285524138383,7.1754389543021135
203.0,2026-08-13 11:00,1011.2,14.4,0.9935587393870452,5.0,6.0,1.2176237272370452,1.2176237272370452,1.2141805148459663,6.563236776679917,0.4722884155491369,2.164466173776739,0.03334491426650561,58.15971552331861,1075.445566050565,417.2143110664547,7.173596144898205
204.0,2026-08-13 12:00,1011.3,14.4,0.9935587393870452,5.0,6.0,1.2177448776042168,1.2177448776042168,1.2143017474261553,6.562909140657367,0.472241263559665,2.1638738014694487,0.033343248082645355,58.162616186847366,1075.4992029313946,417.25596876628094,7.173954614177712
205.0,2026-08-13 13:00,1011.3,14.5,0.9935637238502963,4.0,5.0,1.2172732612090946,1.2172732612090946,1.2138315415308027,6.564180165371384,0.47242419720289064,2.166172004059249,0.03334971323722715,58.15136745610288,1075.291199891937,417.09439754495895,7.172563875816228
206.0,2026-08-13 14:00,1011.7,14.5,0.9935637238502963,4.0,5.0,1.2177576942086452,1.2177576942086452,1.2143163031537376,6.562869806505458,0.47223560291328504,2.1638026865452553,0.033343048066688925,58.16296447303651,1075.5056431767512,417.26097037665187,7.173997648797421
207.0,2026-08-13 15:00,1012.1,14.3,0.9807708407933212,4.0,5.0,1.219281338539386,1.219281338539386,1.2158363274271669,6.558766112193559,0.47164521951791094,2.156385676615866,0.03332220034553757,58.1993582668278,1076.178609744975,417.78327811614275,7.178485992933515
208.0,2026-08-13 16:00,1012.4,14.3,0.9494446277569416,6.0,7.0,1.2198783395019328,1.2198783395019328,1.2164308054062107,6.557163259612643,0.47141472330252526,2.1534899435522377,0.0333140681017383,58.21360416480143,1076.4420341388582,417.98755146548274,7.180238321650197
209.0,2026-08-13 17:00,1012.9,14.3,0.9310746416295776,6.0,7.0,1.2206211837616494,1.2206211837616494,1.2171724367837562,6.5551652933162625,0.4711274871311559,2.1498813841790922,0.03330393955280258,58.23138613193225,1076.7708448549083,418.24238937505606,7.182422009111426
210.0,2026-08-13 18:00,1013.3,14.6,0.931229699816422,4.0,5.0,1.2196961243529185,1.2196961243529185,1.2162518583634163,6.557645619335065,0.4714840825146692,2.154361306075637,0.03331651477812114,58.20931519920505,1076.3627258239521,417.9260620359754,7.179711024012922
211.0,2026-08-13 19:00,1013.5,14.7,0.9434572410644311,4.0,5.0,1.2193753865900019,1.2193753865900019,1.2159337714577236,6.558503299602335,0.4716074222198496,2.1559108276664856,0.03332086652905941,58.20169291137496,1076.221780229974,417.81676164151577,7.178773343891128
212.0,2026-08-13 20:00,1013.5,15.0,0.9374930245887267,4.0,5.0,1.2180119236379283,1.2180119236379283,1.2145739350384683,6.562173721178597,0.47213543367294014,2.162544256419885,0.033339509035972305,58.16912972302918,1075.6196463266729,417.3494973361793,7.174759177649352
213.0,2026-08-13 21:00,1013.3,15.5,0.92569051769257,4.0,5.0,1.2155180159940977,1.2155180159940977,1.2120857255829403,6.568905791052601,0.4731046488246076,2.174720544675887,0.03337378341673216,58.10964058876219,1074.519618152533,416.4945037161335,7.167390806348909
214.0,2026-08-13 22:00,1013.1,15.1,0.9683270602002297,5.0,6.0,1.2168177139193657,1.2168177139193657,1.2133836339685187,6.5653916019579635,0.47259858753139794,2.1683628766485916,0.03335587878927365,58.140656231640264,1075.0931360129848,416.94048843281723,7.17123808805442
215.0,2026-08-13 23:00,1013.1,15.2,0.968351208958839,4.0,5.0,1.2163467366026952,1.2163467366026952,1.212914067262719,6.566662339543937,0.4727815490188622,2.1706614290466626,0.0333623498197962,58.12943131409962,1074.8855733093205,416.7791368485474,7.169847139850743
216.0,2026-08-14 00:00,1012.9,15.6,0.9499392671721532,5.0,5.0,1.2143712661071695,1.2143712661071695,1.210942339907667,6.572006277520267,0.47355135967164314,2.18033259070223,0.0333896041273479,58.08234521714828,1074.014892740592,416.101615788054,7.163994742850084
217.0,2026-08-14 01:00,1013.1,15.4,0.9437547826780753,6.0,7.0,1.2156012845818431,1.2156012845818431,1.2121691317626053,6.568679792572995,0.4730720957341962,2.174311578914475,0.03337263110021555,58.11163271163708,1074.5564549852709,416.52316358290136,7.1676382876692255
218.0,2026-08-14 02:00,1013.9,14.9,0.8957326727981552,4.0,5.0,1.2192880651035867,1.2192880651035867,1.2158452024628958,6.558742174364265,0.4716417767538435,2.156342425034821,0.03332207885053854,58.199570894533885,1076.182541496045,417.78632773839576,7.178512166274998
219.0,2026-08-14 03:00,1014.0,14.5,0.9311780712007653,2.0,3.0,1.221013760110422,1.221013760110422,1.2175686836883042,6.554098546382039,0.4709741628785497,2.147955165533875,0.0332985355456693,58.24089129539819,1076.9466071641298,418.3785469539925,7.18358764174768
220.0,2026-08-14 04:00,1014.4,14.4,0.9494829342963098,2.0,3.0,1.2218309786569266,1.2218309786569266,1.2183864792193546,6.5518985826168485,0.47065803940524176,2.1439836938447834,0.03328739913237583,58.260518276874755,1077.3095344930205,418.65955623960406,7.185990935576381
221.0,2026-08-14 05:00,1014.9,14.6,0.9557394875418255,3.0,3.0,1.2214471731168808,1.2214471731168808,1.2180064226260598,6.552920702858601,0.47080489962513905,2.1458287045916054,0.033292571801457185,58.25139534317511,1077.140840088167,418.52896194345215,7.184874447689743
222.0,2026-08-14 06:00,1015.1,15.0,0.9558736716014231,4.0,4.0,1.2198033576336618,1.2198033576336618,1.2163683656154352,6.557331556758242,0.47143892241648083,2.153793957977266,0.03331492169512604,58.21210754941109,1076.4143598565624,417.96609602786623,7.180054349914954
223.0,2026-08-14 07:00,1015.1,15.1,0.955907123020548,4.0,5.0,1.2193320087904358,1.2193320087904358,1.2158984194014941,6.5585986426377625,0.47162113413183376,2.1560830909586692,0.033321350391877294,58.200845896039624,1076.2061178616393,417.8046140377582,7.178669100171763
224.0,2026-08-14 08:00,1015.2,15.1,0.9620994608339564,4.0,4.0,1.2194044170538585,1.2194044170538585,1.2159714807122939,6.5584016038833575,0.47159279690616107,2.155727089272591,0.033320350449835764,58.2025964309369,1076.238487431823,417.8297192211129,7.178884531670488
225.0,2026-08-14 09:00,1015.3,15.2,0.9559405367142084,3.0,4.0,1.2191023409185187,1.2191023409185187,1.2156703193127167,6.559213919139893,0.47170962590534815,2.157194816606728,0.03332447340772513,58.195381337401805,1076.1050713674365,417.72623473564465,7.177996348434865
226.0,2026-08-14 10:00,1015.1,15.1,0.9620994608339564,4.0,4.0,1.2192835608939965,1.2192835608939965,1.2158505427383648,6.558727770649676,0.47163970520234766,2.1563164000515065,0.03332200574600082,58.19969883735937,1076.1849073182145,417.78816275330786,7.178527915081282
227.0,2026-08-14 11:00,1015.0,15.2,0.9559405367142084,4.0,5.0,1.2187398981779585,1.2187398981779585,1.2153076313002213,6.560192589369495,0.47185039966689485,2.1589633629367406,0.03332944274577611,58.18669458460345,1075.944442490622,417.60160859693207,7.176926126809615
228.0,2026-08-14 12:00,1015.2,15.3,0.9437124192519574,4.0,5.0,1.2186073438097536,1.2186073438097536,1.2151755031973674,6.560549230133901,0.47190170476477966,2.1596079109091626,0.0333312541932542,58.18353062353347,1075.885936910372,417.5562069991213,7.176536083739004
229.0,2026-08-14 13:00,1015.5,15.1,0.955907123020548,4.0,5.0,1.2198154334298832,1.2198154334298832,1.2163821712972112,6.557294344485742,0.4714335716838795,2.1537267365121218,0.033314732950972786,58.212438450330296,1076.420478626628,417.9708399089782,7.180095028412379
230.0,2026-08-14 14:00,1015.9,14.9,0.9620417448277115,3.0,4.0,1.2211943475326548,1.2211943475326548,1.2177591760049622,6.553585902228088,0.4709004890675527,2.147029598534562,0.03329593949277082,58.245461916084274,1077.031123632388,418.44400354770823,7.184147739279177
231.0,2026-08-14 15:00,1016.6,14.9,0.9558401824004894,3.0,3.0,1.2220888614376153,1.2220888614376153,1.218653697338151,6.551180215289337,0.47055483670199555,2.142687154205094,0.03328376512147397,58.26693430963081,1077.428174928536,418.75137720195266,7.186775521373847
232.0,2026-08-14 16:00,1017.1,14.8,0.9558066553612986,2.0,3.0,1.2231658597622597,1.2231658597622597,1.2197297070668551,6.548289948320321,0.4701397270434814,2.137472115159096,0.033269156179452974,58.29278391322348,1077.9061662893557,419.1211135403085,7.189931332911218
233.0,2026-08-14 17:00,1017.5,14.9,0.949673821380317,3.0,3.0,1.2232249834086564,1.2232249834086564,1.2197899938060461,6.548128125413013,0.4701164909198441,2.1371801988194954,0.03326833881229134,58.294232884103195,1077.9329595653187,419.14182915059087,7.190107981760415
234.0,2026-08-14 18:00,1017.9,15.0,0.9435850443570165,2.0,2.0,1.2232840660183384,1.2232840660183384,1.2198502387543375,6.547966426665652,0.47009327319787575,2.13688851366079,0.03326752213278779,58.295680921260455,1077.9597355755902,419.1625304007669,7.19028449066281
235.0,2026-08-14 19:00,1018.1,15.4,0.9137260049025345,3.0,3.0,1.221877068265319,1.221877068265319,1.2184461833409228,6.5517380584398826,0.4706349770614256,2.143693960707944,0.033286586983641495,58.261951679898125,1077.3360398999328,418.6800716519694,7.186166264258957
236.0,2026-08-14 20:00,1018.1,15.3,0.9196038135053711,3.0,4.0,1.222300669259691,1.222300669259691,1.218868950381113,6.5506017184213,0.47047173641426654,2.1416431620060408,0.03328083954329722,58.272103650602666,1077.5237624804618,418.82534202755,7.187407280485546
237.0,2026-08-14 21:00,1018.1,15.5,0.9197232843946157,3.0,3.0,1.221358906489894,1.221358906489894,1.2179299700698847,6.5531263713652645,0.470834453243919,2.1461999878723645,0.03329361292570176,58.24956050616333,1077.106911666905,418.5026914670576,7.184649769551073
238.0,2026-08-14 22:00,1018.1,15.9,0.9140448949943625,2.0,3.0,1.2195246153610113,1.2195246153610113,1.2161006940323382,6.558053172474196,0.4715426891549721,2.155097583614031,0.03331858243342893,58.20569261402704,1076.295739712822,417.8741192470099,7.179265471815827
239.0,2026-08-14 23:00,1017.9,15.8,0.9199019995564846,3.0,4.0,1.219705542460425,1.219705542460425,1.2162806290272048,6.5575680595480454,0.47147292973487814,2.1542211932623383,0.033316121334675736,58.21000472607273,1076.3754760344002,417.9359481546576,7.179795812101363
240.0,2026-08-15 00:00,1017.8,15.5,0.9437970987845568,4.0,4.0,1.2208038630764804,1.2208038630764804,1.2173769500130958,6.554614652722983,0.47104834007335855,2.1488870565639115,0.03330114974666387,58.23629160741773,1076.8615532054007,418.31266380710264,7.183023717015335
241.0,2026-08-15 01:00,1017.8,15.7,0.9317938488343087,3.0,4.0,1.2199585773828152,1.2199585773828152,1.2165333233683442,6.55688696583397,0.47137499691293583,2.1529908593497478,0.03331266689818915,58.21606157737546,1076.4874747575566,418.0227784852055,7.180540338160936
242.0,2026-08-15 02:00,1017.9,15.6,0.9257458920627266,4.0,5.0,1.2205987241561504,1.2205987241561504,1.2171715830899483,6.555167592130627,0.4711278175682315,2.149885535473133,0.03330395120115908,58.231365656862124,1076.770466245364,418.24209603047535,7.182419496994721
243.0,2026-08-15 03:00,1017.8,15.6,0.9079582737521789,5.0,6.0,1.2206215301648624,1.2206215301648624,1.217192622861235,6.555110937242855,0.47111967389290665,2.14978322615817,0.03330366412790418,58.23187028081704,1076.7797973706965,418.24932567514116,7.182481408516986
244.0,2026-08-15 04:00,1018.0,15.5,0.9020241555358138,5.0,6.0,1.2213800952533114,1.2213800952533114,1.2179494097192456,6.553074074042328,0.47082693827112526,2.1461055769721478,0.03329334817966342,58.25002704071923,1077.115538471817,418.5093712809867,7.184706901310638
245.0,2026-08-15 05:00,1018.4,15.4,0.9316406717021116,4.0,5.0,1.2220965222969533,1.2220965222969533,1.2186675612712181,6.551142951073395,0.4705494835269642,2.142619902055605,0.03328357664527984,58.267267227246435,1077.4343309898293,418.75614109925834,7.186816218204982
246.0,2026-08-15 06:00,1018.6,15.4,0.9376805162791556,4.0,5.0,1.2222898600473049,1.2222898600473049,1.2188616283651592,6.5506213939681945,0.47047456265924764,2.141678668233438,0.03328093903387097,58.271927796196714,1077.520510713505,418.8228260508857,7.18738579433477
247.0,2026-08-15 07:00,1018.7,15.2,0.9497878394372199,4.0,5.0,1.223258456406208,1.223258456406208,1.219828643967221,6.548024386165095,0.47010159532099505,2.136993064822447,0.03326781485744488,58.295161864565756,1077.9501375709262,419.15511004265755,7.190221223100122
248.0,2026-08-15 08:00,1018.7,15.1,0.9497498761193929,4.0,5.0,1.2237310038960154,1.2237310038960154,1.2202997918172693,6.546760194582166,0.4699200929086985,2.134712842843374,0.03326143181741367,58.30648853151212,1078.1595817478105,419.31700493659207,7.191601063575788
249.0,2026-08-15 09:00,1018.9,15.1,0.9497498761193929,3.0,4.0,1.2239727162157392,1.2239727162157392,1.220541667765128,6.546111473474074,0.4698269683797358,2.133542915705521,0.033258157789647955,58.31230504681508,1078.2671363590418,419.4001178722022,7.1923090252648
250.0,2026-08-15 10:00,1018.7,14.7,0.9619838977700357,3.0,4.0,1.225527177098578,1.225527177098578,1.2220915013891487,6.541959328465137,0.4692311425907183,2.1260575327696936,0.03323722538807349,58.34960165345483,1078.9567970611024,419.9326686418837,7.1968386542878795
251.0,2026-08-15 11:00,1018.7,14.7,0.9619838977700357,2.0,3.0,1.225527177098578,1.225527177098578,1.2220915013891487,6.541959328465137,0.4692311425907183,2.1260575327696936,0.03323722538807349,58.34960165345483,1078.9567970611024,419.9326686418837,7.1968386542878795
252.0,2026-08-15 12:00,1018.8,14.6,0.9682059031308623,3.0,4.0,1.2260741432351203,1.2260741432351203,1.2226377145571692,6.540497855671625,0.4690215136664044,2.1234239563085224,0.03322986707433117,58.362757318647645,1079.2000616932064,420.12035733216055,7.198432298844228
253.0,2026-08-15 13:00,1019.0,14.4,0.9744534402061846,4.0,5.0,1.227216689760666,1.227216689760666,1.2237781917301822,6.53744949803162,0.4685844178482215,2.117932704269663,0.033214534880872386,58.390244555637324,1079.7083349348745,420.5122458464363,7.2017551741156
254.0,2026-08-15 14:00,1019.5,14.3,0.9744338289045583,3.0,4.0,1.2282968040218165,1.2282968040218165,1.2248573206034434,6.534569038026862,0.46817158366226824,2.1127462520753792,0.03320006684988845,58.41627630244973,1080.1896943506497,420.8830539790859,7.2048935779468
255.0,2026-08-15 15:00,1020.3,14.5,0.961925919266648,4.0,5.0,1.228411648255563,1.228411648255563,1.2249744953631136,6.534256498920635,0.46812680077657737,2.1121836429125227,0.03319849817248087,58.41910424974269,1080.2419866177263,420.92331733863784,7.20523401966561
256.0,2026-08-15 16:00,1020.8,14.6,0.9619549249737559,3.0,4.0,1.2285429064330944,1.2285429064330944,1.2251075581522564,6.533901636198955,0.46807595605084756,2.1115448786136786,0.03319671733979807,58.422315965866765,1080.3013752483955,420.9690401115056,7.205620543311852
257.0,2026-08-15 17:00,1021.1,14.7,0.9495975954134986,4.0,4.0,1.22852633290031,1.22852633290031,1.2250915075087372,6.533944438300598,0.4680820885889187,2.1116219219318384,0.0331969321212231,58.42192853589391,1080.2942111857326,420.96352482107216,7.205573923538589
258.0,2026-08-15 18:00,1021.3,14.8,0.9496357298321729,3.0,3.0,1.2282945138618646,1.2282945138618646,1.2248612442282407,6.5345585718545625,0.46817008395800075,2.1127274112313947,0.033200014315065834,58.41637099266692,1080.1914452906829,420.88440220729143,7.2049049787794175
259.0,2026-08-15 19:00,1021.6,14.8,0.9496357298321729,3.0,4.0,1.2286574600825297,1.2286574600825297,1.2252244364029745,6.5335899834176105,0.4680313047222248,2.110983922207468,0.03319515358990609,58.42513731904123,1080.3535455820092,421.0092015852369,7.205959984077377
260.0,2026-08-15 20:00,1021.5,15.2,0.9255240276055982,4.0,5.0,1.2268322484573755,1.2268322484573755,1.223402475073574,6.538453272408935,0.4687283238598569,2.119740601181334,0.033219581153972805,58.381186437892204,1079.5408390577352,420.3831428307591,7.2006611800871205
261.0,2026-08-15 21:00,1021.5,15.0,0.9497118701215551,4.0,5.0,1.2275887529170026,1.2275887529170026,1.224158435215276,6.536434100198528,0.46843886792022404,2.1161041547717643,0.03320943253762473,58.39941458198355,1079.8779001414077,420.64290436197916,7.202861661763116
262.0,2026-08-15 22:00,1021.4,15.3,0.9376337216158734,4.0,4.0,1.2261433702589413,1.2261433702589413,1.2227160283831553,6.540288395911154,0.468991473274071,2.123046557672373,0.033228812877407636,58.36464399760896,1079.2349487366737,420.14726737441225,7.198660671889382
263.0,2026-08-15 23:00,1021.1,15.6,0.9079582737521789,5.0,6.0,1.224602877374027,1.224602877374027,1.2211766605893848,6.544409314218032,0.46958266568120605,2.1304737312484896,0.03324957179592299,58.32758045588397,1078.5495976951217,419.6183128526562,7.1941662858797
264.0,2026-08-16 00:00,1020.6,15.4,0.9137260049025345,6.0,7.0,1.224895330965041,1.224895330965041,1.2214664871400756,6.543632847518033,0.4694712442662991,2.129073939609384,0.03324565738434526,58.334555135124475,1078.6785681998144,419.7179024797311,7.19501334170645
265.0,2026-08-16 01:00,1020.4,15.2,0.9195439795430679,6.0,7.0,1.225550363824494,1.225550363824494,1.2221191365394286,6.541885363069379,0.46922053210868453,2.125924232864553,0.03323685286401923,58.35026711347895,1078.9691022456425,419.9421645776562,7.196919317626384
266.0,2026-08-16 02:00,1020.0,14.9,0.9313842419894375,6.0,7.0,1.2263898498703154,1.2263898498703154,1.2229552390258254,6.539648722825602,0.4688997383126034,2.12189408772588,0.033225594072594365,58.37040761827392,1079.341525260179,420.229464463116,7.19935805847543
267.0,2026-08-16 03:00,1020.1,14.7,0.9373518563950116,6.0,7.0,1.2274095959054696,1.2274095959054696,1.2239728441096898,6.53692964144146,0.46850989734527637,2.116996500245942,0.03321192232026958,58.39493848235959,1079.7951314852944,420.5791319127342,7.202321688202242
268.0,2026-08-16 04:00,1020.2,14.6,0.943414544438949,6.0,7.0,1.2279572162275223,1.2279572162275223,1.22451970971705,6.53546979510958,0.46830066269798337,2.1143678771025676,0.033204589134758586,58.40812972939176,1080.0390540699182,420.7670447929287,7.203912310535652
269.0,2026-08-16 05:00,1020.5,14.4,0.9494829342963098,6.0,7.0,1.2292211510543931,1.2292211510543931,1.2257816666108792,6.532104756620024,0.4678185415619164,2.108310970215626,0.03318770438537529,58.438592045613284,1080.6023402314354,421.20067592900506,7.207577410493459
270.0,2026-08-16 06:00,1020.7,14.4,0.9433290074719893,6.0,7.0,1.229509588247214,1.229509588247214,1.226069721212103,6.531337380455408,0.46770863159423404,2.1069301669477394,0.03318385757499336,58.44554966924609,1080.7309953567024,421.2996566823031,7.208412942756358
271.0,2026-08-16 07:00,1020.5,14.4,0.9372102149545359,5.0,6.0,1.2293131605667718,1.2293131605667718,1.225872585211055,6.531862520665032,0.46778384512816934,2.1078750775471793,0.03318648992471264,58.440787906656055,1080.642944436612,421.23191719887546,7.207841172019854
272.0,2026-08-16 08:00,1020.6,14.5,0.9251333986212783,5.0,6.0,1.2290524996822616,1.2290524996822616,1.2256123053775945,6.532556060469252,0.4678831870658859,2.1091231142369335,0.03318996737753939,58.43450206540016,1080.5267114040612,421.1424803564339,7.20708597610859
273.0,2026-08-16 09:00,1020.5,14.6,0.931229699816422,5.0,6.0,1.228412888008083,1.228412888008083,1.2249745331274566,6.534256398199396,0.4681267863448479,2.112183461606135,0.03319849766698319,58.41910516120655,1080.242003471828,420.92333031514687,7.2052341293762705
274.0,2026-08-16 10:00,1020.4,14.7,0.925245315538571,5.0,6.0,1.2278651093842132,1.2278651093842132,1.2244275102979307,6.535715850989091,0.4683359257484382,2.114810888199108,0.03320582479277286,58.405905332644835,1079.9979222040365,420.7353634105822,7.203644237929831
275.0,2026-08-16 11:00,1020.5,14.9,0.9193640824477936,6.0,7.0,1.2270874569890324,1.2270874569890324,1.2236521586074915,6.537786159865683,0.46863268087543086,2.11853903458796,0.0332162271212563,58.387205731307844,1079.6521432887887,420.46893859367447,7.201388272092195
276.0,2026-08-16 12:00,1020.1,14.9,0.9253569851887313,5.0,6.0,1.2265573760853652,1.2265573760853652,1.2231222970128306,6.539202104420849,0.4688356944744842,2.121089502456429,0.033223347269722654,58.37443342469315,1079.4159674341888,420.28686859874864,7.199844931102351
277.0,2026-08-16 13:00,1020.0,14.7,0.925245315538571,5.0,6.0,1.2273810129717737,1.2273810129717737,1.223943085718762,6.537009108913273,0.4685212884800778,2.117139607522656,0.03321232164695122,58.39422082910448,1079.7818611829173,420.5689063932027,7.202235091449073
278.0,2026-08-16 14:00,1020.0,14.4,0.9372102149545359,5.0,6.0,1.2287074087309138,1.2287074087309138,1.2252664223101104,6.533478039987449,0.46801526680709143,2.110782437245793,0.033194591956850525,58.42615089139251,1080.3722877969815,421.02362869974417,7.206081904700151
279.0,2026-08-16 15:00,1020.6,14.4,0.9433290074719893,5.0,6.0,1.2293884378800424,1.2293884378800424,1.225948488631914,6.531660310544119,0.4677548827415788,2.1075112219397822,0.033185476238803774,58.442621243385446,1080.676845115784,421.2579989824769,7.208061343247075
280.0,2026-08-16 16:00,1020.8,14.5,0.9433717999317478,4.0,5.0,1.2291571435770252,1.2291571435770252,1.225718743417217,6.532272419723794,0.4678425573786342,2.1086126818702127,0.033188545050879446,58.437072420974964,1080.5742404794914,421.1790543854431,7.207394842631922
281.0,2026-08-16 17:00,1021.0,14.6,0.943414544438949,4.0,5.0,1.2289257455225404,1.2289257455225404,1.2254888958019432,6.5328849739661745,0.4679303039885835,2.1097150459989518,0.03319161695803427,58.43152213914672,1080.471608856747,421.10007460172557,7.20672779324374
282.0,2026-08-16 18:00,1021.0,14.6,0.943414544438949,3.0,3.0,1.2289257455225404,1.2289257455225404,1.2254888958019432,6.5328849739661745,0.4679303039885835,2.1097150459989518,0.03319161695803427,58.43152213914672,1080.471608856747,421.10007460172557,7.20672779324374
283.0,2026-08-16 19:00,1021.0,14.3,0.9618678089217948,4.0,5.0,1.2302083258796697,1.2302083258796697,1.226768965455417,6.529475721429545,0.46744204303730136,2.1035810043708034,0.03317453082386995,58.46244571746241,1081.043424328793,421.5399296085067,7.210439529774839
284.0,2026-08-16 20:00,1020.9,14.5,0.9557058466481219,2.0,3.0,1.2291852158799443,1.2291852158799443,1.2257480000799577,6.532194461762002,0.4678313907180187,2.1084723946715678,0.03318815416035088,58.43777897364989,1080.5873055183176,421.18910750212564,7.207479731425856
285.0,2026-08-16 21:00,1020.5,14.8,0.9496357298321729,3.0,4.0,1.2273266572734238,1.2273266572734238,1.2238927317622834,6.537143581844618,0.4685405645979574,2.1173817741534138,0.03321299741106476,58.39300653214264,1079.7594073199346,420.5516038661033,7.202088552070172
286.0,2026-08-16 22:00,1020.0,15.4,0.9256350822187421,4.0,5.0,1.2240760607583832,1.2240760607583832,1.220647843191044,6.545826767572867,0.4697861014919165,2.1330295033786943,0.03325672121596026,58.31485866109879,1078.3143558671516,419.436601662408,7.192619707783149
287.0,2026-08-16 23:00,1019.4,15.2,0.9315382704045502,5.0,5.0,1.224247808026312,1.224247808026312,1.2208168754809134,6.545373589699917,0.4697210556835901,2.132212330317931,0.03325443495026045,58.31892449136941,1078.389538132015,419.4946842040925,7.193114205426976
288.0,2026-08-17 00:00,1018.5,14.9,0.9374460209784891,5.0,6.0,1.2245288958002754,1.2245288958002754,1.221093609346358,6.544631865578073,0.46961460379290376,2.1308749710080153,0.03325069400389501,58.32558212724567,1078.5126461100901,419.5897749485152,7.193923483405953
289.0,2026-08-17 01:00,1018.3,14.6,0.9495594180605547,4.0,5.0,1.2256103244405945,1.2256103244405945,1.2221718100994867,6.541744389393849,0.46920030948885777,2.125670175292425,0.03323614289016608,58.351535544443905,1078.9925571137558,419.9602641623574,7.197073054615528
290.0,2026-08-17 02:00,1017.9,14.4,0.9618968805991968,5.0,6.0,1.225978173206261,1.225978173206261,1.2225376546900502,6.540765507123305,0.46905990122048363,2.1239062206675845,0.03323121429353864,58.360346922679874,1079.1554904701075,420.085974958193,7.198140468814453
291.0,2026-08-17 03:00,1017.9,14.3,0.9681328767664189,5.0,6.0,1.2264046745710917,1.2264046745710917,1.2229633177125383,6.539627122888903,0.4688966408410515,2.121855174068354,0.03322548539921538,58.37060228814057,1079.3451249484347,420.2322404454927,7.199381606019051
292.0,2026-08-17 04:00,1018.2,14.2,0.9744141951119554,5.0,6.0,1.22719517685645,1.22719517685645,1.2237532283366903,6.53751617654499,0.4685939765214378,2.11805279025906,0.033214870021574576,58.38964263106036,1079.6972045998725,420.50366797445577,7.201682507828347
293.0,2026-08-17 05:00,1018.6,14.3,0.9681328767664189,4.0,5.0,1.2272530221674087,1.2272530221674087,1.2238122412005936,6.5373585534266905,0.4685713806757424,2.117768917756549,0.03321407779005082,58.39106558570871,1079.7235168033194,420.5239458582272,7.2018542843847495
294.0,2026-08-17 06:00,1019.0,14.1,0.9743945387941282,3.0,4.0,1.2286393298955867,1.2286393298955867,1.225196646468148,6.533664080506749,0.46804192061763433,2.111117290121063,0.03319552535939737,58.42446646709918,1080.341140694192,420.9996524627041,7.2058792817523365
295.0,2026-08-17 07:00,1018.5,14.0,0.9743748599167639,3.0,4.0,1.2285070737387669,1.2285070737387669,1.2250625861662334,6.534021564698809,0.4680931390956903,2.111760749885151,0.03319731915300804,58.42123044585951,1080.2813026316683,420.95358692646727,7.205489917172765
296.0,2026-08-17 08:00,1018.5,14.0,0.9743748599167639,2.0,3.0,1.2285070737387669,1.2285070737387669,1.2250625861662334,6.534021564698809,0.4680931390956903,2.111760749885151,0.03319731915300804,58.42123044585951,1080.2813026316683,420.95358692646727,7.205489917172765
297.0,2026-08-17 09:00,1018.6,14.2,0.9681084790396624,2.0,3.0,1.2277268152433845,1.2277268152433845,1.2242846414557798,6.53609718506985,0.46839057857114275,2.11549749377075,0.033207740074647475,58.40245881226791,1079.9341917503314,420.68627110114215,7.203228762224196
298.0,2026-08-17 10:00,1018.2,14.4,0.9618968805991968,2.0,3.0,1.2263416243077756,1.2263416243077756,1.222901352430617,6.539792804570558,0.4689204001675776,2.1221536634265243,0.033226319002733734,58.36910916024123,1079.3175151541907,420.21094805767177,7.1992009832471995
299.0,2026-08-17 11:00,1018.1,14.5,0.9681815887699888,3.0,4.0,1.2257000801250055,1.2257000801250055,1.222261678827591,6.54150388890816,0.46916581079208086,2.125236766801349,0.0332349317837595,58.353699795525124,1079.0325768113794,419.99114467725946,7.19733532147805
300.0,2026-08-17 12:00,1018.1,14.5,0.9744730290510176,3.0,3.0,1.225652623672326,1.225652623672326,1.2222147845951339,6.541629380706108,0.46918381185938063,2.1254629149212794,0.03323556371559104,58.352570452220924,1079.0116938473188,419.97503097369696,7.1971984733315635
301.0,2026-08-17 13:00,1018.0,14.5,0.9681815887699888,2.0,2.0,1.2255789718751178,1.2255789718751178,1.2221404884218574,6.541828216538946,0.4692123344082321,2.1258212448297775,0.03323656505622744,58.35078128126567,1078.9786098483098,419.94950146933616,7.196981638430381
302.0,2026-08-17 14:00,1017.8,14.4,0.9681572466625047,1.0,2.0,1.2258100883975238,1.2258100883975238,1.2223700441472258,6.541213924394302,0.4691242183927157,2.1247142398442973,0.033233471765226494,58.35630969609219,1079.0808371229616,420.0283809544209,7.197651516037314
303.0,2026-08-17 15:00,1018.4,14.4,0.9618968805991968,1.0,2.0,1.2265839250421189,1.2265839250421189,1.2231438175909948,6.539144577240886,0.46882744555472183,2.120985870951438,0.03322305790124728,58.37495207233129,1079.4255578748873,420.2942634573243,7.199907640807066
304.0,2026-08-17 16:00,1018.7,14.6,0.9557394875418255,1.0,1.0,1.2260476872682178,1.2260476872682178,1.2226100565293032,6.540571835207425,0.4690321239260087,2.123557253419273,0.03323023943257622,58.36209103017018,1079.187741189532,420.1108535352369,7.198351637504924
305.0,2026-08-17 17:00,1018.9,14.7,0.9557730904272964,1.0,2.0,1.225816648784434,1.225816648784434,1.2223805762224746,6.541185744665745,0.4691201764014855,2.124663460148724,0.03323332988605678,58.356563365645954,1079.0855277889043,420.031999965322,7.197682244129398
306.0,2026-08-17 18:00,1019.4,14.9,0.9558401824004894,2.0,2.0,1.2254751834867224,1.2254751834867224,1.2220423133644325,6.542090986270952,0.46925002945968103,2.126294809250925,0.0332378885091386,58.348417232431196,1078.9348956414215,419.9157667499542,7.196695071902598
307.0,2026-08-17 19:00,1019.5,15.1,0.955907123020548,1.0,2.0,1.2246496798243587,1.2246496798243587,1.2212196902543808,6.544294017100217,0.46956611994012976,2.130265866449422,0.033248990458986195,58.328615862234635,1078.5687436479325,419.6330986211785,7.194292071190284
308.0,2026-08-17 20:00,1019.3,15.2,0.9497878394372199,1.0,2.0,1.2239833418873285,1.2239833418873285,1.2205540199922116,6.546078349475181,0.4698222136459768,2.133483181797389,0.033257990642397636,58.312602117699335,1078.2726295696327,419.4043623200827,7.192345172207347
309.0,2026-08-17 21:00,1018.9,15.2,0.9497878394372199,3.0,3.0,1.2235000848999147,1.2235000848999147,1.2200704359755512,6.547375514440101,0.47000843118431884,2.1358226400913236,0.033264538172081096,58.30097414472574,1078.0576138690901,419.23819413513263,7.190929487634632
310.0,2026-08-17 22:00,1018.7,15.4,0.9316406717021116,3.0,4.0,1.22245871382092,1.22245871382092,1.2190299977271164,6.550169000658562,0.47040958189414783,2.1408623123133004,0.03327865170683465,58.2759718233766,1077.5952898120695,418.88068079858976,7.18787980178413
311.0,2026-08-17 23:00,1018.0,15.3,0.9437124192519574,3.0,3.0,1.2219889699711168,1.2219889699711168,1.21855941697595,6.551433643923385,0.4705912436919394,2.143144536658646,0.03328504700658871,58.26467043451993,1077.3863130585426,418.7189807700533,7.186498741816892
312.0,2026-08-18 00:00,1017.8,15.1,0.9497498761193929,3.0,4.0,1.2226432984572584,1.2226432984572584,1.2192113500519062,6.549681828129959,0.47033961053825757,2.139983259403823,0.033276189063957705,58.280328304246545,1077.6758465684602,418.9429967263471,7.188411749146258
313.0,2026-08-18 01:00,1017.7,15.0,0.9497118701215551,4.0,5.0,1.222994625042468,1.222994625042468,1.2195611962472177,6.548742332175818,0.4702046878105113,2.1382882198426905,0.03327144149085526,58.28873418959595,1077.8312818563809,419.0632101851956,7.1894374789836295
314.0,2026-08-18 02:00,1017.5,14.8,0.9496357298321729,5.0,6.0,1.223697195066771,1.223697195066771,1.220260810014944,6.546864763405305,0.4699351047258611,2.134901436895689,0.03326195965645159,58.30555122252223,1078.142249737361,419.30361008664806,7.1914869389774285
315.0,2026-08-18 03:00,1017.6,14.6,0.9619549249737559,6.0,7.0,1.2246687892530213,1.2246687892530213,1.2212308138126828,6.544264212741784,0.4695618429058028,2.130212133898134,0.03324884018811622,58.32888353000346,1078.5736931583035,419.6369208763183,7.194324586385468
316.0,2026-08-18 04:00,1018.2,14.7,0.9557730904272964,6.0,7.0,1.2249694800626647,1.2249694800626647,1.2215328332089295,6.543455140378766,0.46944574550715795,2.1287535976905243,0.0332447617029832,58.33615198322313,1078.7080959097063,419.7407001849079,7.195207189970653
317.0,2026-08-18 05:00,1018.9,14.7,0.9557730904272964,5.0,6.0,1.225816648784434,1.225816648784434,1.2223805762224746,6.541185744665745,0.4691201764014855,2.124663460148724,0.03323332988605678,58.356563365645954,1079.0855277889043,420.031999965322,7.197682244129398
318.0,2026-08-18 06:00,1018.9,14.4,0.9681572466625047,5.0,6.0,1.2271427424364112,1.2271427424364112,1.2237036025293042,6.537648735699325,0.4686129797787405,2.118291528931606,0.03321553632315744,58.38844607490881,1079.6750787865647,420.48661565250984,7.201538042527304
319.0,2026-08-18 07:00,1018.8,14.1,0.9743945387941282,5.0,6.0,1.2283967761056462,1.2283967761056462,1.2249539279084283,6.534311355049204,0.4681346608083244,2.1122823888020066,0.033198773486762374,58.418607846621114,1080.2328075058397,420.9162499904701,7.205174267342893
320.0,2026-08-18 08:00,1018.6,14.0,0.9743748599167639,4.0,5.0,1.228628392868421,1.228628392868421,1.2251839877381878,6.533697833672166,0.46804675647603805,2.111178043201313,0.0331956947143341,58.42416088895002,1080.335490173679,420.9953026949103,7.205842519417934
321.0,2026-08-18 09:00,1018.2,13.9,0.9807114883139385,4.0,5.0,1.2285709662422797,1.2285709662422797,1.2251253906957769,6.533854083307566,0.4680691428830521,2.1114592845173927,0.033196478723806586,58.42274641309802,1080.3093347537354,420.975167694899,7.205672337247723
322.0,2026-08-18 10:00,1017.8,14.0,0.9743748599167639,4.0,5.0,1.2276578398311877,1.2276578398311877,1.2242127751625522,6.536289030063181,0.4684180750124049,2.115842932649049,0.033208703758707145,58.40072528235142,1079.9021366234185,420.66157654736594,7.203019731580098
323.0,2026-08-18 11:00,1017.9,14.0,0.9743748599167639,4.0,5.0,1.227779158960842,1.227779158960842,1.2243341767345066,6.535964961908523,0.4683716279788098,2.1152594167303005,0.03320707593494561,58.403653740320216,1079.9562874580567,420.703292315809,7.203372826405336
324.0,2026-08-18 12:00,1017.7,14.0,0.9743748599167639,4.0,5.0,1.2275365207015336,1.2275365207015336,1.2240913735905978,6.53661314642675,0.46846453125894433,2.1164265643103812,0.033210332066820177,58.39779710830897,1079.8479910389322,420.619860778923,7.202666566322863
325.0,2026-08-18 13:00,1017.9,14.1,0.9680840534400861,4.0,5.0,1.2273517336661646,1.2273517336661646,1.2239075919559717,6.537103896040191,0.46853487576688346,2.1173103051437967,0.03321279797445341,58.393364883964445,1079.7660336913734,420.5567100965164,7.202131799258695
326.0,2026-08-18 14:00,1018.1,14.1,0.9680840534400861,4.0,5.0,1.227594287456105,1.227594287456105,1.2241503105156915,6.536455791356405,0.4684419769543376,2.116143213690209,0.03320954151018128,58.399218616002614,1079.8742764863846,420.6401125687505,7.202838026560278
327.0,2026-08-18 15:00,1018.3,14.1,0.9680840534400861,4.0,6.0,1.2278368412460454,1.2278368412460454,1.2243930290754115,6.535807879398521,0.46834911497353665,2.1149765849552886,0.033206286982360805,58.40507348312883,1079.9825402705872,420.72351504098464,7.203543972297489
328.0,2026-08-18 16:00,1018.8,13.9,0.9680351184534832,4.0,5.0,1.2293913043846438,1.2293913043846438,1.2259451266591295,6.5316692665930765,0.46775616549000815,2.1075273371589973,0.03318552113377579,58.4425400374835,1080.6753435175317,421.256843748027,7.208051591834373
329.0,2026-08-18 17:00,1019.3,13.9,0.9680351184534832,3.0,4.0,1.229998111353468,1.229998111353468,1.2265523461268082,6.5300522757885,0.4675245971833563,2.1046181353704205,0.03317741845887376,58.45721047822754,1080.9466182359208,421.46549530253316,7.209811960827459
330.0,2026-08-18 18:00,1019.3,14.1,0.9680840534400861,5.0,6.0,1.2290496101957473,1.2290496101957473,1.2256066218740105,6.532571207157462,0.46788535677982446,2.109150372438896,0.03319004333636018,58.43436482147743,1080.5241735930208,421.14052740215476,7.207069481952603
331.0,2026-08-18 19:00,1019.3,14.2,0.9681084790396624,5.0,6.0,1.22857545807116,1.22857545807116,1.225133860576329,6.533831497588136,0.4680659069185116,2.1114186309669774,0.03319636539258949,58.42295086373116,1080.3131153005436,420.97807809853026,7.2056969371581765
332.0,2026-08-18 20:00,1018.8,14.4,0.9681572466625047,5.0,6.0,1.2270215920692398,1.2270215920692398,1.2235823699491153,6.537972602899819,0.46865940996770356,2.1188748332305765,0.033217164395009324,58.385523166788374,1079.6210305755337,420.4449579526836,7.201185073765797
333.0,2026-08-18 21:00,1018.2,14.5,0.9744730290510176,5.0,6.0,1.2257737319222137,1.2257737319222137,1.2223359750008675,6.541305082646321,0.46913729389894604,2.1248785079458434,0.03323393074094106,58.35548914077938,1079.065664033394,420.0166741816201,7.1975521131928675
334.0,2026-08-18 22:00,1017.6,14.7,0.9557730904272964,5.0,6.0,1.2242433354440052,1.2242433354440052,1.2208061963401764,6.5454022178364255,0.4697251646218278,2.1322639510714048,0.03325457936410493,58.31866760346653,1078.3847879547895,419.49101465883876,7.193082968066707
335.0,2026-08-18 23:00,1017.3,14.7,0.9557730904272964,6.0,7.0,1.2238802631346755,1.2238802631346755,1.2204428779058,6.546376408587847,0.4698649989512233,2.1340206952781737,0.03325949477195143,58.30992925883844,1078.2232050807959,419.36617189580426,7.1920199051217
336.0,2026-08-19 00:00,1017.0,14.7,0.9557730904272964,6.0,7.0,1.2235171908253457,1.2235171908253457,1.2200795594714235,6.5473510344524275,0.4700049165610726,2.135778485740575,0.03326441457162013,58.30119348076393,1078.0616696655743,419.24132913276964,7.190956206944467
337.0,2026-08-19 01:00,1016.8,14.4,0.9618968805991968,7.0,8.0,1.2246455191673735,1.2246455191673735,1.2212040963079718,6.544335800060461,0.4695721159803756,2.130341194940008,0.03324920112833593,58.32824062692232,1078.5618050797289,419.62774026010425,7.194246487633958
338.0,2026-08-19 02:00,1016.8,14.4,0.9681572466625047,6.0,7.0,1.224598584725808,1.224598584725808,1.2211577183453366,6.544460071509982,0.46958994971120527,2.130565240805251,0.03324982772783396,58.32712466731082,1078.5411695968128,419.6118039561585,7.194110910653686
339.0,2026-08-19 03:00,1016.6,14.3,0.9681328767664189,7.0,8.0,1.2248291718922173,1.2248291718922173,1.2213867455204357,6.543846453637058,0.4695018949979608,2.129459005962637,0.033246734100694626,58.332635989636245,1078.6430808098341,419.6905018218432,7.194780326683817
340.0,2026-08-19 04:00,1016.7,14.2,0.9807560282977376,7.0,9.0,1.225329689402561,1.225329689402561,1.2218870637241612,6.542506583195897,0.469309651089563,2.1270438381435155,0.033239982009453384,58.3446792124609,1078.8657749972317,419.86242017511046,7.196241814033983
341.0,2026-08-19 05:00,1016.6,14.2,0.9807560282977376,7.0,8.0,1.2252084547128785,1.2252084547128785,1.2217657467069398,6.542831399014155,0.46935625187795216,2.1276292856898187,0.033241618492834746,58.34175852953621,1078.8117679328411,419.8207334611978,7.195887543373561
342.0,2026-08-19 06:00,1016.7,14.2,0.9744141951119554,6.0,7.0,1.2253766565112165,1.2253766565112165,1.2219334730783706,6.542382338957073,0.4692918265857654,2.126819908197841,0.03323935610797819,58.34579658379264,1078.8864365846127,419.8783672657669,7.196377320219862
343.0,2026-08-19 07:00,1016.3,14.2,0.9807560282977376,5.0,7.0,1.224844750643832,1.224844750643832,1.2214017956552758,6.5438061368161575,0.46949610978718703,2.1293863261310415,0.03324653086913565,58.332998192530255,1078.649778392394,419.69567331946007,7.19482430740554
344.0,2026-08-19 08:00,1016.0,14.2,0.9744141951119554,5.0,6.0,1.2245280136834409,1.2245280136834409,1.2210842539578213,6.544656936516651,0.4696182017650066,2.1309201724737434,0.03325082043045983,58.32535703195136,1078.5084838177884,419.58656026837866,7.193896130606176
345.0,2026-08-19 09:00,1015.7,14.3,0.9744338289045583,4.0,6.0,1.223691488498953,1.223691488498953,1.2202488788111434,6.546896769903392,0.469939699601222,2.134959162496448,0.033262121222846906,58.30526434522027,1078.1369450188008,419.29951030995676,7.191452007271963
346.0,2026-08-19 10:00,1015.0,14.3,0.9744338289045583,4.0,5.0,1.222843140902636,1.222843140902636,1.219399955323088,6.549175287071809,0.47026686284837454,2.1390693273006667,0.03327362909639207,58.28485969720699,1077.7596376672213,419.0078048972224,7.188964802763371
347.0,2026-08-19 11:00,1015.0,14.4,0.9744534402061846,4.0,5.0,1.2223706750738028,1.2223706750738028,1.2189288885226253,6.550440660740538,0.4704486020035718,2.141352523490158,0.033280025179253686,58.273543236969005,1077.5503822250857,418.8459378533864,7.187583156736359
348.0,2026-08-19 12:00,1015.2,14.4,0.9744534402061846,4.0,5.0,1.2226129758081459,1.2226129758081459,1.2191713536830031,6.549789262307006,0.470355040589592,2.140177107748568,0.0332767320933516,58.279367448541294,1077.658079149921,418.9292532530389,7.188294444392164
349.0,2026-08-19 13:00,1015.1,13.9,0.9807114883139385,3.0,4.0,1.2248087630355706,1.2248087630355706,1.2213606299961695,6.543916414573709,0.46951193403788954,2.1295851268180277,0.03324708677308601,58.33200749283973,1078.6314591214023,419.681528056961,7.1947040072035415
350.0,2026-08-19 14:00,1015.0,13.8,0.9743354343458492,3.0,4.0,1.2252063982455648,1.2252063982455648,1.2217562414787906,6.54285685048398,0.4693599034559887,2.12767516060901,0.033241746732439625,58.34152970511834,1078.8075366844007,419.8174672934696,7.195859783166411
351.0,2026-08-19 15:00,1015.6,13.8,0.9743354343458492,3.0,5.0,1.2259348203695624,1.2259348203695624,1.2224851589465981,6.540905941818751,0.4690800435085581,2.124159269028733,0.03323192123544032,58.359082401929435,1079.13210790673,420.0679364744828,7.197987342936611
352.0,2026-08-19 16:00,1016.0,13.7,0.9806817093152139,2.0,3.0,1.2268479827692755,1.2268479827692755,1.2233978077945111,6.5384657445405505,0.4687301120647059,2.1197630664695253,0.03321964386971736,58.38107393202713,1079.5387586841869,420.3815390695434,7.200647585876753
353.0,2026-08-19 17:00,1016.3,14.0,0.9743748599167639,3.0,4.0,1.2258380528863755,1.2258380528863755,1.2223917515832354,6.541155844154112,0.4691158876068297,2.12460957985196,0.03323317934510126,58.35683253135461,1079.090504998048,420.0358400207205,7.197714848471924
354.0,2026-08-19 18:00,1016.4,14.3,0.9618678089217948,3.0,4.0,1.2246334702467294,1.2246334702467294,1.2211903253910537,6.544372698997771,0.469577411173485,2.1304077186603196,0.03324938717583651,58.32790926287981,1078.5556777459367,419.62300832482396,7.194206232107727
355.0,2026-08-19 19:00,1016.5,14.5,0.9557058466481219,4.0,5.0,1.2238564528848868,1.2238564528848868,1.2204156222276736,6.546449508656727,0.46987549249861904,2.1341525261288354,0.0332598636965058,58.309273823011665,1078.2110852561477,419.3568063535037,7.191940129907864
356.0,2026-08-19 20:00,1016.4,14.7,0.9434572410644311,4.0,5.0,1.2228850855801896,1.2228850855801896,1.2194458496566962,6.5490520454930055,0.4702491641663918,2.138846978059425,0.033273006345412706,58.285962450302165,1077.7800289452048,419.0235750175168,7.189099354322226
357.0,2026-08-19 21:00,1016.0,14.8,0.9373989649395988,4.0,5.0,1.2219764706787175,1.2219764706787175,1.2185377448075871,6.551491903563782,0.4705996133404847,2.143249684884109,0.03328534171478484,58.26415006349507,1077.3766907502772,418.71153382235286,7.1864351126044
358.0,2026-08-19 22:00,1015.6,14.8,0.9373989649395988,5.0,6.0,1.2214925423844971,1.2214925423844971,1.2180534885746086,6.552794098234523,0.4707867075839929,2.145600157259695,0.03329193095896415,58.25252496781712,1077.1617282545142,418.5451346517589,7.1850127506574735
359.0,2026-08-19 23:00,1015.1,15.0,0.9435850443570165,5.0,6.0,1.219898919163418,1.219898919163418,1.2164627995147157,6.557077029284704,0.47140232465472914,2.153334178849952,0.03331363077196704,58.21437105922678,1076.4562149717929,417.99854521787375,7.180332581324391
360.0,2026-08-20 00:00,1015.0,15.2,0.9315382704045502,5.0,6.0,1.2189319811647605,1.2189319811647605,1.21549745129765,6.559680328171529,0.4717767124357486,2.1580376273395623,0.03332684138887179,58.19124064683026,1076.0285048423857,417.6668341696417,7.177486328303475
361.0,2026-08-20 01:00,1014.7,15.0,0.9374930245887267,5.0,6.0,1.2194627008614658,1.2194627008614658,1.2160256947125918,6.55825540584203,0.47157177191290384,2.1554629514513444,0.033319608575007785,58.203895455739335,1076.2625080180896,417.8483481288477,7.1790443724956
362.0,2026-08-20 02:00,1014.6,14.8,0.9496357298321729,5.0,6.0,1.2201887149336734,1.2201887149336734,1.2167499523258491,6.556303249018134,0.4712910737749238,2.1519365296500674,0.033309707203705255,58.22125497254458,1076.5835071015445,418.0972160998414,7.181178356546997
363.0,2026-08-20 03:00,1014.6,14.7,0.9619838977700357,4.0,6.0,1.2205651888710716,1.2205651888710716,1.2171261494526702,6.555289938662871,0.4711454041186353,2.1501064760009165,0.03330457116277714,58.230275992974555,1076.7503170031298,418.2264842137443,7.182285796897186
364.0,2026-08-20 04:00,1014.9,14.4,0.9681572466625047,4.0,5.0,1.222296727749548,1.222296727749548,1.218854299321747,6.5506410885766595,0.47047739165078173,2.141714208965889,0.03328103862172848,58.27175177405877,1077.517255844975,418.8203076594598,7.187364287303078
365.0,2026-08-20 05:00,1015.3,14.2,0.9744141951119554,4.0,5.0,1.2236793708556652,1.2236793708556652,1.2202350348372721,6.546933908162893,0.4699450312240132,2.135026143884292,0.033262308696957885,58.30493148019428,1078.1307899299547,419.2947532709906,7.191411474575212
366.0,2026-08-20 06:00,1015.6,13.9,0.974355158445485,4.0,5.0,1.2254617868259772,1.2254617868259772,1.2220135161261139,6.542168069314987,0.4692610875247115,2.126433732158943,0.03323827677200264,58.34772383225906,1078.9220738087506,419.90587149978444,7.196611005888606
367.0,2026-08-20 07:00,1015.3,13.6,0.9806667940341348,3.0,3.0,1.2264711482662687,1.2264711482662687,1.223019004728863,6.5394782386661525,0.4688752908417529,2.121586953183365,0.03322473636373873,58.37194419699054,1079.3699385141435,420.2513755080862,7.199543912566012
368.0,2026-08-20 08:00,1015.4,13.4,0.980636911776609,2.0,3.0,1.2275395036063736,1.2275395036063736,1.2240846670256544,6.536631052933427,0.4684670979015036,2.1164588091422925,0.033210422033270265,58.397635356000656,1079.845000037322,420.6175562823195,7.202647054425619
369.0,2026-08-20 09:00,1015.4,13.4,0.98705427283206,3.0,3.0,1.2274942557120605,1.2274942557120605,1.2240399599122076,6.536750424541896,0.46848420830016535,2.1166737677569225,0.033211021802860605,58.3965571094881,1079.8250619165694,420.60219411227274,7.2025169792747
370.0,2026-08-20 10:00,1015.3,13.7,0.9870843154853275,3.0,4.0,1.2259518756986445,1.2259518756986445,1.2225016706940717,6.540861769219878,0.469073707867954,2.124079674125425,0.03323169886766775,58.35948013218789,1079.1394624345005,420.07361020854665,7.198035507805304
371.0,2026-08-20 11:00,1015.5,14.0,0.987114253910037,3.0,4.0,1.224774301903311,1.224774301903311,1.2213284495937187,6.544002625812279,0.4695243050614237,2.129740544475618,0.033247521378646686,58.33123305674484,1078.6171388336063,419.67047029061234,7.194609959339542
372.0,2026-08-20 12:00,1015.5,14.1,0.9871242103061709,3.0,3.0,1.224300939226679,1.224300939226679,1.2208564859353142,6.545267407143619,0.4697058156740792,2.1320208694761247,0.033253899331833786,58.31987734454622,1078.4071575738378,419.50829507022127,7.193230064456772
373.0,2026-08-20 13:00,1015.7,14.2,0.9807560282977376,3.0,4.0,1.2241173425057386,1.2241173425057386,1.2206738935519479,6.5457569200647026,0.4697760758023722,2.1329035502447105,0.03325636880689577,58.3154852291305,1078.3259418903203,419.44555303598446,7.1926959260978185
374.0,2026-08-20 14:00,1016.0,14.2,0.9744141951119554,4.0,5.0,1.2245280136834409,1.2245280136834409,1.2210842539578213,6.544656936516651,0.4696182017650066,2.1309201724737434,0.03325082043045983,58.32535703195136,1078.5084838177884,419.58656026837866,7.193896130606176
375.0,2026-08-20 15:00,1016.6,14.3,0.9744338289045583,5.0,6.0,1.224782221122789,1.224782221122789,1.2213403518672143,6.543970739246567,0.46951972942721726,2.129683060602243,0.03324736063102766,58.33151948805591,1078.6224353052394,419.67456012632937,7.19464474454952
376.0,2026-08-20 16:00,1017.2,14.4,0.9618968805991968,4.0,5.0,1.2251301206360599,1.2251301206360599,1.2216890266287275,6.5430368353589605,0.46938572668501727,2.1279995788558894,0.033242653645734074,58.33991165622056,1078.777616945332,419.7943710594092,7.1956634684867256
377.0,2026-08-20 17:00,1017.5,14.5,0.961925919266648,4.0,5.0,1.2250206172587081,1.2250206172587081,1.221581164002569,6.5433256960497665,0.4694271722955535,2.128520261699081,0.033244109322272786,58.337315285022704,1078.7296068086348,419.7573075167874,7.195348388350574
378.0,2026-08-20 18:00,1017.9,14.7,0.9495975954134986,5.0,6.0,1.2246535616007928,1.2246535616007928,1.221216110875388,6.544303607741528,0.46956749623634014,2.1302831569131078,0.0332490388145658,58.32852973163843,1078.5671509859505,419.6318686820365,7.194281608206228
379.0,2026-08-20 19:00,1018.1,14.9,0.949673821380317,4.0,6.0,1.2239506238477507,1.2239506238477507,1.220516125811678,6.546179968922946,0.4698368005304973,2.133666437404127,0.03325850343307611,58.31169077260823,1078.2557776640044,419.3913411965912,7.192234278234978
380.0,2026-08-20 20:00,1017.7,15.1,0.9497498761193929,5.0,6.0,1.2225224422973966,1.2225224422973966,1.2190904120779769,6.5500066955878635,0.47038626984998183,2.1405694421810977,0.03327783119841135,58.27742303741631,1077.622124566854,418.90144025854204,7.188057028355414
381.0,2026-08-20 21:00,1017.3,15.2,0.937586874830723,6.0,7.0,1.2216630971169289,1.2216630971169289,1.218231008596523,6.552316645877815,0.47071810477708886,2.14473829748522,0.03328951454285459,58.25678599612739,1077.2405199742097,418.6061337311691,7.185534295678376
382.0,2026-08-20 22:00,1017.3,15.4,0.9316406717021116,6.0,7.0,1.2207684867090758,1.2207684867090758,1.2173386275995908,6.554717823143496,0.47106316890476163,2.1490733517588976,0.03330167240337291,58.235372339643355,1076.8445547994927,418.2994955350431,7.182910982270623
383.0,2026-08-20 23:00,1017.1,15.5,0.9316917873055548,6.0,7.0,1.2200560793190611,1.2200560793190611,1.2166274546397555,6.556633305585243,0.471338526317437,2.152532677817094,0.033311380634871005,58.2183181380081,1076.5292013737385,418.0551236868222,7.180817602731346
384.0,2026-08-21 00:00,1016.8,15.4,0.9376805162791556,6.0,7.0,1.2201167109035052,1.2201167109035052,1.2166870096297693,6.556472834976772,0.4713154550090348,2.1522428320578064,0.033310566995747005,58.21974590902553,1076.5556026378474,418.07558785489715,7.180993000350504
385.0,2026-08-21 01:00,1016.3,15.3,0.9498257601383098,7.0,8.0,1.2198874254971632,1.2198874254971632,1.216457053522772,6.557092515596854,0.47140455134571835,2.153362152856853,0.03331370931180226,58.21423332710139,1076.4536681332772,417.99657079146766,7.18031565309426
386.0,2026-08-21 02:00,1016.0,15.2,0.9559405367142084,7.0,9.0,1.2199480406464926,1.2199480406464926,1.2165165913418723,6.556932057544938,0.47138148022683607,2.1530723094785116,0.033312895565385456,58.21566048730366,1076.4800581026532,418.0170290593073,7.180491049319508
387.0,2026-08-21 03:00,1016.3,15.2,0.9559405367142084,7.0,8.0,1.220310483387053,1.220310483387053,1.2168792793543675,6.555954845622154,0.47124098608325826,2.151307276000093,0.033307941025823726,58.22435585742421,1076.6408463244863,418.1416551980198,7.1815591437702855
388.0,2026-08-21 04:00,1016.9,15.1,0.9620994608339564,6.0,8.0,1.2214589717715105,1.2214589717715105,1.218027426269091,6.552864203391661,0.4707967810739177,2.145726710911748,0.03329228581000503,58.251899443942385,1077.1501615391082,418.536179173798,7.184936168074114
389.0,2026-08-21 05:00,1017.2,15.2,0.9621282698156033,8.0,9.0,1.2213491047287843,1.2213491047287843,1.2179192103427956,6.553155318152132,0.4708386128385604,2.146252245024241,0.03329375946646586,58.24930228531704,1077.102136841896,418.4989942308808,7.184618146685891
390.0,2026-08-21 06:00,1017.5,15.1,0.9620994608339564,7.0,8.0,1.222184108730682,1.222184108730682,1.2187530541126665,6.550913172921825,0.4705164755174638,2.1422052211276994,0.03328241453674028,58.269320268227716,1077.4722942742158,418.785517980628,7.1870671573455365
391.0,2026-08-21 07:00,1017.4,15.0,0.9683028839453042,7.0,8.0,1.2224873592002043,1.2224873592002043,1.2190553907431305,6.550100780045389,0.4703997832269691,2.1407392112702683,0.03327830682054398,58.27658178072496,1077.6065686830177,418.8894062966131,7.187954294792926
392.0,2026-08-21 08:00,1017.5,14.8,0.9745316611856175,6.0,7.0,1.2235059366131888,1.2235059366131888,1.2200718120116432,6.547371822269088,0.4700079010937468,2.1358159805425165,0.033264519530069564,58.30100722561519,1078.0582255759314,419.23866696593757,7.190933517555774
393.0,2026-08-21 09:00,1017.5,14.6,0.9744925954731756,7.0,8.0,1.2244525721279818,1.2244525721279818,1.2210156409525617,6.544840817155659,0.46964459120267393,2.131251704022129,0.03325174773961546,58.32370622089864,1078.4779582656763,419.56298360299036,7.193695510602717
394.0,2026-08-21 10:00,1017.5,14.7,0.9682301897870366,6.0,7.0,1.2240271934334785,1.2240271934334785,1.2205910973645937,6.545978925012582,0.46980794205805004,2.133303887274219,0.03325748895113606,58.31349384578562,1078.289118732413,419.4171027735699,7.192453669175606
395.0,2026-08-21 11:00,1017.6,14.6,0.9744925954731756,6.0,7.0,1.224573638289859,1.224573638289859,1.2211367892131733,6.544516154204445,0.4695979980397847,2.130666352275283,0.03325011051878088,58.32662107830303,1078.5318576089417,419.60461232908995,7.194049725009341
396.0,2026-08-21 12:00,1017.7,14.6,0.9744925954731756,6.0,7.0,1.2246947044517364,1.2246947044517364,1.2212579374737849,6.544191539564067,0.46955141412093887,2.1300811166617195,0.03324847378515693,58.32953622059217,1078.585762220081,419.6462410551895,7.194403868876315
397.0,2026-08-21 13:00,1017.5,14.7,0.9682301897870366,6.0,7.0,1.2240271934334785,1.2240271934334785,1.2205910973645937,6.545978925012582,0.46980794205805004,2.133303887274219,0.03325748895113606,58.31349384578562,1078.289118732413,419.4171027735699,7.192453669175606
398.0,2026-08-21 14:00,1017.6,14.7,0.9745121395067121,6.0,7.0,1.2241002508394805,1.2241002508394805,1.2206648041734744,6.545781290699082,0.4697795738736988,2.132947496653039,0.03325649176536897,58.31526660824372,1078.3218993178762,419.44242976170085,7.192669332706206
399.0,2026-08-21 15:00,1018.4,14.8,0.9682544487803453,6.0,7.0,1.2246429988150231,1.2246429988150231,1.2212090421300832,6.544322547966691,0.4695702142419558,2.1303173033250786,0.03324913431094871,58.3283596371515,1078.5640057270691,419.6294397337324,7.194260945175883
400.0,2026-08-21 16:00,1018.7,14.9,0.9682786801525419,6.0,7.0,1.2245324627833016,1.2245324627833016,1.2211001545276154,6.544614325714916,0.46961208662615733,2.1308433477426956,0.033250605555551385,58.32573960856736,1078.515558135839,419.5920239907751,7.193942619617325
401.0,2026-08-21 17:00,1018.7,15.1,0.9620994608339564,5.0,6.0,1.2236343826490246,1.2236343826490246,1.2202043097998176,6.547016334327781,0.4699568645527189,2.135174806460502,0.0332627247960296,58.304192739563426,1078.1171296957402,419.28419559428824,7.191321513826139
402.0,2026-08-21 18:00,1019.1,15.1,0.9620994608339564,6.0,7.0,1.224117807288472,1.224117807288472,1.2206880616955345,6.545718932680398,0.4697706232587582,2.132835049723791,0.03325617714984009,58.31582600944071,1078.332243342628,419.45042146550816,7.1927373779735815
403.0,2026-08-21 19:00,1019.3,15.3,0.955973912738645,6.0,7.0,1.2234619063901158,1.2234619063901158,1.2200345586108106,6.547471782554335,0.4700222526484714,2.1359962796917284,0.03326502424718123,58.30011164028487,1078.0416650879056,419.2258660259017,7.190824412353617
404.0,2026-08-21 20:00,1019.1,15.3,0.9498257601383098,6.0,7.0,1.2232690516585267,1.2232690516585267,1.2198409673013544,6.547991310666572,0.4700968461617267,2.136933400946861,0.03326764780857028,58.295458069618675,1077.9556147712178,419.15934456239967,7.190257327797707
405.0,2026-08-21 21:00,1019.0,15.3,0.9498257601383098,7.0,8.0,1.223148279295621,1.223148279295621,1.2197201132378337,6.54831570138036,0.47014342497393974,2.1375185724055945,0.03326928626369391,58.29255333539727,1077.9019026182118,419.11781692772354,7.189903219991919
406.0,2026-08-21 22:00,1018.8,15.4,0.9498636382858198,7.0,8.0,1.2224342504170091,1.2224342504170091,1.2190073238278396,6.550229917922409,0.47041833165247177,2.1409722358729346,0.033278959680473535,58.27542719167603,1077.5852188936988,418.87288963809084,7.187813282953025
407.0,2026-08-21 23:00,1018.5,15.6,0.9377739495453784,8.0,9.0,1.221225602055714,1.221225602055714,1.217800089379977,6.553475813728294,0.470884668631611,2.146830845772566,0.03329538207914437,58.24644367310758,1077.0492775423265,418.45806212084574,7.184268012470057
408.0,2026-08-22 00:00,1018.1,15.8,0.9139812562566745,8.0,10.0,1.2199949997447619,1.2199949997447619,1.2165696824544716,6.556788983695076,0.4713609091345222,2.152813874032756,0.0333121700315327,58.2169331744603,1076.503591673051,418.0352721225883,7.180647439291424
409.0,2026-08-22 01:00,1017.9,16.0,0.9023839445818631,8.0,10.0,1.2189101905588395,1.2189101905588395,1.2154863701883225,6.55971022911118,0.4717810134377647,2.1580916609978757,0.03332699321461438,58.1909752421645,1076.0235971796087,417.66302650073476,7.177453630268444
410.0,2026-08-22 02:00,1017.8,16.2,0.8909513381609734,7.0,8.0,1.2179472777328781,1.2179472777328781,1.2145250347409184,6.562305825914364,0.4721544432137319,2.162783074032152,0.033340180595094276,58.16795941562215,1075.5980058853384,417.3326943124906,7.174614659086832
411.0,2026-08-22 03:00,1017.7,16.3,0.8910309142527234,7.0,8.0,1.2173578957256155,1.2173578957256155,1.213936963973683,6.563895131241153,0.4723831702678661,2.1656565810530575,0.033348263064819354,58.153889096281404,1075.3378281590246,417.1306225966209,7.172875779743748
412.0,2026-08-22 04:00,1018.0,16.2,0.8909513381609734,7.0,8.0,1.2181880711531663,1.2181880711531663,1.2147659905471828,6.561654958124758,0.47206078867003276,2.1616064882982178,0.03333687227786118,58.17372655195296,1075.7046474178833,417.41549107086297,7.175326660534348
413.0,2026-08-22 05:00,1018.4,16.2,0.8909513381609734,7.0,8.0,1.2186696579937426,1.2186696579937426,1.2152479021597116,6.560353803328276,0.4718735909999317,2.159254716570257,0.03333026154609085,58.18526425829499,1075.917993976,417.5810845876075,7.176749816480836
414.0,2026-08-22 06:00,1018.7,16.2,0.8967228943386988,6.0,8.0,1.2189825844084374,1.2189825844084374,1.2155616362733999,6.559507141362939,0.4717518013362671,2.157724668212232,0.033325962052133534,58.19277799460978,1076.0569323172813,417.68888928427333,7.177675713006219
415.0,2026-08-22 07:00,1018.6,16.2,0.8967228943386988,6.0,8.0,1.2188621876982932,1.2188621876982932,1.2154411583702678,6.559832231589611,0.47179856268496123,2.1583121328839927,0.03332761271890164,58.189892394811466,1076.0035739835864,417.64749090508724,7.177320213472796
416.0,2026-08-22 08:00,1018.6,16.1,0.9082971985117843,6.0,8.0,1.2192350194698964,1.2192350194698964,1.215813730016967,6.558827063322798,0.4716539856308698,2.156495805639425,0.03332250970529885,58.198816886085496,1076.1685989408709,417.7755132386693,7.178419349252329
417.0,2026-08-22 09:00,1018.4,16.1,0.9082971985117843,7.0,8.0,1.2189941428020992,1.2189941428020992,1.2155726908508555,6.559477314786062,0.4717475111635222,2.157670770602481,0.03332581061804066,58.193042780180036,1076.0618285322116,417.692687836351,7.177708328711296
418.0,2026-08-22 10:00,1018.1,16.0,0.9023839445818631,8.0,9.0,1.219151150531727,1.219151150531727,1.2157274927719788,6.559059683358776,0.4716874422570877,2.1569161225568836,0.033323690456360106,58.196750937038715,1076.1303969702792,417.7458805668252,7.178164997884017
419.0,2026-08-22 11:00,1018.2,15.7,0.9080262061964853,7.0,9.0,1.2206338416007898,1.2206338416007898,1.2172066505276788,6.55507316503112,0.47111424448645567,2.149715016310344,0.03330347273828368,58.232206729243664,1076.7860187210824,418.2541458341865,7.182522685064985
420.0,2026-08-22 12:00,1018.4,15.6,0.9197829215105783,7.0,8.0,1.2212500485152757,1.2212500485152757,1.2178227503367074,6.553414840683299,0.47087590652144523,2.146720767036255,0.03329507336501442,58.24698745934339,1077.059332827001,418.4658488340526,7.184334625479873
421.0,2026-08-22 13:00,1018.4,15.3,0.9376337216158734,7.0,9.0,1.222520199371766,1.222520199371766,1.2190904064775314,6.550006710633078,0.47038627201091476,2.1405694693289834,0.033277831274467304,58.27742290288463,1077.6221220791956,418.90143833412804,7.188057011927223
422.0,2026-08-22 14:00,1018.7,15.2,0.9436700084363895,7.0,8.0,1.2233066130502046,1.2233066130502046,1.2198762332628261,6.547896660540617,0.47008325591641115,2.136762666157844,0.033267169789035815,58.296305742596715,1077.9712893001847,419.17146258244657,7.190360645377239
423.0,2026-08-22 15:00,1019.3,15.0,0.9497118701215551,7.0,8.0,1.224928994673851,1.224928994673851,1.2214968758127158,6.54355145003057,0.4694595646556194,2.1289272081988093,0.03324524711482924,58.33528653326153,1078.6920926621754,419.72834457542024,7.195102133184863
424.0,2026-08-22 16:00,1019.5,14.9,0.9558401824004894,7.0,9.0,1.2255961235599049,1.2255961235599049,1.2221633353653711,6.541767070260899,0.46920356302114336,2.125711049547116,0.03323625711280902,58.351331460911894,1078.9887833551047,419.95735209095426,7.197048320521585
425.0,2026-08-22 17:00,1019.7,15.0,0.9558736716014231,6.0,7.0,1.225364670323888,1.225364670323888,1.2219334443662424,6.54238241582121,0.469291837612853,2.126820046731578,0.03323935649518332,58.34579589249435,1078.8864238016465,419.878357399762,7.196377236389289
426.0,2026-08-22 18:00,1019.8,15.0,0.9558736716014231,7.0,8.0,1.2254855684258494,1.2254855684258494,1.222054424339086,6.542058569018152,0.4692453790324171,2.1262363857494124,0.03323772522939823,58.348708853800495,1078.9402880836944,419.91992829915114,7.196730425540513
427.0,2026-08-22 19:00,1019.8,14.8,0.9620128377049109,7.0,9.0,1.2263846978839075,1.2263846978839075,1.2229513222714776,6.539659195105484,0.4689012400609192,2.121912954249324,0.033225646761008615,58.37031323778781,1079.3397800474593,420.2281185957209,7.199346641910315
428.0,2026-08-22 20:00,1019.5,15.0,0.9497118701215551,7.0,9.0,1.2251707908777738,1.2251707908777738,1.2217388357584031,6.542903457306949,0.46936659027562755,2.1277591673884118,0.03324198156914415,58.34111069248361,1078.79978861899,419.81148637419835,7.1958089482908125
429.0,2026-08-22 21:00,1019.1,15.2,0.9436700084363895,8.0,9.0,1.2237898700376184,1.2237898700376184,1.2203598172794865,6.546599185864282,0.46989697909391825,2.134422463074779,0.03326061913239956,58.30793188853955,1078.1862712166535,419.33763076739655,7.191776782085072
430.0,2026-08-22 22:00,1018.7,15.4,0.9376805162791556,6.0,8.0,1.2224105905552938,1.2224105905552938,1.2189824405171255,6.550296773099767,0.47042793438760816,2.141092875413975,0.03327929768374891,58.274829501005875,1077.574166848906,418.86433928399623,7.187740279476343
431.0,2026-08-22 23:00,1018.2,15.4,0.9437547826780753,8.0,9.0,1.2217585404892755,1.2217585404892755,1.2183305515128773,6.552048963995345,0.4706796450562257,2.144255126492,0.03328816001925334,58.259175602888966,1077.2847067789976,418.6403384715356,7.18582668119279
432.0,2026-08-23 00:00,1017.5,15.6,0.9377739495453784,8.0,10.0,1.220019133204452,1.220019133204452,1.2165928052199315,6.55672667368733,0.4713519503705856,2.1527013247273494,0.03331185406955958,58.21748748503139,1076.5138415657907,418.04321752159876,7.1807155475248585
433.0,2026-08-23 01:00,1017.2,15.6,0.9438393676410873,8.0,10.0,1.2196082764006058,1.2196082764006058,1.2161822782932525,6.5578332042573475,0.4715110570037141,2.154700187647601,0.03331746641217358,58.207647688361504,1076.3318914719116,417.9021530696542,7.179505952672485
434.0,2026-08-23 02:00,1016.9,15.9,0.9318956846738873,7.0,8.0,1.2179317578676798,1.2179317578676798,1.2145085777466003,6.56235028647472,0.47216084106314327,2.1628634504671647,0.03334040662105589,58.167565568866905,1075.5907231683784,417.32703939259795,7.174566019932668
435.0,2026-08-23 03:00,1016.5,16.0,0.9319465181653098,6.0,8.0,1.216979221643564,1.216979221643564,1.2135571223738837,6.564922295647746,0.47253102550747916,2.1675140922718943,0.033353489870878245,58.144804548318426,1075.1698435542435,417.00010217610935,7.171751722539227
436.0,2026-08-23 04:00,1016.6,15.9,0.9379137104349758,6.0,7.0,1.2175207705459845,1.2175207705459845,1.2140979253756736,6.563460006214955,0.47232054314712574,2.1648697940600288,0.03334604963701588,58.15773961786415,1075.4090290981264,417.1859318357487,7.173351897390504
437.0,2026-08-23 05:00,1016.9,15.8,0.9378671752385374,5.0,7.0,1.2183532604660072,1.2183532604660072,1.2149292523565223,6.561214066751775,0.4719973532902961,2.1608095471154742,0.033334631815878625,58.17763477854694,1075.7769153945026,417.4715907714216,7.175808923145921
438.0,2026-08-23 06:00,1016.7,15.8,0.9439237638824047,6.0,7.0,1.2180626942875825,1.2180626942875825,1.2146391030373551,6.561997681454187,0.4721101025920133,2.1622260210490585,0.033338614194804966,58.17068943086256,1075.648487266809,417.3718902352801,7.174951755236422
439.0,2026-08-23 07:00,1016.4,15.8,0.9439237638824047,5.0,7.0,1.217701004153509,1.217701004153509,1.2142771686492386,6.562975561845044,0.47225082242560396,2.1639938898800284,0.03334358584557809,58.16202808087274,1075.4883281195582,417.24752305548844,7.173881943650882
440.0,2026-08-23 08:00,1016.3,15.8,0.9439237638824047,5.0,7.0,1.2175804407754844,1.2175804407754844,1.2141565238532,6.563301619138499,0.47229774768032307,2.164583413709658,0.03334524405060151,58.15914153876924,1075.434952361467,417.2060673288913,7.173525198111447
441.0,2026-08-23 09:00,1015.9,15.7,0.9499770180367135,6.0,7.0,1.2175195472035847,1.2175195472035847,1.2140944764246073,6.563469328815769,0.472321884896448,2.1648866505097932,0.03334609705533174,58.15765710662875,1075.4075033626327,417.1847467139934,7.173341696848429
442.0,2026-08-23 10:00,1015.5,15.6,0.9499392671721532,5.0,7.0,1.2175080851204507,1.2175080851204507,1.214081278723785,6.563505002897345,0.47232701928327864,2.1649511540144695,0.0333462785092304,58.15734137262851,1075.4016650477863,417.1802117460961,7.173302663082878
443.0,2026-08-23 11:00,1015.3,15.5,0.9499014739427925,5.0,6.0,1.2177377129296771,1.2177377129296771,1.2143093353061527,6.562888635731917,0.4722383126558602,2.1638367291483225,0.03334314381371552,58.162797747418445,1075.5025602124504,417.258576098623,7.173977048192167
444.0,2026-08-23 12:00,1015.1,15.5,0.9437970987845568,6.0,7.0,1.2175452686605266,1.2175452686605266,1.2141161527373852,6.563410737861033,0.4723134522626463,2.164780710998066,0.033345799042666525,58.158175685399044,1075.4170925298795,417.1921950857893,7.173405805274045
445.0,2026-08-23 13:00,1014.9,15.4,0.9437547826780753,6.0,7.0,1.2177744337256429,1.2177744337256429,1.2143437504979955,6.562795637076618,0.47222492915376796,2.163668591682591,0.03334267092154462,58.16362123832011,1075.5177875847119,417.27040177888995,7.174078795217421
446.0,2026-08-23 14:00,1015.0,15.4,0.9437547826780753,6.0,7.0,1.2178951642336315,1.2178951642336315,1.2144645626499615,6.56246920302193,0.47217795329983386,2.1630784321730236,0.03334101118452704,58.166512231268975,1075.5712456444762,417.3119150120005,7.1744359254819345
447.0,2026-08-23 15:00,1015.4,15.0,0.9497118701215551,6.0,7.0,1.2202139686973548,1.2202139686973548,1.216778656871814,6.55622591497844,0.47127995573285947,2.151796853248203,0.0333093151462714,58.22194319548944,1076.5962332008357,418.10707949924756,7.181262880481102
448.0,2026-08-23 16:00,1015.6,14.9,0.949673821380317,6.0,7.0,1.2209271220181908,1.2209271220181908,1.2174905757882122,6.554308781546998,0.4710043781455847,2.1483347611278125,0.033299600362087886,58.23901740113825,1076.9119565257115,418.3517076715898,7.183357933223189
449.0,2026-08-23 17:00,1015.6,15.0,0.9497118701215551,6.0,8.0,1.2204557649012777,1.2204557649012777,1.2170206168175013,6.55557414996361,0.4711862589861348,2.150619737315991,0.033306011469152935,58.22774509266983,1076.7035175047768,418.1902212980257,7.181975201555088
450.0,2026-08-23 18:00,1015.7,14.9,0.949673821380317,6.0,8.0,1.2210480620913733,1.2210480620913733,1.2176115977891508,6.553983047431151,0.4709575636339642,2.147746628568107,0.03329795060065691,58.24192090263344,1076.9656458840743,418.3932930125899,7.183713835813269
451.0,2026-08-23 19:00,1015.9,15.3,0.9437124192519574,6.0,7.0,1.2194527503500945,1.2194527503500945,1.216021481642013,6.558266766812779,0.471573405736967,2.1554834772476226,0.033319666223921664,58.20379450404062,1076.2606412954658,417.84690044185425,7.1790319514794945
452.0,2026-08-23 20:00,1015.5,15.7,0.9317938488343087,5.0,6.0,1.217184659689049,1.217184659689049,1.2137575317629872,6.564380290203462,0.4724530036195188,2.1665339002098443,0.033350731528215494,58.14959731906686,1075.2584678537974,417.0689664546773,7.1723448774067995
453.0,2026-08-23 21:00,1015.0,15.7,0.9317938488343087,5.0,6.0,1.2165816341034477,1.2165816341034477,1.2131540988053007,6.566012675966055,0.4726880056803639,2.169486240388061,0.033359041041205954,58.13516868466609,1074.9916644358157,416.86161601325796,7.1705582944874235
454.0,2026-08-23 22:00,1014.8,15.7,0.9317938488343087,6.0,7.0,1.216340423869207,1.216340423869207,1.2129127256222263,6.566665971337666,0.4727820719772391,2.1706679989934194,0.033362368319516916,58.12939924865147,1074.8849803792532,416.7786758366904,7.169843164108722
455.0,2026-08-23 23:00,1014.6,15.8,0.9318447949241937,6.0,7.0,1.2156294629541096,1.2156294629541096,1.2122030058091975,6.568588013671793,0.47305887611162845,2.1741455002736867,0.033372163173751204,58.11244181896261,1074.5714163872976,416.5348033159058,7.167738788425627
456.0,2026-08-24 00:00,1014.1,15.7,0.9378205883006052,6.0,7.0,1.21544728883569,1.21544728883569,1.2120195940835572,6.569084998412715,0.4731304628625528,2.1750448474548216,0.03337469724017739,58.1080611627816,1074.4904125992998,416.47177974089453,7.167194557984082
457.0,2026-08-24 01:00,1013.9,15.8,0.9378671752385374,5.0,6.0,1.2147363591252711,1.2147363591252711,1.2113099084753576,6.571009073501003,0.47340766185014876,2.178527309291529,0.033384513296549484,58.09111713014905,1074.1770963355987,416.22791897350584,7.1650871860662715
458.0,2026-08-24 02:00,1013.6,15.6,0.9438393676410873,5.0,6.0,1.2152649885360627,1.2152649885360627,1.2118360553170893,6.569582440333152,0.47320212089018043,2.175945090087997,0.033377234213712206,58.10367814082682,1074.4093650651992,416.408712512365,7.166649785975829
459.0,2026-08-24 03:00,1013.4,15.6,0.9438393676410873,4.0,5.0,1.2150236947658102,1.2150236947658102,1.2115945984850802,6.570237028733498,0.47329642461615695,2.1771298315245398,0.03338057351877545,58.09791301788096,1074.3027607626493,416.3257435925157,7.16593285311956
460.0,2026-08-24 04:00,1013.6,15.9,0.9439658914059306,4.0,5.0,1.213855417697862,1.213855417697862,1.2104307139995352,6.57339506145053,0.4737515207726767,2.1828472225253397,0.03339669787658216,58.07013989647325,1073.789201162081,415.9258119037262,7.162473048028363
461.0,2026-08-24 05:00,1014.0,16.0,0.9440079719569844,4.0,5.0,1.2138675689774294,1.2138675689774294,1.2104446036912622,6.57335734692289,0.473746084536637,2.182778926877121,0.033396505175692696,58.070471179364105,1073.7953269952782,415.9305846521716,7.162514376152961
462.0,2026-08-24 06:00,1014.3,15.9,0.9439658914059306,3.0,4.0,1.214699069372525,1.214699069372525,1.211274935205889,6.571103935536666,0.4734213305996995,2.1786990303323552,0.03338499747741981,58.09028238792317,1074.1616609123414,416.21590152770705,7.164983271181986
463.0,2026-08-24 07:00,1014.3,15.9,0.9318956846738873,3.0,4.0,1.214798194504646,1.214798194504646,1.2113728989801433,6.5708382274470125,0.47338304499796846,2.1782180468046732,0.03338364134210208,58.092620649288676,1074.2048982768158,416.2495636463832,7.165274332506465
464.0,2026-08-24 08:00,1014.4,15.8,0.9318447949241937,2.0,3.0,1.2153883361980604,1.2153883361980604,1.2119617162171197,6.569241851587184,0.4731530574555755,2.1753287042199565,0.03337549713538136,58.106678930479326,1074.4648534027433,416.4518918627114,7.167022785125401
465.0,2026-08-24 09:00,1014.3,15.8,0.9318447949241937,3.0,4.0,1.215267772820036,1.215267772820036,1.211841071421081,6.569568843771861,0.4732001621918796,2.1759204828838317,0.03337716486304898,58.103797919675024,1074.4115799252625,416.41043613611424,7.166664676752738
466.0,2026-08-24 10:00,1014.2,15.7,0.9317938488343087,3.0,4.0,1.2156167931664856,1.2156167931664856,1.2121886060730027,6.56862702808473,0.4730644956356748,2.1742160985763777,0.03337236208282614,58.11209786754667,1074.565056297296,416.5298553069874,7.167696066598259
467.0,2026-08-24 11:00,1014.1,15.7,0.9438815893172254,3.0,3.0,1.215398111633746,1.215398111633746,1.211970993959479,6.569216707482935,0.47314943542816273,2.175283200546419,0.03337536890556808,58.10690049593969,1074.46895042402,416.45507986222157,7.16705032118039
468.0,2026-08-24 12:00,1014.3,15.8,0.9378671752385374,3.0,3.0,1.2152186126373694,1.2152186126373694,1.211792487659513,6.569700537593411,0.4732191339581581,2.1761588259333964,0.033377836599081626,58.1026378158229,1074.3901281603646,416.39374187989466,7.166520446107862
469.0,2026-08-24 13:00,1014.4,15.7,0.9378205883006052,2.0,3.0,1.2158091041870507,1.2158091041870507,1.2123816538581689,6.568104045335173,0.4729891694767607,2.173269773064877,0.03336969602915835,58.11670933990727,1074.6503281638884,416.5961900057461,7.168268725766964
470.0,2026-08-24 14:00,1014.9,15.6,0.9438393676410873,2.0,3.0,1.2168333980427033,1.2168333980427033,1.2134055247251483,6.565332379367072,0.4725900614941809,2.1682557637060658,0.033355577299202445,58.14117963316737,1075.1028143590106,416.94801049138607,7.1713029065122855
471.0,2026-08-24 15:00,1015.5,15.5,0.9499014739427925,2.0,3.0,1.217979090293822,1.217979090293822,1.2145508758450942,6.562236014869863,0.4721443975314992,2.162656869729235,0.03333982570311377,58.16857785251757,1075.6094415536716,417.3415737816833,7.17469103060804
472.0,2026-08-24 16:00,1015.8,15.5,0.9499014739427925,2.0,3.0,1.218341156340039,1.218341156340039,1.2149131866535066,6.561257448521477,0.47200359486326227,2.1608879602433295,0.033334852247439185,58.17725016800429,1075.7698034666153,417.4660703062736,7.175761472065367
473.0,2026-08-24 17:00,1016.1,15.5,0.9499014739427925,2.0,3.0,1.218703222386256,1.218703222386256,1.2152754974619189,6.5602793198165665,0.47186287615019223,2.159120105489505,0.03332988323931941,58.18592507083805,1075.930213222828,417.590566830864,7.176831275303628
474.0,2026-08-24 18:00,1016.7,15.6,0.9438393676410873,2.0,3.0,1.2190050419749747,1.2190050419749747,1.21557863621323,6.559461273652998,0.47174520385914914,2.157641783846452,0.033325729175608776,58.19318518789901,1076.064461828275,417.6947307700308,7.1777258698135045
475.0,2026-08-24 19:00,1017.1,15.5,0.9437970987845568,2.0,3.0,1.219959042301974,1.219959042301974,1.2165315581268004,6.5568917229999455,0.47137568089907794,2.1529994522946834,0.03331269102230742,58.21601926180788,1076.4866922900167,418.02217191639176,7.18053513821464
476.0,2026-08-24 20:00,1017.1,15.8,0.9258564578455536,3.0,4.0,1.2186924296953272,1.2186924296953272,1.2152674348380592,6.560301081683677,0.47186600669806567,2.1591594346861656,0.03332999376797543,58.1857319971863,1075.9266430505731,417.58779636797334,7.176807475553744
477.0,2026-08-24 21:00,1017.0,16.0,0.9082295608427713,3.0,4.0,1.2177775735819405,1.2177775735819405,1.2143535868675985,6.562769057415249,0.47222110409079676,2.1636205372653086,0.0333425357693728,58.16385660846571,1075.5221398718093,417.2737817327906,7.1741078749591844
478.0,2026-08-24 22:00,1016.9,16.1,0.9141719642448332,3.0,4.0,1.2171387362020198,1.2171387362020198,1.2137166367228367,6.564490879580814,0.47246892247896893,2.166733889470266,0.03335129427778012,58.14861925373535,1075.2403822078375,417.05491418172954,7.172223855598064
479.0,2026-08-24 23:00,1016.4,16.1,0.9141719642448332,5.0,6.0,1.2165365445325265,1.2165365445325265,1.2131140388075579,6.5661210879838405,0.4727036149964173,2.169682340842556,0.03335959312235172,58.13421106848603,1074.9739569201313,416.8478506759335,7.170439626072478
480.0,2026-08-25 00:00,1016.3,15.8,0.9318447949241937,5.0,6.0,1.2176790403805267,1.2176790403805267,1.2142539673418573,6.563038262437374,0.4722598459386308,2.1641072526308145,0.03334390469806612,58.161472945090686,1075.47806296764,417.239550668058,7.173813343103727
481.0,2026-08-25 01:00,1016.4,15.4,0.9498636382858198,5.0,6.0,1.219536718225276,1.219536718225276,1.2161078321806529,6.558033925650988,0.47153992135629275,2.1550628116498323,0.033318484779093785,58.20586366643871,1076.2989026849245,417.8765720434393,7.1792865137810065
482.0,2026-08-25 02:00,1016.3,15.1,0.9683270602002297,6.0,7.0,1.2206851110349461,1.2206851110349461,1.2172536491342545,6.554946616928841,0.47109605459395093,2.1494864959719004,0.033302831550450995,58.23333400166328,1076.8068633919083,418.2702954025774,7.182660971989525
483.0,2026-08-25 03:00,1016.6,15.1,0.9745900924334778,5.0,6.0,1.2209986785158498,1.2209986785158498,1.217568039812118,6.554100279356,0.4709744119398242,2.14795829450051,0.03329854432256005,58.24087584761336,1076.946321515351,418.37832570652876,7.183585748284611
484.0,2026-08-25 04:00,1016.7,15.3,0.9683753302625742,6.0,7.0,1.2202236125342083,1.2202236125342083,1.2167952966915436,6.556181086242415,0.47127351092367353,2.1517158868556865,0.03330908788608871,58.22234216080373,1076.6036105663266,418.11279724124716,7.181311876572493
485.0,2026-08-25 05:00,1016.8,15.4,0.9621857899807701,5.0,6.0,1.2199214618734107,1.2199214618734107,1.2164940572396121,6.556992786938716,0.4713902120068359,2.153182007175749,0.033313203541199404,58.21512032204757,1076.4700697744029,418.00928593558297,7.180424666704194
486.0,2026-08-25 06:00,1017.1,15.5,0.9560405520042893,5.0,6.0,1.2198608979311039,1.2198608979311039,1.2164345672751118,6.557153120469823,0.47141326543505346,2.153471628305571,0.03331401667869145,58.21369433524415,1076.4437015026328,417.9888441114465,7.180249404964919
487.0,2026-08-25 07:00,1017.0,15.6,0.9499392671721532,5.0,6.0,1.2193177883973436,1.2193177883973436,1.215892204963853,6.558615403149111,0.4716235445923304,2.156113373669155,0.03332143545311059,58.200697004156986,1076.2033646653151,417.8024786449665,7.17865077483737
488.0,2026-08-25 08:00,1017.2,15.6,0.9499392671721532,5.0,6.0,1.219559082167596,1.219559082167596,1.216133661795862,6.5579642818291,0.4715299062608251,2.1549369916096524,0.03331813142816541,58.20648263336202,1076.3103481541334,417.885447564816,7.179362652731363
489.0,2026-08-25 09:00,1017.5,15.6,0.9438393676410873,5.0,6.0,1.2199702170559843,1.2199702170559843,1.216544463541266,6.556856944316451,0.4713706804254303,2.1529366311466176,0.03331251465694279,58.21632862594611,1076.4924128181822,418.02660644942824,7.180573153888655
490.0,2026-08-25 10:00,1017.2,15.4,0.9621857899807701,5.0,6.0,1.2204043839053662,1.2204043839053662,1.2169773058474767,6.555690801994838,0.47120302802023345,2.150830407354123,0.03330660268447544,58.226706465353196,1076.6843119922946,418.1753388680249,7.1818477165087975
491.0,2026-08-25 11:00,1017.2,15.4,0.9498636382858198,5.0,6.0,1.2205025622891872,1.2205025622891872,1.2170743293963817,6.555429491305479,0.47116546434073653,2.150358493364,0.033305278354599684,58.22903320892505,1076.7273363784211,418.20867790832307,7.182133290927148
492.0,2026-08-25 12:00,1017.1,15.3,0.955973912738645,6.0,7.0,1.2208049144061874,1.2208049144061874,1.2173757692133529,6.554617831562917,0.4710487969690623,2.1488927965626954,0.033301165850155474,58.23626328228067,1076.8610294383434,418.3122580630266,7.183020243510454
493.0,2026-08-25 13:00,1017.2,15.3,0.9498257601383098,6.0,7.0,1.2209743767633159,1.2209743767633159,1.2175447400944592,6.554162990790911,0.4709834248084781,2.1480715235256183,0.03329886193814065,58.24031684960107,1076.9359849459863,418.37031950355293,7.183517228863061
494.0,2026-08-25 14:00,1017.5,15.3,0.9437124192519574,6.0,7.0,1.2213851081565879,1.2213851081565879,1.2179551466583458,6.553058640538371,0.47082472053307556,2.1460777154413795,0.03329327005146384,58.250164723645014,1077.1180844005708,418.5113425966725,7.18472376142122
495.0,2026-08-25 15:00,1017.9,15.2,0.9497878394372199,6.0,7.0,1.2222919424313803,1.2222919424313803,1.2188614759339005,6.550621803579728,0.4704746214969673,2.1416794074140353,0.033280941105105585,58.271924135234045,1077.5204430177464,418.82277367275753,7.187385347028843
496.0,2026-08-25 16:00,1018.2,15.2,0.9436700084363895,5.0,6.0,1.2227025418159374,1.2227025418159374,1.2192717532420008,6.549519589246213,0.4703163097336348,2.1396905304744456,0.0332753690731113,58.281779463854235,1077.7026803167287,418.96375235125896,7.1885888901366854
497.0,2026-08-25 17:00,1018.3,15.2,0.9497878394372199,5.0,6.0,1.222775199418794,1.222775199418794,1.2193450599505606,6.549322708578078,0.47028803443915,2.139335306832329,0.03327437407693955,58.283540720282915,1077.7352481413793,418.98894185770746,7.188803848903737
498.0,2026-08-25 18:00,1018.5,15.3,0.9376337216158734,5.0,6.0,1.2226409717346718,1.2226409717346718,1.219211260541052,6.549682068559006,0.4703396450691888,2.1399836932172764,0.03327619027918398,58.280326153841145,1077.6758068047864,418.9429659688042,7.188411486629823
499.0,2026-08-25 19:00,1018.6,15.1,0.9497498761193929,6.0,7.0,1.2236101477361536,1.2236101477361536,1.2201788538433402,6.547084627469032,0.4699666690182303,2.135297980348217,0.0332630695614813,58.30358070054018,1078.105812332031,419.27544846878726,7.191246977132962
500.0,2026-08-25 20:00,1018.1,15.2,0.9497878394372199,6.0,7.0,1.222533570925087,1.222533570925087,1.2191032679422305,6.549972159457435,0.4703813094645978,2.140507124663472,0.03327765661416424,58.277731857515136,1077.6278350350533,418.90585776523255,7.188094738989281
501.0,2026-08-25 21:00,1017.9,15.3,0.9437124192519574,6.0,8.0,1.2218681976082109,1.2218681976082109,1.218438562912429,6.551758546536222,0.47063792053375036,2.143730939667093,0.03328669063686285,58.26176872139416,1077.332656769357,418.6774531353771,7.186143886868226
502.0,2026-08-25 22:00,1017.7,15.4,0.9376805162791556,7.0,9.0,1.2212032854754051,1.2212032854754051,1.2177743189974644,6.5535451552648984,0.4708946334320183,2.146956033953915,0.033295733174462896,58.245825283393806,1077.0378427464411,418.4492069528914,7.184192256130561
503.0,2026-08-25 23:00,1017.3,15.3,0.9437124192519574,8.0,10.0,1.221143563430776,1.221143563430776,1.2177134385313042,6.553708977837885,0.4709181761505994,2.1472518020579114,0.033296562697587045,58.24436443881275,1077.0108299109543,418.4282873273203,7.184013275085013
504.0,2026-08-26 00:00,1016.9,15.3,0.9437124192519574,9.0,10.0,1.220660473979153,1.220660473979153,1.217230022277221,6.555010233514129,0.47110519873181084,2.149601374137232,0.033303153875261074,58.23276730063646,1076.7963843842122,418.2621767886157,7.182591454554561
505.0,2026-08-26 01:00,1016.6,15.4,0.9437547826780753,8.0,10.0,1.2198268523614535,1.2198268523614535,1.2163975570814194,6.557252873901468,0.4714276086866996,2.153651823142879,0.03331452261204679,58.212807228280305,1076.4272977901612,417.97612674176804,7.180140361599182
506.0,2026-08-26 02:00,1016.5,15.4,0.9437547826780753,9.0,10.0,1.2197061218534646,1.2197061218534646,1.2162767449294534,6.557578530115343,0.47147443535188016,2.15424010838824,0.03331617444870572,58.20991163760276,1076.3737547126677,417.9346135086576,7.179784365772476
507.0,2026-08-26 03:00,1016.3,15.3,0.955973912738645,9.0,10.0,1.2198387355029405,1.2198387355029405,1.2164089367051865,6.557222201960924,0.471423198435625,2.1535964169843265,0.033314367046441015,58.21307998657994,1076.4323414307862,417.9800369856174,7.1801738901631
508.0,2026-08-26 04:00,1016.5,15.3,0.9498257601383098,9.0,10.0,1.220128970222975,1.220128970222975,1.2166987616498135,6.556441170612236,0.47131090260144726,2.152185639981363,0.03331040645399039,58.22002766011513,1076.5608125663575,418.0796260608199,7.181027609631904
509.0,2026-08-26 05:00,1017.1,15.4,0.9376805162791556,8.0,10.0,1.2204789024274718,1.2204789024274718,1.2170494460856676,6.555496505819826,0.4711750976031194,2.1504795164200448,0.03330561797093196,58.228436459049654,1076.7163017300952,418.2001275542286,7.182060054941307
510.0,2026-08-26 06:00,1017.2,15.3,0.9315894994293292,7.0,9.0,1.221118797939283,1.221118797939283,1.2176874611501998,6.553778883824935,0.47092822242381893,2.1473780137854206,0.03329691668870027,58.243741126042714,1076.9993040816278,418.4193610309184,7.183936899338858
511.0,2026-08-26 07:00,1017.1,15.2,0.937586874830723,7.0,8.0,1.2214214686232219,1.2214214686232219,1.2179892165881927,6.552966987916805,0.4708115504943097,2.145912259723854,0.033292806094684574,58.25098239377263,1077.133204139471,418.52304963869415,7.184823885192307
512.0,2026-08-26 08:00,1017.1,14.9,0.949673821380317,7.0,8.0,1.2227412231159267,1.2227412231159267,1.2193059058022915,6.549427863114183,0.470303136250223,2.139525031481697,0.03327490549611768,58.2825999953157,1077.7178529652551,418.9754877865907,7.1886890396149905
513.0,2026-08-26 09:00,1016.9,14.8,0.9496357298321729,7.0,9.0,1.2229713026254405,1.2229713026254405,1.219534425665476,6.548814209064298,0.4702150094978416,2.1384178916085586,0.033271804635554195,58.28809087852701,1077.8193862336038,419.054011330757,7.189359009957454
514.0,2026-08-26 10:00,1016.7,14.6,0.9557394875418255,7.0,8.0,1.223626364030672,1.223626364030672,1.2201870913170698,6.547062527772588,0.469963496276839,2.1352581210727233,0.03326295799401896,58.30377875321429,1078.1094745726093,419.27827901324497,7.191271097332266
515.0,2026-08-26 11:00,1016.5,14.7,0.9495975954134986,7.0,8.0,1.2229592241572538,1.2229592241572538,1.2195206248482977,6.548851264088254,0.4702203307291914,2.138484742448313,0.033271991853887566,58.28775924313373,1077.813253882198,419.0492691212084,7.189318556118148
516.0,2026-08-26 12:00,1016.5,14.4,0.9618968805991968,7.0,9.0,1.2242820680658588,1.2242820680658588,1.220840398567405,6.545310531444752,0.4697120051238014,2.132098627777606,0.03325411686131635,58.31949034961182,1078.4000015555778,419.5027671606255,7.193183010444772
517.0,2026-08-26 13:00,1016.4,14.2,0.9618387041847413,7.0,8.0,1.2251060855208038,1.2251060855208038,1.2216615491103116,6.543110417688021,0.46939628407299316,2.128132211738283,0.03324302443617859,58.33925022093677,1078.7653861832525,419.78492928878643,7.195583208543434
518.0,2026-08-26 14:00,1016.2,14.3,0.9556384506084391,7.0,8.0,1.2244375025160639,1.2244375025160639,1.2209936423338517,6.544899776024959,0.46965305278014075,2.1313580071542653,0.03325204508545119,58.323176959207466,1078.4681715579193,419.55542448106627,7.193631183268921
519.0,2026-08-26 15:00,1016.7,14.2,0.9618387041847413,7.0,9.0,1.2254697895898505,1.2254697895898505,1.2220255001619755,6.542135990700849,0.469256485622623,2.1263759182811275,0.033238115192199005,58.34801239035784,1078.927409607337,419.90998943052426,7.196645990633873
520.0,2026-08-26 16:00,1017.1,14.4,0.9618968805991968,7.0,9.0,1.2250089702688882,1.2250089702688882,1.2215677940485385,6.54336150401917,0.46943231013542186,2.128584808584407,0.033244289785389756,58.336993471341714,1078.72365607292,419.7527133595829,7.195309329161574
521.0,2026-08-26 17:00,1017.1,14.6,0.9619549249737559,7.0,9.0,1.2240634584436347,1.2240634584436347,1.2206250725096246,6.545887823274643,0.4697948653211162,2.1331396037112964,0.03325702927602928,58.31431098731832,1078.3042286969353,419.42877724582024,7.192553082502061
522.0,2026-08-26 18:00,1017.2,14.7,0.9557730904272964,7.0,8.0,1.2237592390315655,1.2237592390315655,1.2203217717610078,6.546701235514141,0.4699116288974495,2.1346065091355357,0.0332611342169358,58.30701704752777,1078.1693546670986,419.32455764145925,7.191665409665108
523.0,2026-08-26 19:00,1017.3,14.4,0.9681572466625047,7.0,8.0,1.225204336561666,1.225204336561666,1.2217638812462812,6.542836394001361,0.46935696851857006,2.1276382888742242,0.0332416436604257,58.3417136211705,1078.810937521235,419.8200924552898,7.195882095292953
524.0,2026-08-26 20:00,1016.9,14.4,0.9681572466625047,8.0,9.0,1.2247197350929797,1.2247197350929797,1.2212789509255255,6.544135239304193,0.46954333497082085,2.12997961797948,0.0332481899394155,58.33004188788883,1078.5951126381017,419.65346165598487,7.194465288788319
525.0,2026-08-26 21:00,1016.6,15.2,0.9497878394372199,7.0,8.0,1.2207213572222857,1.2207213572222857,1.2172898278797544,6.554849207297182,0.4710820532740722,2.1493105968369,0.033302338025312,58.234201786705306,1076.822909817984,418.28272707166985,7.18276741567981
526.0,2026-08-26 22:00,1016.2,15.8,0.9318447949241937,7.0,9.0,1.217558477002502,1.217558477002502,1.2141333225458184,6.563364329076528,0.4723067729867009,2.164696798990383,0.03334556299814834,58.15858645825504,1075.4246882315203,417.19809494146074,7.1734565839373765
527.0,2026-08-26 23:00,1015.6,16.0,0.9379601939655834,7.0,9.0,1.2158452161410018,1.2158452161410018,1.212422966782693,6.56799214136037,0.47297305252220373,2.173067295127799,0.03336912564944977,58.11769630770752,1074.6685784275815,416.61038587129707,7.1683912532514915
528.0,2026-08-27 00:00,1015.1,16.3,0.9320986819069368,7.0,8.0,1.2138831656828812,1.2138831656828812,1.2104641594462904,6.573304248496068,0.4737384308921218,2.1826827738385868,0.033396233877000116,58.07093760998836,1073.8039518783646,415.93730436210086,7.16257256177931
529.0,2026-08-27 01:00,1014.7,16.5,0.9321998446052612,7.0,8.0,1.2124627243777737,1.2124627243777737,1.2090462233656198,6.577157614054214,0.47429401826420114,2.1896626399521057,0.033415939168399265,58.03713773955349,1073.1789501832016,415.45007596582883,7.158348811586743
530.0,2026-08-27 02:00,1014.6,16.5,0.9442176725377058,7.0,8.0,1.2122401245212642,1.2122401245212642,1.2088247356869373,6.577760138393129,0.4743809210864359,2.1907544035424396,0.03341902348251703,58.03186168254292,1073.0813893188267,415.3739688070156,7.1576881520581646
531.0,2026-08-27 03:00,1014.4,16.1,0.9623860887912349,8.0,9.0,1.2137270176291848,1.2137270176291848,1.2103075748291956,6.573729448280572,0.47379972122223873,2.18345276667818,0.03339840655796257,58.06720307358156,1073.7348956496019,415.88349906515697,7.162106611853821
532.0,2026-08-27 04:00,1014.3,15.8,0.9809909979993502,9.0,11.0,1.2148665965086054,1.2148665965086054,1.211444599048441,6.5706437750877065,0.4733550275412198,2.1778660623882256,0.03338264898988255,58.09433215284151,1074.236546108835,416.2742010822772,7.1654873316573005
533.0,2026-08-27 05:00,1014.8,15.9,0.9747449339049651,8.0,9.0,1.2150489084987461,1.2150489084987461,1.211628142604496,6.570146079071157,0.47328332132874723,2.1769652144069394,0.03338010949015547,58.09871386183371,1074.3175693646226,416.33726995659515,7.166032469267724
534.0,2026-08-27 06:00,1015.0,16.1,0.9623860887912349,6.0,8.0,1.2144496476325768,1.2144496476325768,1.2110306923275302,6.571766538241725,0.4735168110769447,2.179898555341594,0.03338838002164706,58.08445347557188,1074.0538770642486,416.1319752721122,7.164257393712442
535.0,2026-08-27 07:00,1014.8,16.1,0.9562395715567671,6.0,8.0,1.2142598613797833,1.2142598613797833,1.2108401459443314,6.572283607769176,0.47359132703682333,2.180834702290591,0.03339102033919058,58.07990686671604,1073.969804604633,416.06650010015835,7.163690896663513
536.0,2026-08-27 08:00,1014.8,15.9,0.9623290221790394,6.0,8.0,1.2151508726918672,1.2151508726918672,1.2117289121770876,6.569872880762969,0.4732439622299209,2.176470744492822,0.03337871573792311,58.101119804061746,1074.362058232528,416.3718961981558,7.1663316920967155
537.0,2026-08-27 09:00,1014.9,15.7,0.9684715417549177,7.0,8.0,1.216163436838323,1.216163436838323,1.2127393122091672,6.567135448677795,0.47284967657445914,2.1715173182201837,0.033364760013259304,58.1252549371904,1074.8083468994462,416.7190878621063,7.169329206597184
538.0,2026-08-27 10:00,1014.7,15.5,0.9746676898499556,7.0,9.0,1.2168150531314224,1.2168150531314224,1.2133885193370628,6.565378385090742,0.4725966847457388,2.1683389718771533,0.0333558115042045,58.14077303853778,1075.095295917979,416.94216713351,7.171252553817023
539.0,2026-08-27 11:00,1014.8,15.2,0.9809033895981175,7.0,8.0,1.2183017740276518,1.2183017740276518,1.2148716586116992,6.5613695895214015,0.4720197293947429,2.1610906589999948,0.0333354220788383,58.176256016426514,1075.7514203659298,417.45180052254653,7.175638810525651
540.0,2026-08-27 12:00,1014.7,15.0,0.9935885596862608,7.0,9.0,1.2190264784063618,1.2190264784063618,1.2155946197026553,6.559418149315803,0.4717390010228129,2.1575638573684097,0.03332551023201163,58.19356803971357,1076.0715412350899,417.70022298510713,7.177773026394466
541.0,2026-08-27 13:00,1014.8,14.9,0.9935836040201421,7.0,9.0,1.2196202119839226,1.2196202119839226,1.2161870183279722,6.5578204248135235,0.47150921931037654,2.1546771006335717,0.03331740157839037,58.20776128194074,1076.333991958649,417.9037818310251,7.179519923585894
542.0,2026-08-27 14:00,1014.4,14.8,0.9935786426123593,8.0,9.0,1.219609167370827,1.219609167370827,1.2161742306330936,6.557854901446933,0.4715141770835945,2.154739385334451,0.03331757648910638,58.207454829493635,1076.3283252712783,417.8993877485608,7.179482232520013
543.0,2026-08-27 15:00,1015.0,14.8,0.9935786426123593,7.0,9.0,1.2203350598121574,1.2203350598121574,1.2169006149825614,6.55589737337404,0.47123272392746246,2.151203478210291,0.03330764970608123,58.22486745507804,1076.650306402196,418.1489865044518,7.181621956066526
544.0,2026-08-27 16:00,1015.5,14.9,0.9872034486042288,7.0,9.0,1.2205161062777703,1.2205161062777703,1.2170829037484414,6.55540639975634,0.47116214497887776,2.1503167920897797,0.0333051613335989,58.22923884126874,1076.7311387765287,418.21162421024746,7.182158526067644
545.0,2026-08-27 17:00,1015.7,14.8,0.9935786426123593,7.0,9.0,1.2211819343270431,1.2211819343270431,1.217748063390274,6.55361580468123,0.47090478629113186,2.147083584724223,0.03329609090339913,58.24519526352779,1077.0261928945577,418.4401850529914,7.184115070089085
546.0,2026-08-27 18:00,1016.0,14.9,0.9872034486042288,7.0,9.0,1.2211208066436823,1.2211208066436823,1.2176880137531345,6.553777396728974,0.4709280087103596,2.1473753288947846,0.0332969091582008,58.243754385304385,1076.9995492618878,418.4195509152477,7.183938524073238
547.0,2026-08-27 19:00,1016.6,15.1,0.9745900924334778,6.0,7.0,1.2209986785158498,1.2209986785158498,1.217568039812118,6.554100279356,0.4709744119398242,2.14795829450051,0.03329854432256005,58.24087584761336,1076.946321515351,418.37832570652876,7.183585748284611
548.0,2026-08-27 20:00,1016.5,15.4,0.9560072511499943,5.0,6.0,1.2196084986799984,1.2196084986799984,1.2161802700601754,6.557838618607688,0.47151183559231996,2.1547099690870284,0.03331749388083981,58.207599561762095,1076.3310015511565,417.9014630045695,7.179500033516217
549.0,2026-08-27 21:00,1016.3,15.6,0.9499392671721532,5.0,7.0,1.2184732602014603,1.2184732602014603,1.2150471060518213,6.560895856012795,0.47195157182883707,2.1602343928057763,0.033333015056304476,58.18045633402114,1075.8290894688905,417.51208742549375,7.176156973202576
550.0,2026-08-27 22:00,1016.3,15.7,0.9499770180367135,6.0,7.0,1.218001967672066,1.218001967672066,1.2145772227907565,6.562164839562895,0.4721341556444021,2.1625282004968507,0.03333946388741807,58.1692084089229,1075.6211013268348,417.3506270671287,7.174768893762511
551.0,2026-08-27 23:00,1016.4,15.7,0.9438815893172254,5.0,6.0,1.2181720293275122,1.2181720293275122,1.214746785564836,6.561706827358355,0.4720682518872405,2.161700248990962,0.03333713588959077,58.17326684993559,1075.6961469551172,417.40889189274986,7.175269921998751
552.0,2026-08-28 00:00,1016.4,15.9,0.9379137104349758,5.0,7.0,1.2172797272103666,1.2172797272103666,1.2138567193167153,6.564112087987419,0.4724143981919302,2.166048898697274,0.03334936686173043,58.15196967333822,1075.3023356385565,417.1030490860399,7.172638371994392
553.0,2026-08-28 01:00,1016.0,16.1,0.9319972954802321,5.0,6.0,1.2159066254087862,1.2159066254087862,1.2124855278621842,6.567822693573366,0.4729486483507262,2.172760704557018,0.03336826202177707,58.11919095941326,1074.6962163989035,416.63188298590273,7.168576783473326
554.0,2026-08-28 02:00,1015.7,16.0,0.9440079719569844,5.0,7.0,1.2159157287469717,1.2159157287469717,1.21249414565234,6.567799353164455,0.4729452868728826,2.172718474178016,0.03336814306752059,58.11939685380235,1074.7000236425572,416.6348442139398,7.168602338767772
555.0,2026-08-28 03:00,1014.8,15.9,0.9500523929221,6.0,8.0,1.215251693044336,1.215251693044336,1.2118285513103544,6.569602780716496,0.47320505109998484,2.175981902429579,0.033377337962739284,58.10349895462865,1074.4060516892553,416.40613400038774,7.16662750939573
556.0,2026-08-28 04:00,1014.7,15.9,0.9500523929221,8.0,9.0,1.215131171376527,1.215131171376527,1.2117079482808752,6.569929713573911,0.4732521498772177,2.1765736062294065,0.033379005662647704,58.10061926013114,1074.3528025519258,416.3646926255333,7.1662694464815155
557.0,2026-08-28 05:00,1015.4,15.9,0.9500523929221,7.0,8.0,1.2159748230511898,1.2159748230511898,1.212552169487229,6.5676422079817645,0.4729226551874776,2.172434151419817,0.03336734221103552,58.120783185121844,1074.7256586350466,416.65478224951414,7.1687743938758945
558.0,2026-08-28 06:00,1015.0,15.6,0.9499392671721532,8.0,9.0,1.2169048506948197,1.2169048506948197,1.2134776366437623,6.565137301298161,0.47256197743640915,2.1679029425783325,0.03335458425443778,58.14290387489981,1075.1346977358337,416.9727894464725,7.171516413140124
559.0,2026-08-28 07:00,1014.7,15.5,0.9560405520042893,8.0,10.0,1.216964369561367,1.216964369561367,1.2135360808078135,6.5649792101678965,0.4725392187478374,2.1676170242743305,0.03335377955659202,58.144301387412845,1075.1605394825153,416.9928719147237,7.171689434125609
560.0,2026-08-28 08:00,1014.7,15.7,0.9499770180367135,7.0,9.0,1.2160722857981416,1.2160722857981416,1.2126462373261602,6.567387469265744,0.4728859694577192,2.171973267146958,0.03336604411230459,58.123030837665304,1074.7672205295664,416.6871056545872,7.169053293493474
561.0,2026-08-28 09:00,1014.6,15.8,0.9500147265991685,7.0,8.0,1.215481143334033,1.215481143334033,1.2120564252908435,6.568985189045645,0.4731160856720297,2.17486422624206,0.03337418827785999,58.10894079590514,1074.5066781111573,416.48443560761774,7.1673038589780464
562.0,2026-08-28 10:00,1014.2,15.8,0.9439237638824047,7.0,9.0,1.2150486098369693,1.2150486098369693,1.2116229831363847,6.570160067920645,0.47328533671656825,2.1769905338037874,0.033380180860541044,58.098590681445664,1074.315291605852,416.33549707035036,7.166017147526283
563.0,2026-08-28 11:00,1014.1,15.6,0.9560738153574602,7.0,8.0,1.2157695550625525,1.2157695550625525,1.2123421882508634,6.568210950839237,0.47300456678372826,2.1734632100408477,0.033370240958661514,58.11576653622134,1074.6328945496666,416.58262891169016,7.168151669341746
564.0,2026-08-28 12:00,1014.1,15.5,0.9560405520042893,6.0,7.0,1.216240237468933,1.216240237468933,1.2128114591909889,6.566940114916425,0.4728215479838512,2.1711639376246694,0.0333637648474667,58.12697906571945,1074.8402281829976,416.7438788655429,7.169543051503923
565.0,2026-08-28 13:00,1014.1,15.5,0.9560405520042893,6.0,8.0,1.216240237468933,1.216240237468933,1.2128114591909889,6.566940114916425,0.4728215479838512,2.1711639376246694,0.0333637648474667,58.12697906571945,1074.8402281829976,416.7438788655429,7.169543051503923
566.0,2026-08-28 14:00,1014.8,15.3,0.955973912738645,7.0,8.0,1.2180271500593531,1.2180271500593531,1.2145961257523745,6.562113775332532,0.47212680774197313,2.1624358885082295,0.0333392043125096,58.169660818320246,1075.6294669399751,417.3571224654752,7.1748247556229625
567.0,2026-08-28 15:00,1016.7,15.3,0.9621570461815836,4.0,5.0,1.220272857931267,1.220272857931267,1.216843962373785,6.556049983066712,0.4712546631111021,2.1514791010414425,0.0333084232826436,58.223509026687644,1076.6251873696128,418.12951964688676,7.18145516539085
568.0,2026-08-28 16:00,1016.7,15.6,0.9560738153574602,5.0,6.0,1.2189063740758337,1.2189063740758337,1.215481127066981,6.5597243771381795,0.4717830485208646,2.158117227827291,0.03332706505370596,58.190849664526716,1076.0212750927049,417.6612248697321,7.177438158706581
569.0,2026-08-28 17:00,1016.6,15.5,0.9622145012619474,6.0,7.0,1.2192079637149378,1.2192079637149378,1.2157818068017103,6.558913171484882,0.4716663700172998,2.1566513911756044,0.033322946765230746,58.19805209812647,1076.1544570591213,417.7645438464764,7.1783251979308975
570.0,2026-08-28 18:00,1016.9,15.4,0.9560072511499943,7.0,9.0,1.220091420711954,1.220091420711954,1.21666351866804,6.556536129842877,0.4713245550216072,2.1523571558754067,0.033310887914543216,58.21918272851939,1076.5451887289628,418.0675159370114,7.18092381829702
571.0,2026-08-28 19:00,1017.6,15.5,0.9499014739427925,6.0,8.0,1.2205135526173416,1.2205135526173416,1.2170870515039804,6.55539522954204,0.47116053928814744,2.150296619733674,0.03330510472676838,58.229338314339316,1076.7329781574772,418.213049453816,7.1821707331822555
572.0,2026-08-28 20:00,1017.7,15.6,0.9499392671721532,7.0,8.0,1.220162316593227,1.220162316593227,1.2167373038758846,6.556337326570379,0.4712959730260163,2.151998079135172,0.03330987996977687,58.22095171722748,1076.5778995330888,418.0928698644394,7.181141110421362
573.0,2026-08-28 21:00,1017.4,15.5,0.9499014739427925,7.0,9.0,1.2202721752531969,1.2202721752531969,1.216845510965039,6.556045811360113,0.47125406337938347,2.151471566588159,0.03330840213559852,58.22354615830356,1076.625873979431,418.1300517707556,7.181459724797677
574.0,2026-08-28 22:00,1017.1,15.4,0.9498636382858198,7.0,9.0,1.2203818317811983,1.2203818317811983,1.2169535172444157,6.555754875914654,0.4712122389404829,2.150946124509254,0.033306927437068826,58.226136013684595,1076.6737636305613,418.16716467521263,7.18177769132633
575.0,2026-08-28 23:00,1016.3,15.3,0.9498257601383098,9.0,10.0,1.2198874254971632,1.2198874254971632,1.216457053522772,6.557092515596854,0.47140455134571835,2.153362152856853,0.03331370931180226,58.21423332710139,1076.4536681332772,417.99657079146766,7.18031565309426
576.0,2026-08-29 00:00,1016.0,15.4,0.9437547826780753,9.0,11.0,1.2191024693135204,1.2191024693135204,1.2156726841696228,6.559207539293541,0.47170870828518524,2.157183288508355,0.03332444102043942,58.19543798666372,1076.1061188828344,417.72704734310514,7.178003324570441
577.0,2026-08-29 01:00,1016.1,15.5,0.93772725889692,7.0,9.0,1.218800811739118,1.218800811739118,1.215371939818887,6.560019028571128,0.47182543282403777,2.1586497035031806,0.0333285613037495,58.18823465124609,1075.9729202406822,417.6237061631363,7.17711593531207
578.0,2026-08-29 02:00,1016.1,15.5,0.93772725889692,8.0,9.0,1.218800811739118,1.218800811739118,1.215371939818887,6.560019028571128,0.47182543282403777,2.1586497035031806,0.0333285613037495,58.18823465124609,1075.9729202406822,417.6237061631363,7.17711593531207
579.0,2026-08-29 03:00,1015.6,15.5,0.93772725889692,8.0,10.0,1.2181973683287564,1.2181973683287564,1.214768088471533,6.561649292079613,0.47205997341333256,2.1615962461960723,0.03333684348205659,58.17377676957361,1075.705576004225,417.4162119554857,7.175332858460811
580.0,2026-08-29 04:00,1015.5,15.5,0.93772725889692,8.0,9.0,1.218076679646684,1.218076679646684,1.2146473182020623,6.561975490657689,0.4721069095151468,2.1621859062981867,0.03333850140015856,58.17088605565421,1075.6521231040624,417.3747131139556,7.174976030357144
581.0,2026-08-29 05:00,1015.6,15.4,0.9437547826780753,8.0,10.0,1.2186195472815649,1.2186195472815649,1.2151894355617583,6.56051162109049,0.4718962943272668,2.159539939368856,0.033331063155708204,58.18386423398384,1075.8921057830428,417.5609944106633,7.176577216175608
582.0,2026-08-29 06:00,1015.6,15.4,0.9437547826780753,8.0,9.0,1.2186195472815649,1.2186195472815649,1.2151894355617583,6.56051162109049,0.4718962943272668,2.159539939368856,0.033331063155708204,58.18386423398384,1075.8921057830428,417.5609944106633,7.176577216175608
583.0,2026-08-29 07:00,1015.6,15.3,0.9498257601383098,7.0,9.0,1.2190420189568225,1.2190420189568225,1.2156110750781264,6.559373752692569,0.47173261522842075,2.1574836323810795,0.03332528483349,58.19396219984545,1076.078829746774,417.7058773487347,7.1778215738993625
584.0,2026-08-29 08:00,1015.9,15.0,0.9558736716014231,7.0,9.0,1.2207705424493533,1.2207705424493533,1.2173362053981842,6.554724344283162,0.4710641062052915,2.149085127102498,0.03330170544000238,58.23531423749262,1076.8434804183712,418.2986632229785,7.182903856534403
585.0,2026-08-29 09:00,1015.8,15.6,0.9377739495453784,7.0,9.0,1.2179681361573067,1.2179681361573067,1.2145404221478544,6.562264255791142,0.4721484613357953,2.162707923463217,0.033339969267521405,58.168327669977955,1075.6048153669628,417.337981702879,7.174660135850475
586.0,2026-08-29 10:00,1015.8,15.7,0.9258012054176329,8.0,9.0,1.2175950976086407,1.2175950976086407,1.214167643536404,6.563271564803637,0.47229342224687887,2.1645290731183473,0.03334509119519366,58.159407575798774,1075.4398717174377,417.2098882524777,7.173558081875762
587.0,2026-08-29 11:00,1015.7,15.7,0.9198424931998366,8.0,9.0,1.2175228397518587,1.2175228397518587,1.2140947368664237,6.563468624833653,0.4723217835762085,2.164885377619621,0.0333460934746022,58.157663337319555,1075.407618575865,417.184836206496,7.173342467127458
588.0,2026-08-29 12:00,1015.7,15.6,0.9257458920627266,7.0,9.0,1.217944492683374,1.217944492683374,1.2145155579378486,6.562331428533562,0.47215812741081575,2.1628293587457246,0.03334031075161128,58.16773261728911,1075.5938121017296,417.32943791213205,7.1745866502640645
589.0,2026-08-29 13:00,1015.7,15.6,0.9257458920627266,7.0,8.0,1.217944492683374,1.217944492683374,1.2145155579378486,6.562331428533562,0.47215812741081575,2.1628293587457246,0.03334031075161128,58.16773261728911,1075.5938121017296,417.32943791213205,7.1745866502640645
590.0,2026-08-29 14:00,1015.8,15.4,0.9316406717021116,7.0,8.0,1.2189575290892427,1.2189575290892427,1.2155264453200991,6.559602093488277,0.47176545911860024,2.1578962514714704,0.033326444152353106,58.191935096755365,1076.0413460862962,417.67679703838604,7.177571880775531
591.0,2026-08-29 15:00,1016.3,15.4,0.9256350822187421,7.0,8.0,1.219609031962795,1.219609031962795,1.2161777935682978,6.55784529543812,0.47151279572762034,2.154722031304754,0.03331752775454992,58.20754021361435,1076.3299041299988,417.90061203732057,7.179492734166018
592.0,2026-08-29 16:00,1016.7,15.4,0.9196635817576888,7.0,8.0,1.2201395327195355,1.2201395327195355,1.2167080612505383,6.556416114313396,0.47130730025561673,2.152140383568321,0.033310279417490846,58.22025061712179,1076.564935319058,418.0828215712586,7.18105499615122
593.0,2026-08-29 17:00,1017.1,15.3,0.9196038135053711,6.0,7.0,1.2210929456306325,1.2210929456306325,1.217660409745905,6.553851682421399,0.470938684511308,2.147509449404031,0.03329728533949824,58.243092056726084,1076.9873019816803,418.4100656807887,7.183857362402336
594.0,2026-08-29 18:00,1017.3,15.5,0.9137899224009894,5.0,7.0,1.2204409592749113,1.2204409592749113,1.2170108111429307,6.555600559629272,0.47119005541840603,2.150667432044658,0.03330614531574298,58.22750994252257,1076.6991692857227,418.1868518914915,7.181946339527334
595.0,2026-08-29 19:00,1017.5,15.7,0.8963436819464147,5.0,7.0,1.2198843943897413,1.2198843943897413,1.216455520683382,6.557096646847998,0.471405145356311,2.1533696154354054,0.03331373026380407,58.21419658486441,1076.4529887235606,417.9960440802232,7.18031113717889
596.0,2026-08-29 20:00,1017.0,15.7,0.9021683049424041,6.0,7.0,1.2192341095048036,1.2192341095048036,1.2158053829982856,6.558849577846432,0.471657223735162,2.1565364860716256,0.03332262398079626,58.198616913710964,1076.1649012026412,417.7726450525915,7.178394731819972
597.0,2026-08-29 21:00,1016.6,15.8,0.9022402626415142,6.0,7.0,1.2182823898152106,1.2182823898152106,1.214854727487012,6.561415311440683,0.47202630781495425,2.161173303953104,0.03333565441781806,58.175850707183066,1075.7439256932887,417.4459826829126,7.1755887985900975
598.0,2026-08-29 22:00,1016.5,16.0,0.8907919299106308,6.0,7.0,1.21731924519808,1.21731924519808,1.2138931653395444,6.564013546541772,0.47240021438528806,2.165870706973852,0.03334886550517656,58.152841433147486,1075.3184555630285,417.11557259644024,7.172746203226481
599.0,2026-08-29 23:00,1016.1,16.2,0.8795061866317074,6.0,8.0,1.2159962419101578,1.2159962419101578,1.2125714999721704,6.5675898579905345,0.47291511598317937,2.1723394360982513,0.033367075433376026,58.12124505250508,1074.7341991381238,416.66142455258097,7.168831709922609
600.0,2026-08-30 00:00,1015.6,16.3,0.8682855939899489,7.0,8.0,1.215021791319191,1.215021791319191,1.21159692087319,6.570230731817666,0.4732955174019094,2.177118434156092,0.033380541391051614,58.09796846266053,1074.3037860056686,416.3265416069323,7.165939750105113
601.0,2026-08-30 01:00,1015.3,16.5,0.8628768798054895,7.0,8.0,1.213774618650311,1.213774618650311,1.210351720983835,6.5736095626646724,0.4737824399349909,2.1832356611834896,0.03339779392514396,58.06825590800718,1073.7543638692214,415.898668479646,7.162237990039179
602.0,2026-08-30 02:00,1015.4,16.4,0.8572080429268668,6.0,8.0,1.2144086850968494,1.2144086850968494,1.2109839340482613,6.5718934109112555,0.47353509441718433,2.1801282496676238,0.033389027815192325,58.08333771387265,1074.0332452409768,416.1159082845158,7.164118397161782
603.0,2026-08-30 03:00,1015.2,16.3,0.8682855939899489,7.0,9.0,1.2145403708585907,1.2145403708585907,1.2111151758650804,6.5715373214922135,0.47348378005224423,2.1794835852728203,0.03338720976911447,58.08646956032448,1074.0911569819452,416.1610053384693,7.164508507549663
604.0,2026-08-30 04:00,1015.0,16.3,0.88529599323067,8.0,9.0,1.214156554658017,1.214156554658017,1.210732868731227,6.572574770531071,0.4736332896852547,2.181361880701294,0.03339250738093198,58.077347453524155,1073.92247786749,416.02963771601435,7.163371881764023
605.0,2026-08-30 05:00,1015.3,16.0,0.8965714544218653,8.0,11.0,1.2158257343188656,1.2158257343188656,1.2123992378077697,6.568056415138094,0.472982309510622,2.1731835910391553,0.03336945325228863,58.11712941719104,1074.6580959159858,416.60223216778775,7.1683208779502605
606.0,2026-08-30 06:00,1015.0,16.0,0.8680003013960926,9.0,11.0,1.2157003522432468,1.2157003522432468,1.212270848332796,6.568404211585475,0.473032402235753,2.1738129079247552,0.03337122613433424,58.114062357618415,1074.6013821650927,416.5581152299072,7.167940053244253
607.0,2026-08-30 07:00,1014.8,16.3,0.8351253906132168,9.0,11.0,1.2143379222793407,1.2143379222793407,1.2109091446143179,6.572096357846331,0.47356434138572967,2.1804956804893663,0.033390064110970286,58.081553153849796,1074.00024650385,416.0902092868987,7.163896051208114
608.0,2026-08-30 08:00,1014.7,16.0,0.8623832204065863,9.0,11.0,1.2153853212002739,1.2153853212002739,1.2119550300736166,6.569259972240201,0.47315566775807244,2.1753614975533906,0.03337558954793602,58.106519257083015,1074.461900842805,416.4495943832829,7.167002940595498
609.0,2026-08-30 09:00,1014.6,15.8,0.8848775765585991,9.0,11.0,1.2160128523970997,1.2160128523970997,1.212581899870926,6.567561693948151,0.47291105995255023,2.172288480025154,0.03336693191092325,58.12149354256022,1074.738794028687,416.6649981452564,7.168862545490989
610.0,2026-08-30 10:00,1014.3,15.4,0.9137260049025345,9.0,11.0,1.217289308961742,1.217289308961742,1.2138553215662105,6.564115867263326,0.47241494217559266,2.1660557327855248,0.03334938609027976,58.15193624078316,1075.30171742898,417.1025687937712,7.172634236403095
611.0,2026-08-30 11:00,1014.2,15.3,0.925579585552664,9.0,11.0,1.2175432222715104,1.2175432222715104,1.2141088741749857,6.5634304116003594,0.472316283773895,2.164816283385791,0.03334589910881789,58.158001553829315,1075.4138726203098,417.1896940405494,7.173384278935566
612.0,2026-08-30 12:00,1014.3,15.4,0.9196635817576888,9.0,11.0,1.2172420005278024,1.2172420005278024,1.2138085696033516,6.564242280255422,0.4724331380644533,2.1662843284564244,0.0333500292851223,58.150818010829994,1075.2810399646196,417.08650397660716,7.172495903650557
613.0,2026-08-30 13:00,1014.4,15.4,0.9137260049025345,8.0,10.0,1.217410039469731,1.217410039469731,1.2139761337181765,6.5637892361737,0.47236792851181464,2.1654650982693937,0.033347724349029634,58.15482606850072,1075.355153942167,417.1440820268816,7.172991653960525
614.0,2026-08-30 14:00,1014.7,15.3,0.9077540322611792,8.0,9.0,1.2182882526846741,1.2182882526846741,1.2148526512602063,6.56142091828548,0.47202711452486457,2.1611834386815905,0.03333568290970786,58.17580100538559,1075.74300664516,417.4452692539572,7.1755826656398325
615.0,2026-08-30 15:00,1015.3,15.1,0.9076175000802935,7.0,8.0,1.219951531675701,1.219951531675701,1.2165136512740167,6.556939980930553,0.47138261946069204,2.153086621718469,0.033312935746614085,58.215590010333656,1076.4787548957133,418.016018798996,7.180482388391072
616.0,2026-08-30 16:00,1015.5,15.1,0.8958859202426598,6.0,7.0,1.2202850300675305,1.2202850300675305,1.2168462310744084,6.556043871480369,0.4712537844990634,2.151468063003676,0.03330839230205292,58.22356342486714,1076.6261932596935,418.13029921331525,7.181461844960401
617.0,2026-08-30 17:00,1015.5,15.1,0.9017349175943783,6.0,7.0,1.220239268413934,1.220239268413934,1.2168010089815104,6.556165697180804,0.47127129852334815,2.1516880923829595,0.03330900987200488,58.22247912300887,1076.606143168058,418.1147600870464,7.181328696149803
618.0,2026-08-30 18:00,1015.6,15.1,0.9017349175943783,6.0,7.0,1.2203601245737958,1.2203601245737958,1.2169219469554398,6.555839912483393,0.47122446347681385,2.1510997018423206,0.03330735845156753,58.22537897400876,1076.659765024217,418.15631655485146,7.181684755396995
619.0,2026-08-30 19:00,1015.5,15.2,0.9076858033599216,5.0,6.0,1.2197238076285788,1.2197238076285788,1.2162874745453063,6.557549605845711,0.47147027618747067,2.154187856641384,0.03331602772522876,58.210168790328844,1076.3785097868042,417.93830039807096,7.1798159854762025
620.0,2026-08-30 20:00,1015.3,15.2,0.9076858033599216,5.0,6.0,1.2194821791348718,1.2194821791348718,1.216045682536976,6.5582015074573485,0.4715640208112002,2.1553655740543003,0.033319335082801216,58.20437439973434,1076.271364288984,417.8552163055959,7.179103299622495
621.0,2026-08-30 21:00,1015.2,15.1,0.9135338323667065,5.0,6.0,1.2197843870440939,1.2197843870440939,1.2163469706005816,6.557389226811493,0.47144721482234153,2.153898135799828,0.033315214209420144,58.21159475126781,1076.404877580308,417.9587443151075,7.179991307590909
622.0,2026-08-30 22:00,1014.8,14.9,0.9193640824477936,4.0,6.0,1.2201938728176358,1.2201938728176358,1.2167539045539897,6.556292601003303,0.4712895429396109,2.1519172977055296,0.03330965322104666,58.22134973058552,1076.5852592957233,418.09857415667125,7.181189994587687
623.0,2026-08-30 23:00,1014.1,14.9,0.9193640824477936,6.0,7.0,1.219347292305359,1.219347292305359,1.2159067505474195,6.558576173506832,0.47161790267967824,2.1560424940975245,0.03332123635986477,58.20104550338573,1076.2098088500388,417.80747676967087,7.178693667029844
624.0,2026-08-31 00:00,1013.9,14.8,0.9253011812271773,5.0,7.0,1.2195287861517563,1.2195287861517563,1.2160872401721163,6.5580894490190715,0.4715479059430601,2.15516312232896,0.03331876649532957,58.20537022008067,1076.289778247278,417.86949625812576,7.179225811606678
625.0,2026-08-31 01:00,1013.6,15.1,0.9135338323667065,6.0,7.0,1.2178506884863036,1.2178506884863036,1.2144119630177137,6.562611321075602,0.4721984046684431,2.1633353635251464,0.033341733745957024,58.1652535048851,1075.5479702261523,417.2938408302274,7.174280445544355
626.0,2026-08-31 02:00,1013.5,15.2,0.9135979599857126,6.0,8.0,1.2172609850179714,1.2172609850179714,1.2138235650632632,6.564201733120397,0.47242730167077407,2.1662110056119643,0.0333498229754747,58.1511766728286,1075.287672071614,417.0916566869329,7.172540274353913
627.0,2026-08-31 03:00,1013.2,15.3,0.9136620174641863,6.0,7.0,1.2164298792408363,1.2164298792408363,1.2129936030935853,6.56644704842217,0.47275054879493394,2.1702719720082517,0.033361253219395766,58.13133229841201,1074.9207248765435,416.8064667937032,7.170082816166406
628.0,2026-08-31 04:00,1013.5,15.3,0.9136620174641863,4.0,6.0,1.2167921963295538,1.2167921963295538,1.2133561652841478,6.5654659171731415,0.472609286501582,2.168497288233862,0.033356257124344146,58.13999947692052,1075.0809918003633,416.93104969773157,7.171156750065643
629.0,2026-08-31 05:00,1013.6,15.5,0.9020241555358138,5.0,6.0,1.2160697932421272,1.2160697932421272,1.212635517862532,6.567416496419614,0.4728901496783009,2.172025783423338,0.03336619202138465,58.12277469844747,1074.7624841964596,416.6834222536614,7.1690215137783415
630.0,2026-08-31 06:00,1013.6,15.5,0.9020241555358138,5.0,6.0,1.2160697932421272,1.2160697932421272,1.212635517862532,6.567416496419614,0.4728901496783009,2.172025783423338,0.03336619202138465,58.12277469844747,1074.7624841964596,416.6834222536614,7.1690215137783415
631.0,2026-08-31 07:00,1013.5,15.5,0.8961914238891036,5.0,6.0,1.2159958601418048,1.2159958601418048,1.2125609536429343,6.567618418952405,0.472919229193735,2.1723911105250258,0.033367220980394914,58.12099306590189,1074.729539592033,416.657800643753,7.16880043965036
632.0,2026-08-31 08:00,1013.4,15.5,0.8961914238891036,5.0,7.0,1.2158751714597325,1.2158751714597325,1.2124401833734635,6.567945508612684,0.4729663363281989,2.172982919317077,0.03336888796879489,58.11810762290072,1074.6761841577127,416.6163018022229,7.168442312427605
633.0,2026-08-31 09:00,1013.3,15.5,0.8846254520706516,6.0,7.0,1.215847196410591,1.215847196410591,1.2124110370467762,6.5680244547493984,0.47297770642540976,2.1731257622977096,0.03336929034928672,58.117411302253274,1074.6633083218164,416.60628659899714,7.168355872431037
634.0,2026-08-31 10:00,1013.1,15.5,0.8788918889887527,6.0,7.0,1.2156517796860973,1.2156517796860973,1.2122149169587926,6.568555742320583,0.4730542278640595,2.1740871041557686,0.03337199864583347,58.11272633122634,1074.5766773733558,416.5388962016107,7.167774126229341
635.0,2026-08-31 11:00,1013.3,15.5,0.8846254520706516,6.0,7.0,1.215847196410591,1.215847196410591,1.2124110370467762,6.5680244547493984,0.47297770642540976,2.1731257622977096,0.03336929034928672,58.117411302253274,1074.6633083218164,416.60628659899714,7.168355872431037
636.0,2026-08-31 12:00,1013.4,15.5,0.8846254520706516,6.0,8.0,1.2159678850926634,1.2159678850926634,1.212531807316247,6.567697353294797,0.4729305970261231,2.1725339250526003,0.03336762324066678,58.12029667545668,1074.7166624654894,416.64778544052723,7.168714016844847
637.0,2026-08-31 13:00,1013.6,15.4,0.8903116480292114,6.0,7.0,1.2166307524108742,1.2166307524108742,1.2131939991085425,6.565904701457782,0.47267245961371723,2.169290934538363,0.03335849121522931,58.136122515000295,1075.0093019464955,416.87532647667337,7.170676482063473
638.0,2026-08-31 14:00,1013.6,15.2,0.9135979599857126,5.0,6.0,1.2173817992648248,1.2173817992648248,1.2139444610674284,6.563874862516062,0.472380252917835,2.1656199302693158,0.03334815995051792,58.15406843052971,1075.3411442725999,417.13319873317045,7.172897958660858
639.0,2026-08-31 15:00,1014.2,15.2,0.9135979599857126,5.0,6.0,1.2181066847459454,1.2181066847459454,1.214669837092419,6.561914663802948,0.4720981570760828,2.1620759490603096,0.033338192226336244,58.171425037932906,1075.662089557588,417.3824510105956,7.175042570100791
640.0,2026-08-31 16:00,1014.7,15.3,0.9196038135053711,4.0,5.0,1.2181944089208923,1.2181944089208923,1.2147599122214057,6.561671374466036,0.4720631507328827,2.1616361629871554,0.033336955708919355,58.173581056701856,1075.7019570295058,417.41340244856127,7.175308703132921
641.0,2026-08-31 17:00,1015.0,15.3,0.925579585552664,4.0,5.0,1.218509401174757,1.218509401174757,1.2150757066831521,6.560818639890883,0.4719404629630786,2.160094831686205,0.03333262277344462,58.18114110789645,1075.8417517905907,417.5219151179586,7.176241427504277
642.0,2026-08-31 18:00,1015.3,15.5,0.9197232843946157,4.0,5.0,1.2179796233918676,1.2179796233918676,1.2145484025247033,6.562242696573057,0.47214535901180205,2.162668948844279,0.033339859669783076,58.16851865971738,1075.6083470050835,417.3407239042142,7.174683721028455
643.0,2026-08-31 19:00,1015.5,15.8,0.9080940647897694,2.0,3.0,1.2169084085636284,1.2169084085636284,1.2134804109232213,6.56512979662985,0.47256089705721616,2.167889369731832,0.03335454605369753,58.14297021173694,1075.135924386561,416.97374273890233,7.171524626630282
644.0,2026-08-31 20:00,1015.5,16.2,0.8852124883984177,2.0,3.0,1.2152261436131344,1.2152261436131344,1.2118014722591899,6.569676182845506,0.4732156253929554,2.1761147476900886,0.0333777123687837,58.102852350406046,1074.3940951719658,416.3968291502952,7.166547119564695
645.0,2026-08-31 21:00,1015.2,16.3,0.88529599323067,3.0,3.0,1.2143972648883172,1.2143972648883172,1.210973741235282,6.5719210687940075,0.47353908018045254,2.180178322969089,0.03338916903733208,58.08309449533664,1074.0287478273672,416.11240585024586,7.1640880959545745
646.0,2026-08-31 22:00,1015.0,16.4,0.8968740086034812,3.0,3.0,1.2135917129093792,1.2135917129093792,1.2101705553020592,6.574101587481172,0.4738533663993378,2.1841267131582556,0.03340030845656,58.063935564735246,1073.6744753420198,415.8364166857926,7.16169878326932
647.0,2026-08-31 23:00,1014.6,16.5,0.9085670159045697,3.0,4.0,1.2125436781162398,1.2125436781162398,1.2091247496690596,6.576944034661083,0.4742632153582082,2.1892756618267146,0.03341484606178153,58.03900854988009,1073.2135437958518,415.4770590191637,7.1585829840992705
648.0,2026-09-01 00:00,1014.4,16.5,0.9144252726172231,4.0,5.0,1.2122532529678733,1.2122532529678733,1.2088347441141978,6.577732908380726,0.47437699349669243,2.190705061077265,0.03341888407415584,58.03210007207243,1073.0857974380929,415.3774078830288,7.157718010672622
649.0,2026-09-01 01:00,1014.1,16.5,0.9144252726172231,4.0,5.0,1.2118924369338995,1.2118924369338995,1.2084736850057334,6.5787154589496435,0.47451872445573035,2.1924856327171907,0.03342391549338805,58.02350131690184,1072.9267957469986,415.25334146510306,7.156640534275077
650.0,2026-09-01 02:00,1014.0,16.3,0.92613180915866,4.0,5.0,1.2126094578332138,1.2126094578332138,1.209188972821609,6.576769373091108,0.47423802601269377,2.1889592070834762,0.033413952217059666,58.040538693654256,1073.241838059717,415.4991272520316,7.1587744808002505
651.0,2026-09-01 03:00,1013.9,16.3,0.92613180915866,4.0,5.0,1.2124891027180638,1.2124891027180638,1.2090685365695815,6.577096923476304,0.4742852652292431,2.1895526752279872,0.03341562854112095,58.03766931669088,1073.1887797064423,415.4577431849159,7.158415354653735
652.0,2026-09-01 04:00,1014.2,16.2,0.932048016700281,4.0,5.0,1.2132693317642445,1.2132693317642445,1.2098481826719525,6.574977387144377,0.4739796279900059,2.185712942511967,0.03340478569652528,58.05624941173613,1073.5323488015356,415.72564363917223,7.160738901523543
653.0,2026-09-01 05:00,1014.7,16.4,0.8516694019587312,4.0,5.0,1.2136133672534006,1.2136133672534006,1.2101875015934562,6.5740555586505,0.47384673101662567,2.184043352582998,0.03340007319867137,58.06433966317622,1073.6819476254154,415.84223973698136,7.16174922765382
654.0,2026-09-01 06:00,1014.8,16.3,0.92613180915866,4.0,5.0,1.2135722987544144,1.2135722987544144,1.2101524628378282,6.574150730567237,0.4738604507753528,2.1842157144541234,0.033400559637169154,58.063504141169126,1073.6664977830326,415.83019978895777,7.161644925493208
655.0,2026-09-01 07:00,1014.6,16.2,0.932048016700281,3.0,4.0,1.2137509186048208,1.2137509186048208,1.2103300942844812,6.5736682924456185,0.4737909056836624,2.183342016718635,0.033398094038621956,58.06774013153511,1073.7448265199587,415.89123715591677,7.162173630553548
656.0,2026-09-01 08:00,1014.5,16.2,0.9025273159768378,3.0,4.0,1.2138773840344905,1.2138773840344905,1.2104535931262983,6.57333293835453,0.4737425662607818,2.1827347266385018,0.03339638046284462,58.07068558833377,1073.7992916841297,415.9336735840888,7.162541123290073
657.0,2026-09-01 09:00,1014.4,16.3,0.8571057312875529,3.0,3.0,1.213671584467029,1.213671584467029,1.2102446419118045,6.573900363556693,0.473824358884479,2.1837622906026413,0.03339928001767444,58.06570226389581,1073.707143809561,415.86187418034643,7.1619193080684
658.0,2026-09-01 10:00,1014.4,16.5,0.8353584237069821,3.0,4.0,1.2129264811352276,1.2129264811352276,1.2095001220464905,6.5759233672574355,0.47411602619515475,2.1874265185540214,0.03340962372148123,58.047953122778075,1073.3789400873707,415.6060437343097,7.159701959778931
659.0,2026-09-01 11:00,1014.5,16.6,0.8193472643185665,4.0,5.0,1.2127199352528544,1.2127199352528544,1.2092934214056654,6.5764853439754,0.47419706532486905,2.188444616343474,0.033412498827126234,58.04302740144283,1073.287857365904,415.5350176682475,7.159085875970663
660.0,2026-09-01 12:00,1014.4,16.5,0.8797680617579738,4.0,4.0,1.2125483476994068,1.2125483476994068,1.2091263978681843,6.576939552037466,0.47426256887474877,2.1892675400294634,0.033414823120701945,58.039047817890356,1073.214269910262,415.4776253700925,7.158587898852861
661.0,2026-09-01 13:00,1014.6,16.2,0.9260768600471826,3.0,4.0,1.21380085144762,1.21380085144762,1.2103794434980197,6.573534281301946,0.4737715884284803,2.18309933327832,0.03339740924363546,58.06891707757457,1073.7665897178738,415.90819443523094,7.162320486872814
662.0,2026-09-01 14:00,1014.8,16.1,0.9501275990991449,4.0,5.0,1.2143106646554334,1.2143106646554334,1.2108903549467145,6.572147348023302,0.4735716897938882,2.180587998831488,0.03339032449414749,58.08110482874483,1073.991956414362,416.08375281841774,7.163840185982385
663.0,2026-09-01 15:00,1015.5,16.1,0.9562395715567671,3.0,4.0,1.215102929717074,1.215102929717074,1.2116837830257219,6.569995227051323,0.47326158819694586,2.1766921802131756,0.03337933987992732,58.100042289868945,1074.3421336532795,416.3563890082728,7.1661976927833315
664.0,2026-09-01 16:00,1016.1,16.1,0.9562395715567671,4.0,5.0,1.215825559720466,1.215825559720466,1.2124069005240565,6.568035659221756,0.4729793201435663,2.173146035502688,0.03336934745852738,58.11731247997563,1074.6614809748398,416.60486521522785,7.168343604304989
665.0,2026-09-01 17:00,1016.3,16.3,0.9441339324652338,4.0,4.0,1.2152261762836591,1.2152261762836591,1.211809326201606,6.56965489321647,0.47321255840197607,2.1760762169612002,0.033377603774377186,58.103039888429244,1074.397562983555,416.39952790648033,7.166570436005758
666.0,2026-09-01 18:00,1016.7,16.4,0.9441758258156941,3.0,4.0,1.2152366982389435,1.2152366982389435,1.2118215909550154,6.569621647645617,0.4732077690539545,2.1760160481927193,0.033377434197064376,58.103332751138616,1074.402978379752,416.4037422968296,7.166606846466472
667.0,2026-09-01 19:00,1017.1,16.6,0.9382380143867836,4.0,4.0,1.2148275125783914,1.2148275125783914,1.2114149698659493,6.570724128070769,0.47336660501288985,2.1780115106223854,0.03338305904602389,58.09362488239144,1074.2234677974527,416.2640199610933,7.1653993153948585
668.0,2026-09-01 20:00,1017.2,16.7,0.9323007842241369,4.0,4.0,1.214528578774087,1.214528578774087,1.2111169371909567,6.571532543001142,0.47348309146536366,2.179474934528625,0.03338718537411444,58.08651159348294,1074.0919342273887,416.1616105617891,7.164513742437937
669.0,2026-09-01 21:00,1017.0,16.9,0.9264602384588321,4.0,4.0,1.2133993786127544,1.2133993786127544,1.2099898138252276,6.574592570317293,0.47392414795160054,2.185015944596782,0.03340281822570898,58.05962598992649,1073.5947859371124,415.77431065640445,7.161160678653743
670.0,2026-09-01 22:00,1016.9,16.9,0.9146774794044665,4.0,5.0,1.2133820360325684,1.2133820360325684,1.2099711959399673,6.574643151909507,0.4739314402453661,2.1851075579715666,0.0334030768168386,58.05918210466405,1073.5865779458418,415.76791321543317,7.161105240268849
671.0,2026-09-01 23:00,1016.8,17.0,0.9089026455390058,4.0,5.0,1.212843779986787,1.212843779986787,1.2094336792963178,6.576103995778155,0.4741420727434034,2.1877537423690887,0.03341054774714021,58.04636968445505,1073.3496603409296,415.58321280768894,7.159503946014786
672.0,2026-09-02 00:00,1016.5,17.2,0.8974752273349127,4.0,5.0,1.2116483981364758,1.2116483981364758,1.2082396950911347,6.579352451159631,0.4746106206219149,2.1936401278849136,0.033427178591164765,58.01793015530424,1072.8237780313173,415.1729383126706,7.155941916599273
673.0,2026-09-02 01:00,1016.4,17.2,0.926623643559593,4.0,5.0,1.2112695925943495,1.2112695925943495,1.2078638103171966,6.580376112111024,0.47475831848678784,2.1954956619986707,0.033432424449142226,58.008982858080444,1072.6583313636213,415.0437775288485,7.154819082835107
674.0,2026-09-02 02:00,1016.4,17.3,0.926677992568539,3.0,4.0,1.210799936365618,1.210799936365618,1.2073955800246299,6.581651929591185,0.4749424306618208,2.1978086705301445,0.033438965937639495,57.9978413970161,1072.452311874132,414.882885160255,7.153419423323573
675.0,2026-09-02 03:00,1016.4,17.0,0.9384222041997571,3.0,4.0,1.2121045190755453,1.2121045190755453,1.2086971036149514,6.5781074177038725,0.474431013222578,2.1913837130285487,0.03342080158579984,58.02882180529019,1073.0251782028788,415.3301121264542,7.157307338068178
676.0,2026-09-02 04:00,1016.6,16.8,0.9564700707259925,3.0,4.0,1.2131281775945995,1.2131281775945995,1.2097199027716248,6.575325986470302,0.47402988926064926,2.1863443768415,0.03340656829468508,58.05319148156636,1073.47580386467,415.681564353115,7.160356799420863
677.0,2026-09-02 05:00,1016.9,16.7,0.9625565178650933,4.0,4.0,1.213907281206813,1.213907281206813,1.2104984323545425,6.573211192676227,0.4737250179100448,2.1825142660146417,0.03339575843767379,58.07175508256608,1073.8190679643214,415.9490811511614,7.162674531874703
678.0,2026-09-02 06:00,1017.0,16.6,0.9686864275335452,4.0,5.0,1.2144464615905948,1.2144464615905948,1.211036876826503,6.571749757937149,0.47351439293073655,2.1798681760752103,0.033388294346642186,58.08460105541295,1074.0566059992905,416.13410037743756,7.164275777334579
679.0,2026-09-02 07:00,1016.8,16.6,0.9625281930277724,4.0,5.0,1.2142587518967736,1.2142587518967736,1.2108483905695957,6.572261232503974,0.47358810236968063,2.1807941906698307,0.03339090607123879,58.08010357596373,1073.973442003584,416.06933310201237,7.1637154117301085
680.0,2026-09-02 08:00,1016.6,16.5,0.9624998362508222,5.0,6.0,1.214489898147387,1.214489898147387,1.2110779449734712,6.571638331635451,0.47349833586458223,2.1796664505185017,0.03338772545532426,58.085581078215434,1074.0747278413262,416.1482121330083,7.16439784897119
681.0,2026-09-02 09:00,1016.6,16.4,0.962471447486534,6.0,7.0,1.2149615373476679,1.2149615373476679,1.2115481560216972,6.57036295648426,0.4733145675614128,2.1773577620628397,0.03338121603873927,58.09680427129789,1074.2822586576112,416.30978512495045,7.165794923605185
682.0,2026-09-02 10:00,1016.4,16.4,0.962471447486534,5.0,6.0,1.2147209102498941,1.2147209102498941,1.211307366762274,6.571015967544344,0.4734086552119337,2.178539788934893,0.03338454848340641,58.09105646370478,1074.1759745374966,416.22704559507486,7.165079634162498
683.0,2026-09-02 11:00,1016.2,16.6,0.9625281930277724,5.0,6.0,1.213537368882171,1.213537368882171,1.2101265217416317,6.574221194175587,0.47387060877066695,2.184343329750722,0.03340091980126353,58.06288557456591,1073.655059716241,415.82128596070436,7.161567701052259
684.0,2026-09-02 12:00,1016.0,16.3,0.9686150423439879,6.0,7.0,1.2146591549854413,1.2146591549854413,1.2112444668607456,6.571186581694861,0.473433239314161,2.178848639982794,0.03338541932489548,58.08955518908839,1074.148214100309,416.2054320551098,7.1648927367460775
685.0,2026-09-02 13:00,1016.1,16.1,0.968567317264588,6.0,7.0,1.2157230903674572,1.2157230903674572,1.2123056298102386,6.568309985989236,0.4730188307687703,2.1736424090486763,0.0333707457943457,58.114893210126745,1074.6167456626285,416.5700667725086,7.168043228889899
686.0,2026-09-02 14:00,1016.3,16.0,0.9747641899562645,7.0,8.0,1.216384497544345,1.216384497544345,1.2129663771109216,6.566520742538382,0.47276116005216967,2.170405281652285,0.033361628573394544,58.13068155663809,1074.908691850778,416.79711145529905,7.170002145066953
687.0,2026-09-02 15:00,1016.6,15.9,0.9623290221790394,7.0,9.0,1.217320262712429,1.217320262712429,1.2138997667077116,6.563995698474669,0.47239764540239265,2.165838432740205,0.03334877470066925,58.15299933541875,1075.321375372659,417.11784094553525,7.172765733709712
688.0,2026-09-02 16:00,1017.4,15.8,0.974725655901945,6.0,8.0,1.2186552046865797,1.2186552046865797,1.2152351315091174,6.560388273927388,0.471878549820327,2.1593170144268674,0.033330436628946476,58.18495845022821,1075.9123392040235,417.5766963618665,7.176712117429186
689.0,2026-09-02 17:00,1017.5,16.1,0.968567317264588,6.0,7.0,1.2174092270420385,1.2174092270420385,1.2139929039730195,6.5637438995008,0.47236140316021263,2.165383120019321,0.033347493717537,58.15522723593458,1075.362572027591,417.1498445887373,7.173041262419435
690.0,2026-09-02 18:00,1017.8,16.3,0.9686150423439879,5.0,6.0,1.2168255470581426,1.2168255470581426,1.2134123193972388,6.565313997592625,0.4725874151599961,2.1682225177051127,0.033355483723015666,58.14134209369876,1075.1058184565472,416.9503452631935,7.1713230250386975
691.0,2026-09-02 19:00,1018.4,16.7,0.9503522103547698,3.0,3.0,1.2158152878517652,1.2158152878517652,1.2124064282719824,6.568036938400128,0.4729795043767243,2.1731483500311337,0.03336935397852328,58.11730119780955,1074.6612723535395,416.60470294090277,7.168342203691396
692.0,2026-09-02 20:00,1018.5,16.8,0.9264056504469453,2.0,3.0,1.2156716220131454,1.2156716220131454,1.2122618514491397,6.568428585469213,0.4730359128778503,2.1738570122601724,0.03337135039004183,58.11384744588917,1074.5974081795903,416.5550237385098,7.167913363959795
693.0,2026-09-02 21:00,1018.2,17.0,0.9089026455390058,1.0,2.0,1.2145246865286539,1.2145246865286539,1.2111157162783412,6.571535855345642,0.47348356877853176,2.1794809310328205,0.033387202284184146,58.08648245700928,1074.0913954577074,416.1611910342069,7.164510113729375
694.0,2026-09-02 22:00,1018.2,17.1,0.8916644658303884,2.0,3.0,1.214207788273249,1.214207788273249,1.2107984587104592,6.572396747145778,0.47360763256832444,2.181039549327271,0.033391598147076755,58.07891226801615,1073.951413236103,416.05217561516827,7.1635669362266405
695.0,2026-09-02 23:00,1018.0,17.4,0.8693240032333807,2.0,3.0,1.2127645815220631,1.2127645815220631,1.2093569683339167,6.5763125575511525,0.4741721481435271,2.188131580809491,0.033411614763234225,58.044541647710176,1073.3158576650712,415.5568535382573,7.159275303789927
696.0,2026-09-03 00:00,1017.6,17.5,0.875010594191152,2.0,3.0,1.211767056495261,1.211767056495261,1.2083611080584389,6.579021904783419,0.4745629329866713,2.193041026238624,0.03342548519446527,58.02082078940367,1072.877229455509,415.21465799676116,7.156304449808674
697.0,2026-09-03 01:00,1017.3,17.5,0.8976993566271491,3.0,3.0,1.2112023762448942,1.2112023762448942,1.2077985592607636,6.580553861409805,0.4747839672024566,2.1958178878273134,0.033433335593574816,58.00742995634764,1072.6296162767608,415.0213560896776,7.154624095602819
698.0,2026-09-03 02:00,1017.1,17.5,0.9092364626357303,3.0,3.0,1.2108583647904034,1.2108583647904034,1.2074555934543083,6.581488365640898,0.4749188248875643,2.1975121102552064,0.033438127084921956,57.999269160616194,1072.4787130010852,414.9035068564624,7.153598879107918
699.0,2026-09-03 03:00,1016.8,17.1,0.9265692349289826,2.0,3.0,1.212219371488548,1.212219371488548,1.2088124877889699,6.577793461812505,0.4743857275962775,2.1908147879155435,0.03341919408939615,58.031569954056245,1073.07599489582,415.3697602085,7.157651611654646
700.0,2026-09-03 04:00,1016.9,16.9,0.9324015014101815,3.0,4.0,1.2132274556223333,1.2132274556223333,1.2098184123422413,6.5750582827724005,0.47399129133523,2.185859469578979,0.033405199339295664,58.055539718760706,1073.5192256946425,415.7154140172595,7.160650233054687
701.0,2026-09-03 05:00,1017.4,16.8,0.9383302112752655,3.0,3.0,1.214246619912601,1.214246619912601,1.2108371625236893,6.572291704594706,0.47359249393373126,2.1808493620625637,0.03339106168905149,58.07983568535097,1073.9684883725513,416.0654749430483,7.163682025498383
702.0,2026-09-03 06:00,1017.2,16.8,0.9443429336167335,3.0,3.0,1.213954198057844,1.213954198057844,1.2105451853437785,6.573084258034227,0.4737067219712137,2.182284413412009,0.03339510993776045,58.07287026601944,1073.8396890951067,415.9651463210071,7.162813623910088
703.0,2026-09-03 07:00,1016.8,16.7,0.9564372530611401,2.0,3.0,1.2138398252961538,1.2138398252961538,1.210430281602799,6.573396235543066,0.4737516900088685,2.1828493486463065,0.03339670387561483,58.07012958344497,1073.7890104613455,415.9256633244135,7.162471761437027
704.0,2026-09-03 08:00,1016.6,16.6,0.9625281930277724,2.0,3.0,1.2140182908919062,1.2140182908919062,1.2106077676269411,6.572914358274901,0.47368223373563223,2.181976766740568,0.03339424199096302,58.074363088504384,1073.8672932418583,415.98665072157644,7.16299979196706
705.0,2026-09-03 09:00,1016.6,16.6,0.9686864275335452,3.0,3.0,1.2139655395808597,1.2139655395808597,1.2105556309411936,6.573055899180535,0.47370263446826544,2.1822330619509223,0.03339496505956058,58.073119427321785,1073.8442963978664,415.9687356165656,7.162844698520946
706.0,2026-09-03 10:00,1016.2,16.6,0.9748792671308887,3.0,3.0,1.2134315698335703,1.2134315698335703,1.2100219553974054,6.574505249940992,0.4739115591988591,2.1848577915985548,0.033402371826864306,58.06039232149505,1073.6089563621242,415.7853550799715,7.161256382451965
707.0,2026-09-03 11:00,1015.9,16.6,0.9811068775156451,3.0,3.0,1.2130175327428598,1.2130175327428598,1.2096082969494026,6.575629319267575,0.47407362614281373,2.186893845020714,0.033408119648543996,58.050531294535,1073.4266136937417,415.64321458085294,7.16002429800298
708.0,2026-09-03 12:00,1015.6,16.5,0.9810924504239088,3.0,4.0,1.2131288680503916,1.2131288680503916,1.2097179506153821,6.575331291863384,0.4740306542161557,2.18635398700776,0.03340659542654339,58.05314494869622,1073.4749434139542,415.6808935570415,7.160350983988801
709.0,2026-09-03 13:00,1015.1,16.1,0.9747834240890093,5.0,6.0,1.2144670381784124,1.2144670381784124,1.21104936952798,6.571715862077203,0.47350950834542993,2.1798068108369533,0.03338812128694815,58.08489916933694,1074.062118496985,416.1383930948519,7.164312911720291
710.0,2026-09-03 14:00,1015.1,16.0,0.9623575715987422,5.0,6.0,1.2150412424981596,1.2150412424981596,1.2116209463967003,6.570165590151075,0.473286132311123,2.1770005288896224,0.0333802090348002,58.09854205518654,1074.3143924457668,416.3347972098815,7.166011099115261
711.0,2026-09-03 15:00,1015.3,16.2,0.9624145738046703,6.0,7.0,1.2143397600972714,1.2143397600972714,1.2109224721979075,6.5720601910369,0.47355912926976873,2.1804302004705542,0.03338987942752774,58.081871156833685,1074.0061267750298,416.0947888848559,7.163935675579554
712.0,2026-09-03 16:00,1015.5,16.3,0.9686150423439879,6.0,8.0,1.214057379409691,1.214057379409691,1.2106422856006085,6.572820653757599,0.4736687280526859,2.181807094311938,0.03339376332257893,58.07518650519656,1073.8825192418935,415.99851171953094,7.163102466873824
713.0,2026-09-03 17:00,1015.3,16.4,0.9686388643572562,6.0,7.0,1.21334526248782,1.21334526248782,1.2099314362602278,6.574751176030049,0.4739470141545297,2.1853032136079062,0.033403629094633125,58.05823418257157,1073.5690496859086,415.75425107278807,7.1609868423727026
714.0,2026-09-03 18:00,1015.1,16.5,0.9748601420955954,6.0,7.0,1.2125805740457494,1.2125805740457494,1.2091686327053173,6.576824688655742,0.47424600344143136,2.1890594278359927,0.033414235291233725,58.0400540728576,1073.232876817691,415.4921380214338,7.158713834068229
715.0,2026-09-03 19:00,1015.1,16.4,0.9748409953066477,6.0,7.0,1.213052142858667,1.213052142858667,1.2096387670471973,6.575546500604834,0.4740616845035873,2.186743821735152,0.03340769606258062,58.05125754163049,1073.4400429069296,415.6536846556928,7.1601150820482005
716.0,2026-09-03 20:00,1014.8,16.5,0.9686626594069596,6.0,7.0,1.212272527534909,1.212272527534909,1.2088597277964146,6.577664936541641,0.47436718947743045,2.190581892795799,0.03341853608911509,58.0326951641513,1073.0968014316966,415.385992726581,7.157792543524302
717.0,2026-09-03 21:00,1014.2,16.5,0.9686626594069596,6.0,7.0,1.211550895466961,1.211550895466961,1.2081376095794856,6.579630417166201,0.47465072438795625,2.1941439530826843,0.033428602814991645,58.01549990330595,1072.7788396454873,415.1378598907293,7.15563703807839
718.0,2026-09-03 22:00,1013.9,16.6,0.9748792671308887,6.0,7.0,1.2106662682775933,1.2106662682775933,1.2072547915568765,6.582035690203769,0.47499781782412626,2.1985045016392157,0.03344093433465055,57.99449221975874,1072.3903814159285,414.8345077049578,7.152998359448064
719.0,2026-09-03 23:00,1013.3,16.7,0.9811212881545688,6.0,7.0,1.2094204934472281,1.2094204934472281,1.20601059427592,6.585430038426203,0.4754878558024011,2.2046608681277062,0.03345835972868987,57.964911684002615,1071.8434004732935,414.40697909198957,7.149273017979241
720.0,2026-09-04 00:00,1012.8,16.9,0.9811500601736323,6.0,7.0,1.2078779420508787,1.2078779420508787,1.20447052790667,6.589638841884366,0.4760958265569706,2.21229882874576,0.03348000370090741,57.9283401329167,1071.1671469513317,413.8777845271066,7.144651194518316
721.0,2026-09-04 01:00,1012.6,16.5,0.9810924504239088,4.0,4.0,1.2095207077106516,1.2095207077106516,1.206107359530738,6.585165860617905,0.47544970770292555,2.2041816120462947,0.03345700256509223,57.967211140736175,1071.8859202917997,414.4402293777835,7.1495630240271755
722.0,2026-09-04 02:00,1012.5,16.2,0.9873306628630374,4.0,5.0,1.2107602954022534,1.2107602954022534,1.207343169432858,6.581794782318455,0.4749630478438109,2.198067685002324,0.03343969862211534,57.996594569677136,1072.4292564839661,414.86487593619705,7.1532626874803515
723.0,2026-09-04 03:00,1012.3,16.1,0.9936426955816314,4.0,5.0,1.2109380048348544,1.2109380048348544,1.207519894914075,6.581313128385922,0.4748935350568629,2.197194393112592,0.03343722843398458,58.00079901985028,1072.5070020034498,414.9256019971018,7.1537911375168655
724.0,2026-09-04 04:00,1012.3,16.1,0.9873209445016359,2.0,3.0,1.2109905518096544,1.2109905518096544,1.2075718272186202,6.581171610330968,0.4748731119937099,2.196937817363035,0.03343650275409554,58.002034652942676,1072.5298503980566,414.94344687304726,7.153946397844089
725.0,2026-09-04 05:00,1013.0,16.2,0.9873306628630374,2.0,3.0,1.2113622789529739,1.2113622789529739,1.207945558948519,6.580153442372974,0.4747261888577182,2.1950920161988328,0.03343128314633008,58.01092850404838,1072.6943087804725,415.07186783212774,7.1550633395423295
726.0,2026-09-04 06:00,1012.9,16.3,0.9810635467820615,2.0,4.0,1.2108234189910616,1.2108234189910616,1.2074074387390414,6.581619608222387,0.4749377659509151,2.1977500675826764,0.03343880016957757,57.998123518814495,1072.4575286575093,414.8869600282856,7.1534548853756785
727.0,2026-09-04 07:00,1012.6,16.3,0.9748218267311902,2.0,4.0,1.2105148643122583,1.2105148643122583,1.2070980273753844,6.582463076346317,0.47505950514564693,2.1992794818975043,0.03344312690237153,57.99076346924946,1072.321432175616,414.78064070645013,7.152529401107028
728.0,2026-09-04 08:00,1012.6,16.3,0.9810635467820615,2.0,4.0,1.2104623536456114,1.2104623536456114,1.2070461299829591,6.582604582536118,0.4750799305038429,2.1995360864797773,0.03344385294867422,57.989529160678565,1072.2986082730615,414.7628078269383,7.152374123916493
729.0,2026-09-04 09:00,1012.6,16.4,0.9748409953066477,3.0,5.0,1.2100443041364954,1.2100443041364954,1.2066289013044083,6.58374255214391,0.47524420385366556,2.2015998590660586,0.03344969339671776,57.979607914153284,1072.1151520699266,414.6194405322483,7.151125291260143
730.0,2026-09-04 10:00,1012.7,16.2,0.9685911933266312,3.0,5.0,1.2111577946403362,1.2111577946403362,1.2077389994347725,6.580716119899061,0.47480738124347305,2.1961120393499796,0.033434167396449305,58.00601257405858,1072.6034071131762,415.00089025987376,7.154446096945995
731.0,2026-09-04 11:00,1012.8,16.0,0.9562064948738794,4.0,5.0,1.212321023655474,1.212321023655474,1.2088982625805333,6.577560101037238,0.4743520685712257,2.1903919282535362,0.03341799939994868,58.03361305753236,1073.1137744233606,415.39923397301146,7.157907496836362
732.0,2026-09-04 12:00,1012.9,15.9,0.9439658914059306,3.0,4.0,1.2130117660231992,1.2130117660231992,1.2095864927931814,6.575688585555543,0.47408217185282814,2.1870012051133707,0.0334084227828925,58.05001160935231,1073.4170040675522,415.6357222797454,7.159959330874332
733.0,2026-09-04 13:00,1013.1,15.7,0.9499770180367135,2.0,3.0,1.2141426039242174,1.2141426039242174,1.210715251861564,6.572622588451803,0.47364018142624803,2.1814484619157706,0.03339275161802095,58.076927173232164,1073.9147063615178,416.0235842420459,7.163319488325003
734.0,2026-09-04 14:00,1013.3,15.7,0.9499770180367135,2.0,3.0,1.2143838141584578,1.2143838141584578,1.2109566250446386,6.5719675138334495,0.47354577338895043,2.180262410011979,0.03338940619137773,58.08268607742247,1074.0211956715334,416.1065244186135,7.164037211776949
735.0,2026-09-04 15:00,1013.9,15.9,0.9259116494345963,3.0,4.0,1.2143652510085754,1.2143652510085754,1.2109390542720755,6.5720151934120326,0.4735526445564573,2.180348732760932,0.033389649654361364,58.082266818569174,1074.0134430532346,416.10048678443957,7.163984974694725
736.0,2026-09-04 16:00,1014.4,16.1,0.9141719642448332,2.0,3.0,1.2141277778545532,1.2141277778545532,1.2107036471464423,6.572654087997604,0.4736447213145919,2.1815054967124614,0.033392912509513456,58.076650326456075,1073.9095871198717,416.0195966527498,7.16328497449925
737.0,2026-09-04 17:00,1014.9,16.3,0.9084322536567121,2.0,3.0,1.2138415576094281,1.2138415576094281,1.2104200637768563,6.573423980323102,0.47375568920919037,2.1828995907580078,0.03339684563866617,58.0698858807289,1073.7845040946434,415.9221522952385,7.162441358150949
738.0,2026-09-04 18:00,1015.2,16.4,0.8968740086034812,3.0,4.0,1.213832340007153,1.213832340007153,1.2104113445614821,6.5734476561571356,0.4737591019150506,2.1829424647166076,0.03339696661269638,58.06967792263018,1073.780658690429,415.9191562156681,7.162415413597143
739.0,2026-09-04 19:00,1015.5,16.5,0.8854627360062293,2.0,3.0,1.213822851549048,1.213822851549048,1.2104023583926653,6.573472057134341,0.4737626191580887,2.182986651979905,0.03339709129328562,58.06946359913007,1073.7766955820157,415.9160684060828,7.162388674317177
740.0,2026-09-04 20:00,1015.5,16.7,0.8742873885861225,2.0,3.0,1.2129852991243117,1.2129852991243117,1.2095664617043935,6.575743033847862,0.47409002291548397,2.187099838323808,0.03340870128145097,58.049534192227405,1073.4081760303873,415.6288392365681,7.159899644676548
741.0,2026-09-04 21:00,1015.5,16.8,0.8631718375963754,3.0,4.0,1.2126153943094162,1.2126153943094162,1.2091968208345045,6.576748030554595,0.4742349480802352,2.1889205388963524,0.033413842999784074,58.04072568153501,1073.2452956984873,415.5018239707267,7.158797880139425
742.0,2026-09-04 22:00,1015.4,16.8,0.8743781232969751,4.0,5.0,1.2123980949309587,1.2123980949309587,1.2089805707642953,6.577336194940895,0.4743197743738068,2.1899862149750216,0.033416853233214916,58.035573726902015,1073.1500296416182,415.42751654859524,7.158153006352145
743.0,2026-09-04 23:00,1015.2,16.9,0.8801159346607038,4.0,5.0,1.2116416607246823,1.2116416607246823,1.2082259432535907,6.579389893630183,0.474616022565308,2.1937079927132586,0.03342737042589751,58.017602766307206,1072.817724201066,415.16821293340723,7.155900849707454
744.0,2026-09-05 00:00,1014.7,17.0,0.8858780418260157,5.0,6.0,1.2105244359344651,1.2105244359344651,1.2071102932442412,6.582429632909371,0.47505467790026434,2.1992188370229795,0.03344295531612669,57.99105520408928,1072.3268267161004,414.7848554800873,7.1525660986910005
745.0,2026-09-05 01:00,1014.6,17.0,0.8858780418260157,5.0,6.0,1.2104043711814745,1.2104043711814745,1.2069901477455252,6.582757236913805,0.4751019655117667,2.1998129131551982,0.033444636247102894,57.98819776034036,1072.2739890228213,414.74357132105024,7.152206609957865
746.0,2026-09-05 02:00,1014.7,17.0,0.8858780418260157,5.0,6.0,1.2105244359344651,1.2105244359344651,1.2071102932442412,6.582429632909371,0.47505467790026434,2.1992188370229795,0.03344295531612669,57.99105520408928,1072.3268267161004,414.7848554800873,7.1525660986910005
747.0,2026-09-05 03:00,1014.7,16.7,0.9087014860853055,5.0,6.0,1.2117272215097092,1.2117272215097092,1.208311189452148,6.579157801982437,0.4745825384661361,2.1932873306519935,0.0334261813680499,58.019632277422375,1072.8552523889264,415.19750506383366,7.156155404063163
748.0,2026-09-05 04:00,1014.9,16.7,0.9145515133163944,6.0,7.0,1.2119171866126077,1.2119171866126077,1.208501903297322,6.578638652618486,0.474507644532981,2.192346435209786,0.03342352210430387,58.024173251853085,1072.9392206610046,415.26303777874074,7.156724766698485
749.0,2026-09-05 05:00,1015.3,16.6,0.9144884273421633,6.0,7.0,1.212866802012322,1.212866802012322,1.2094504315218326,6.576058452465362,0.4741355053515355,2.1876712359654933,0.03341031475798561,58.04676890879974,1073.3570424962152,415.5889691743425,7.1595538733137
750.0,2026-09-05 06:00,1015.4,16.5,0.9085670159045697,5.0,7.0,1.213505854206837,1.213505854206837,1.2100875739582981,6.574326992007037,0.4738858607327528,2.184534940753199,0.03340146059265225,58.06195688812771,1073.63788714751,415.80790280029913,7.1614517506095625
751.0,2026-09-05 07:00,1015.2,16.4,0.9143620490434257,6.0,7.0,1.2136843277321707,1.2136843277321707,1.2102650595613569,6.573844911175058,0.4738163652804065,2.183661866638753,0.033398996621722535,58.066189170635226,1073.7161473215153,415.86889005277027,7.161980078125743
752.0,2026-09-05 08:00,1015.4,16.4,0.9202576709599566,5.0,6.0,1.2138750564771073,1.2138750564771073,1.2104565327721486,6.573324956538536,0.47374141575654527,2.1827202728083073,0.033396339680950606,58.07075570281555,1073.8005881882111,415.9346836993915,7.16254986981726
753.0,2026-09-05 09:00,1015.3,16.4,0.9261866978694545,6.0,7.0,1.2137045618479376,1.2137045618479376,1.2102865426657352,6.573786566635097,0.47380795483703403,2.1835562059062648,0.033398698452795875,58.06670149461756,1073.7256208299436,415.87627203467764,7.162044017141682
754.0,2026-09-05 10:00,1015.0,16.3,0.9380993353170113,5.0,6.0,1.2137123279590412,1.2137123279590412,1.2102938301740231,6.573766775326984,0.4738051019104871,2.1835203644773014,0.033398597311405605,58.066875287478396,1073.7288344763638,415.8787761538859,7.162065706049219
755.0,2026-09-05 11:00,1014.7,16.3,0.9380993353170113,5.0,6.0,1.213351262613591,1.213351262613591,1.209932521417941,6.574748227665812,0.4739465890835039,2.1852978734238087,0.03340361402063738,58.05826005371362,1073.5695280755424,415.7546239525387,7.160990073899838
756.0,2026-09-05 12:00,1014.5,16.2,0.9380530063312782,6.0,7.0,1.2135803061290091,1.2135803061290091,1.2101599875518252,6.574130291666005,0.4738575043348795,2.184178698206007,0.033400455168978486,58.06368357082332,1073.6698156607815,415.8327854163235,7.161667325310328
757.0,2026-09-05 13:00,1014.4,16.1,0.9319972954802321,6.0,7.0,1.2139796120664077,1.2139796120664077,1.2105572145332917,6.573051599903035,0.4737020147935076,2.182225276952449,0.03339494309580459,58.073157201307914,1073.8449948859097,415.96927976735554,7.162849409502867
758.0,2026-09-05 14:00,1014.4,16.1,0.9319972954802321,5.0,6.0,1.2139796120664077,1.2139796120664077,1.2105572145332917,6.573051599903035,0.4737020147935076,2.182225276952449,0.03339494309580459,58.073157201307914,1073.8449948859097,415.96927976735554,7.162849409502867
759.0,2026-09-05 15:00,1014.9,16.1,0.9440500056046207,4.0,5.0,1.2144816205038875,1.2144816205038875,1.21106080111376,6.571684845752171,0.4735050387394801,2.179750659000756,0.03338796293143806,58.08517196452825,1074.0671628197829,416.1423211937855,7.164346891284361
760.0,2026-09-05 16:00,1015.1,16.2,0.9025273159768378,4.0,5.0,1.214599764295355,1.214599764295355,1.2111764605450914,6.571371061797735,0.4734598221048301,2.1791826006325836,0.03338636101671641,58.08793212475698,1074.1182016196267,416.18206385920575,7.164690644613765
761.0,2026-09-05 17:00,1015.3,16.3,0.8910309142527234,5.0,6.0,1.2144693729620137,1.2144693729620137,1.211046493925025,6.571723664269121,0.47351063268322235,2.1798209359370757,0.03338816112181018,58.08483054841296,1074.0608496106472,416.13740498584247,7.1643043640972195
762.0,2026-09-05 18:00,1015.8,16.2,0.9142353949558086,5.0,6.0,1.2153446343278753,1.2153446343278753,1.211923043292657,6.569346664251906,0.47316815594928885,2.175518387193204,0.03337603167449721,58.10575538537738,1074.447775903722,416.43860314876866,7.166908000538061
763.0,2026-09-05 19:00,1016.2,16.3,0.9142987565224518,5.0,6.0,1.215356820086357,1.215356820086357,1.2119369574408072,6.569308953080325,0.47316272354475547,2.17545013968035,0.03337583934654502,58.106087664647305,1074.4539201612085,416.4433843008821,7.166949299776262
764.0,2026-09-05 20:00,1016.1,16.3,0.9142987565224518,5.0,6.0,1.2152364649712069,1.2152364649712069,1.2118165211887797,6.569635389994641,0.4732097487701311,2.1760409194452888,0.033377504293025495,58.103211692861365,1074.4007398614522,416.4020002337662,7.166591795904561
765.0,2026-09-05 21:00,1015.9,16.5,0.9085670159045697,5.0,7.0,1.2141072142634604,1.2141072142634604,1.210689339139072,6.572692925915081,0.47365031887950343,2.1815758191416736,0.03339311088668546,58.07630899253922,1073.9032754306877,416.01468016350884,7.163242419847174
766.0,2026-09-05 22:00,1015.9,16.6,0.9086342874515683,5.0,6.0,1.213638331469706,1.213638331469706,1.2102218625175758,6.573962231866951,0.47383327744082027,2.1838743347784386,0.03339959621145237,58.06515904562569,1073.6970990272794,415.8540467698804,7.161851506221072
767.0,2026-09-05 23:00,1015.6,16.7,0.9087014860853055,5.0,7.0,1.2128089227093701,1.2128089227093701,1.209393618868943,6.576212909596979,0.4741577784109166,2.1879510532907807,0.03341110494491644,58.04541502222414,1073.3320074474436,415.5694473227353,7.1593845468005375
768.0,2026-09-06 00:00,1015.2,16.8,0.8971752638216535,7.0,8.0,1.2119601621892948,1.2119601621892948,1.2085447754233205,6.578521965702007,0.47449081176688307,2.1921349645040284,0.03342292447994955,58.02519415494104,1072.9580984304268,415.27776941402374,7.156852733747577
769.0,2026-09-06 01:00,1015.0,16.9,0.8972503755148538,6.0,7.0,1.2112520100631952,1.2112520100631952,1.2078378680316382,6.580446779327242,0.47476851548109933,2.1956237672412144,0.033432786681057716,58.00836545064275,1072.646914731244,415.03486329190895,7.154741563008654
770.0,2026-09-06 02:00,1014.7,16.8,0.9087686119090767,7.0,9.0,1.2112589169287944,1.2112589169287944,1.2078442950779327,6.580429271734366,0.4747659891958483,2.1955920294197613,0.033432696938089326,58.00851840838978,1072.649743110464,415.03707174086617,7.154760768391548
771.0,2026-09-06 03:00,1014.6,16.5,0.9262415262667393,7.0,8.0,1.2123931854839418,1.2123931854839418,1.2089760118690693,6.577348596079552,0.4743215629735257,2.1900086852239795,0.033416916711106935,58.03546512557453,1073.1480214678322,415.42595003001935,7.158139408913831
772.0,2026-09-06 04:00,1014.8,16.4,0.9202576709599566,7.0,9.0,1.2131531751837863,1.2131531751837863,1.2097341649938793,6.575287226286565,0.4740243006612433,2.1862741670462884,0.033406370076527525,58.05353144751166,1073.4820902583567,415.6864651097648,7.160399285711022
773.0,2026-09-06 05:00,1015.3,16.3,0.9201985546322656,6.0,8.0,1.214223989922025,1.214223989922025,1.2108039767235885,6.572381770892991,0.4736054741899371,2.1810124335342866,0.03339152166096648,58.07904391805248,1073.953847609218,416.05407170394415,7.163583344983813
774.0,2026-09-06 06:00,1015.6,16.3,0.9142987565224518,6.0,7.0,1.2146346893954565,1.2146346893954565,1.2112143399286426,6.5712683048277665,0.4734450151746226,2.1789965805831835,0.03338583647666154,58.08883615703508,1074.1349183022362,416.1950798981874,7.16480321232572
775.0,2026-09-06 07:00,1015.6,16.2,0.9201393735330551,5.0,7.0,1.2150544698307064,1.2150544698307064,1.211633293472693,6.570132113627719,0.47328130931733975,2.176939937428108,0.03338003823964107,58.098836837429644,1074.3198433365326,416.3390398877545,7.166047765340663
776.0,2026-09-06 08:00,1015.6,16.1,0.9200801275692211,5.0,6.0,1.2155239286658956,1.2155239286658956,1.212101347404369,6.56886346018476,0.47309855135069856,2.174643941870181,0.033373567571899514,58.11001369914203,1074.5265174280887,416.4998716555669,7.167437161724784
777.0,2026-09-06 09:00,1015.4,16.1,0.9141719642448332,6.0,7.0,1.21533216119354,1.21533216119354,1.2119088429770002,6.569385151685827,0.47317370020883626,2.17558803994502,0.03337622796482261,58.10541627619753,1074.4415053526955,416.43372366434176,7.166865850936703
778.0,2026-09-06 10:00,1015.2,16.1,0.896647215143908,6.0,8.0,1.2152369518476174,1.2152369518476174,1.2118117671836734,6.569648276504908,0.4732116051983512,2.1760642418263885,0.033377570023987,58.10309817494159,1074.3986407737525,416.4003666719185,7.166577682625219
779.0,2026-09-06 11:00,1015.1,16.0,0.8965714544218653,6.0,7.0,1.2155847743459784,1.2155847743459784,1.2121581152241134,6.568709641793344,0.47307639518728467,2.17436559311355,0.03337278328800489,58.11136957815647,1074.5515893195354,416.5193781016973,7.167605601542442
780.0,2026-09-06 12:00,1015.1,15.9,0.9081618496369518,5.0,7.0,1.2159572791345554,1.2159572791345554,1.2125303509073955,6.567701297628925,0.47293116507813693,2.1725410615125003,0.033367643341916796,58.12026187805864,1074.7160190182665,416.6472849921934,7.168709698286556
781.0,2026-09-06 13:00,1015.1,16.0,0.9023839445818631,5.0,6.0,1.2155367509384167,1.2155367509384167,1.2121106540171358,6.5688382421959215,0.4730949188894184,2.1745983071155552,0.03337343898751419,58.11023597986692,1074.530627675497,416.5030695754696,7.167464777113842
782.0,2026-09-06 14:00,1015.3,16.0,0.9023839445818631,5.0,6.0,1.215777710911304,1.215777710911304,1.2123517766007919,6.5681849771776575,0.4730008258453375,2.1734162124839935,0.033370108560650515,58.11599559185093,1074.6371300734995,416.5859236415599,7.1681801094357205
783.0,2026-09-06 15:00,1015.9,16.0,0.8907919299106308,5.0,6.0,1.216596365279418,1.216596365279418,1.2131697975885758,6.565970192735903,0.4726818889549289,2.1694093957246743,0.03335882470557858,58.13554396566494,1074.9986038488198,416.8670103981692,7.170604796342361
784.0,2026-09-06 16:00,1016.2,16.0,0.8907919299106308,5.0,6.0,1.216957805238749,1.216957805238749,1.21353148146406,6.564991650952488,0.4725410096946215,2.167639524009561,0.0333538428791794,58.1441914057973,1075.1585057854845,416.99129149730476,7.171675818605131
785.0,2026-09-06 17:00,1016.1,15.9,0.9023121424846972,5.0,7.0,1.2172105358344287,1.2172105358344287,1.2137838583832856,6.564309100063922,0.4724427562507231,2.166405162110664,0.03335036928224816,58.15022697659512,1075.2701110056046,417.0780127559613,7.17242278218159
786.0,2026-09-06 18:00,1016.2,15.8,0.9022402626415142,6.0,7.0,1.2178001363031123,1.2178001363031123,1.214372148302857,6.562718901917766,0.4722138862857249,2.163529859694927,0.033342280743342494,58.164300762057174,1075.5303528248178,417.28015977652393,7.174162747757675
787.0,2026-09-06 19:00,1016.4,15.9,0.9023121424846972,5.0,7.0,1.2175721008378557,1.2175721008378557,1.2141456674717228,6.563330962218475,0.4723019707687522,2.164636468536499,0.033345393290615144,58.15888180355622,1075.4301495339312,417.2023368805245,7.173493092417296
788.0,2026-09-06 20:00,1016.3,16.0,0.9082295608427713,5.0,7.0,1.2169342136768349,1.2169342136768349,1.2135096578248017,6.565050682771666,0.47254950782602395,2.167746286370236,0.033354143351271355,58.143669554636816,1075.1488561076683,416.9837925014744,7.171611212285809
789.0,2026-09-06 21:00,1016.4,16.1,0.9082971985117843,5.0,6.0,1.2165853761241259,1.2165853761241259,1.2131622991897397,6.5659904844096575,0.4726848105403823,2.169446099718193,0.033358928035520805,58.13536471507524,1074.9952892821966,416.86443381316695,7.170582585251567
790.0,2026-09-06 22:00,1016.3,16.2,0.9025273159768378,5.0,6.0,1.216044524817084,1.216044524817084,1.2126221953826777,6.567452572797726,0.4728953450883111,2.1720910535646305,0.033366375852816,58.122456363905755,1074.756597794363,416.6788444094396,7.168982016186752
791.0,2026-09-06 23:00,1015.9,16.3,0.9025988854935225,5.0,6.0,1.215094184023605,1.215094184023605,1.2116729284078078,6.570024655218983,0.47326582785072774,2.176745443151198,0.03337949001110223,58.099783128504775,1074.3373414369235,416.352659165898,7.166165461323866
792.0,2026-09-07 00:00,1015.5,16.5,0.8911898109635276,5.0,6.0,1.2137740873927558,1.2137740873927558,1.2103541628550196,6.573602931582482,0.473781484086097,2.183223652816058,0.03339776004033414,58.068314144927804,1073.7554407424059,415.89950755060084,7.162245256726282
793.0,2026-09-07 01:00,1015.4,16.6,0.8912691318196373,5.0,6.0,1.213185928526143,1.213185928526143,1.2097673215925624,6.575197119846376,0.47401130887908605,2.186110950773582,0.03340590928904477,58.05432181089606,1073.4967050615703,415.69785831473536,7.160498053337247
794.0,2026-09-07 02:00,1015.2,16.7,0.8856291237499003,5.0,6.0,1.2125269940116945,1.2125269940116945,1.209109051736088,6.576986728945507,0.47426937274505004,2.1893530173209625,0.03341506456406924,58.03863455252936,1073.2066281190996,415.4716649264321,7.158536173872229
795.0,2026-09-07 03:00,1015.2,16.5,0.8911898109635276,5.0,6.0,1.2134132713587817,1.2134132713587817,1.2099931037465552,6.574583632288244,0.4739228593713952,2.184999756112735,0.03340277253193895,58.05970442853314,1073.5962363646286,415.7754411326751,7.161170474859401
796.0,2026-09-07 04:00,1015.3,16.4,0.9026703777019419,5.0,6.0,1.2139035952421684,1.2139035952421684,1.2104832533784347,6.57325240526739,0.4737309582323982,2.1825888945191427,0.033395968997903175,58.0713930328793,1073.812373214754,415.94386538136274,7.162629371502428
797.0,2026-09-07 05:00,1015.5,16.4,0.9084996713408354,6.0,7.0,1.2140948853649964,1.2140948853649964,1.2106752814159458,6.572731085126947,0.47365581865730816,2.1816449130675983,0.03339330580057498,58.07597363341099,1073.8970742227855,416.00984967644564,7.163200608609617
798.0,2026-09-07 06:00,1015.5,16.4,0.9143620490434257,6.0,7.0,1.2140452683788314,1.2140452683788314,1.2106262434504915,6.572864202221416,0.4736750046924682,2.18188594798559,0.03339398577753421,58.074803821200874,1073.8754429382589,415.99299934758363,7.163054749669608
799.0,2026-09-07 07:00,1015.3,16.3,0.9142987565224518,6.0,8.0,1.2142736240500063,1.2142736240500063,1.2108530311725605,6.572248638372648,0.4735862873398666,2.1807713883785427,0.03339084175494611,58.080214297118,1073.975489375607,416.07092769684004,7.163729210232717
800.0,2026-09-07 08:00,1015.0,16.2,0.9142353949558086,7.0,9.0,1.2143814606467227,1.2143814606467227,1.2109592200675996,6.5719604721364835,0.4735447586048565,2.1802496612393,0.03338937023528935,58.082747998177396,1074.0223406634013,416.1074161152795,7.164044926530279
801.0,2026-09-07 09:00,1015.5,16.1,0.9200801275692211,6.0,7.0,1.2154034903319968,1.2154034903319968,1.2119808278213131,6.569190056524843,0.473145596352438,2.1752349700863602,0.033375232992714346,58.10713534417641,1074.4732930603723,416.4584589544077,7.167079507321571
802.0,2026-09-07 10:00,1015.1,15.9,0.9259116494345963,6.0,7.0,1.2158115110222831,1.2158115110222831,1.212386290625825,6.56809148547626,0.47298736053113033,2.173247047209429,0.0333696320095271,58.11682011082838,1074.6523764561623,416.59778328269255,7.168282478088846
803.0,2026-09-07 11:00,1014.8,15.8,0.9318447949241937,6.0,7.0,1.2158705897101587,1.2158705897101587,1.212444295401275,6.56793437094739,0.47296473225390345,2.1729627672683067,0.033368831202406773,58.118205862703746,1074.6780007340083,416.61771476910013,7.168454507238267
804.0,2026-09-07 12:00,1014.7,15.7,0.9258012054176329,5.0,7.0,1.2162684413203178,1.2162684413203178,1.2128400910294939,6.566862600708276,0.47281038595985175,2.171023708676016,0.033363369960886735,58.12766332209089,1074.8528809354068,416.7537172813555,7.169627909728344
805.0,2026-09-07 13:00,1014.6,15.5,0.9316917873055548,5.0,6.0,1.217038862267252,1.217038862267252,1.2136081979029865,6.564784149577076,0.4725111387168437,2.167264253735169,0.033352786761031705,58.146025939148124,1075.192428591677,417.01765264856914,7.171902910183284
806.0,2026-09-07 14:00,1014.7,15.3,0.925579585552664,4.0,5.0,1.2181470840860396,1.2181470840860396,1.2147131444925896,6.561797688861794,0.4720813256588046,2.1618644952998274,0.033337597684337666,58.1724616145088,1075.6812571493201,417.39733221393016,7.175170529655342
807.0,2026-09-07 15:00,1015.3,15.2,0.9315382704045502,4.0,5.0,1.219294423905321,1.219294423905321,1.2158601393101451,6.55870188715206,0.4716359826325066,2.156269633259469,0.03332187437824272,58.1999287543444,1076.1891587695823,417.79146030835426,7.178556215623679
808.0,2026-09-07 16:00,1015.8,15.1,0.9375399758472163,4.0,5.0,1.220321703637468,1.220321703637468,1.2168869926068973,6.555934068090742,0.4712379991167197,2.1512697506214176,0.0333078357061935,58.224540809087046,1076.6442663110518,418.144305610624,7.181581851915002
809.0,2026-09-07 17:00,1015.8,15.1,0.9436275501614317,4.0,5.0,1.220274075394496,1.220274075394496,1.216839925932969,6.556060856758984,0.47125622633360686,2.1514987398675522,0.033308478403311095,58.2234122424476,1076.6233977084894,418.1281326530636,7.1814432811313065
810.0,2026-09-07 18:00,1016.1,14.8,0.9496357298321729,2.0,3.0,1.2220034460369997,1.2220034460369997,1.218565913199519,6.551416180922857,0.47058873495121745,2.1431130192498054,0.03328495867099095,58.26482641730824,1077.3891973745428,418.72121298956904,7.186517814205365
811.0,2026-09-07 19:00,1016.1,14.8,0.9620128377049109,3.0,5.0,1.221908361162369,1.221908361162369,1.2184719521164256,6.551668778568679,0.4706250238679634,2.143568918345106,0.03328623649064684,58.262570369604795,1077.3474802430605,418.6889262677261,7.186241932198608
812.0,2026-09-07 20:00,1015.6,15.6,0.9499392671721532,3.0,4.0,1.2176287320055768,1.2176287320055768,1.2142020071397894,6.563178689295518,0.4722800556869916,2.1643611484982066,0.033344618846532725,58.16022973614209,1075.4550744860182,417.22169620602085,7.173659700087976
813.0,2026-09-07 21:00,1015.1,16.4,0.9381456129382064,4.0,5.0,1.2133627189374647,1.2133627189374647,1.2099457187627316,6.574712370910202,0.4739414195651929,2.1852329285609566,0.03340343069871615,58.05857469223879,1073.5753461336908,415.75915879809696,7.161029374248059
814.0,2026-09-07 22:00,1014.8,16.7,0.9382841383637294,5.0,6.0,1.2115924803479914,1.2115924803479914,1.208179497145051,6.579516358332232,0.47463426825425636,2.1939372140246283,0.03342801838604928,58.01649705519188,1072.7972782256068,415.15225321330036,7.155762141557089
815.0,2026-09-07 23:00,1014.3,16.7,0.9443012263699806,5.0,6.0,1.2109396826398926,1.2109396826398926,1.2075268985488463,6.581294042608057,0.4748907806827129,2.1971597898012867,0.03343713056271539,58.0009656552221,1072.5100832989851,414.92800857225285,7.15381207683212
816.0,2026-09-08 00:00,1013.9,16.7,0.9443012263699806,5.0,6.0,1.2104589265511545,1.2104589265511545,1.2070458188080486,6.5826054310297,0.47508005297885797,2.199537625138232,0.033443857302304356,57.989521759971744,1072.2984714247762,414.76270090163,7.152373192839935
817.0,2026-09-08 01:00,1013.7,16.7,0.9382841383637294,5.0,6.0,1.2102704011039616,1.2102704011039616,1.2068565278578574,6.583121639358174,0.4751545675152336,2.2004737542037045,0.03344650628514933,57.985020193376315,1072.2152318526469,414.69765711908724,7.1518067207029885
818.0,2026-09-08 02:00,1013.5,16.8,0.9204934904118638,4.0,6.0,1.2097154983842733,1.2097154983842733,1.2063010887131436,6.584637058134672,0.4753733515725945,2.203222346963177,0.033454286432861594,57.97181534212404,1071.971057709052,414.50679821691625,7.150143492500283
819.0,2026-09-08 03:00,1013.3,16.7,0.9263510024686976,4.0,5.0,1.209892479490632,1.209892479490632,1.2064770853755937,6.584156768692819,0.475304005768759,2.2023511528888857,0.03345182004922799,57.97599876448424,1072.0484143980887,414.56727384255527,7.150670668506306
820.0,2026-09-08 04:00,1013.3,16.7,0.9204346322424904,4.0,5.0,1.209943464146626,1.209943464146626,1.2065274764593417,6.584019272338221,0.4752841545142888,2.2021017607944096,0.033451114076945766,57.97719667011687,1072.0705651649823,414.5845891272536,7.150821580529135
821.0,2026-09-08 05:00,1013.6,16.7,0.9263510024686976,4.0,5.0,1.2102530465571857,1.2102530465571857,1.206837895181192,6.583172458405206,0.47516190354723753,2.2005659170637064,0.033446767102672734,57.984577124846666,1072.2070389637822,414.6912545955224,7.15175095099254
822.0,2026-09-08 06:00,1013.6,16.5,0.9381918392698475,3.0,4.0,1.2110887123928888,1.2110887123928888,1.2076719150290813,6.58089889193091,0.4748337560979282,2.1964433876888947,0.03343510443376045,58.00441620988722,1072.5738883517029,414.97783884885075,7.1542455896334864
823.0,2026-09-08 07:00,1013.4,16.4,0.9441758258156941,2.0,3.0,1.2112663511256774,1.2112663511256774,1.207848568174534,6.580417631684626,0.47476430958054855,2.1955709283463682,0.03343263727222419,58.00862010458835,1072.6516235998174,415.03854005388297,7.154773537201488
824.0,2026-09-08 08:00,1013.5,16.3,0.9441339324652338,2.0,3.0,1.211856233059457,1.211856233059457,1.2084371111448386,6.578815012000993,0.4745330859658662,2.192666056936627,0.03342442540784354,58.02263044256972,1072.910692196102,415.2407740272389,7.156531354403874
825.0,2026-09-08 09:00,1013.5,16.1,0.9562395715567671,2.0,3.0,1.2126941630391006,1.2126941630391006,1.2092733913646063,6.576539809213343,0.4742049197825594,2.188543292205864,0.033412777513639365,58.04255012657366,1073.279031959225,415.52813498508885,7.159026164063169
826.0,2026-09-08 10:00,1013.4,16.1,0.9623860887912349,3.0,4.0,1.212522634290198,1.212522634290198,1.2091023789986377,6.577004877303276,0.47427199012060073,2.189385899513451,0.033415157445652106,58.038475578560885,1073.203688492453,415.46937205356505,7.158516275831292
827.0,2026-09-08 11:00,1013.6,16.2,0.9562726110719485,3.0,4.0,1.2123443772061526,1.2123443772061526,1.208925108701903,6.577487067994972,0.47434153482259794,2.190259592353208,0.03341762553373859,58.03425254609455,1073.1255993632276,415.408458784228,7.157987577323992
828.0,2026-09-08 12:00,1013.7,16.1,0.9562395715567671,2.0,3.0,1.2129350397068979,1.2129350397068979,1.2095144305307177,6.57588447075001,0.4741104174305866,2.1873560554230798,0.03340942475195495,58.04829412866695,1073.3852457109092,415.61096038740715,7.159744599319054
829.0,2026-09-08 13:00,1013.9,15.9,0.9685194838436679,1.0,2.0,1.2140153392540416,1.2140153392540416,1.210593242111258,6.572953791290419,0.47368791729512655,2.1820481695231226,0.03339444343174585,58.07401659345044,1073.8608861168223,415.98165949255855,7.162956583572571
830.0,2026-09-08 14:00,1014.1,15.9,0.9685194838436679,1.0,2.0,1.2142563825896595,1.2142563825896595,1.2108344481702162,6.572299071214001,0.4735935555961515,2.1808626997695084,0.03339109930993848,58.079770923807324,1073.967290850962,416.06454224226735,7.163673954363333
831.0,2026-09-08 15:00,1014.9,16.1,0.968567317264588,1.0,2.0,1.2142778303606732,1.2142778303606732,1.2108593948135693,6.572231368206482,0.47358379841907844,2.1807401199683136,0.03339075355946345,58.08036612930833,1073.978296941882,416.07311435859816,7.163748131894793
832.0,2026-09-08 16:00,1015.4,16.4,0.9563385788199403,1.0,2.0,1.213569681082184,1.213569681082184,1.210154721049506,6.574144596710705,0.4738595665270952,2.1842046056083153,0.033400528285435625,58.06355798896298,1073.667493495797,415.8309757511956,7.161651647841472
833.0,2026-09-08 17:00,1015.7,16.9,0.9383762331958372,2.0,2.0,1.2117340731103914,1.2117340731103914,1.208324665914972,6.579121113158129,0.4745772454400837,2.1932208341565045,0.03342599341444784,58.019953133574994,1072.861185418749,415.2021358193794,7.156195642962527
834.0,2026-09-08 18:00,1016.0,17.1,0.9265692349289826,1.0,2.0,1.2112591843924534,1.2112591843924534,1.207851655172254,6.58040922264403,0.4747630961895373,2.1955556844671382,0.03343259416842306,58.008693572833074,1072.652982119152,415.0396008019442,7.1547827616707025
835.0,2026-09-08 19:00,1016.2,17.1,0.9265692349289826,2.0,2.0,1.211499231166477,1.211499231166477,1.208091863326433,6.579754989890284,0.4746686977663132,2.194369753345332,0.03342924115104736,58.014410933847515,1072.7587032441122,415.1221406535832,7.15550040018397
836.0,2026-09-08 20:00,1016.1,17.1,0.9325019968077043,2.0,3.0,1.2113268418450605,1.2113268418450605,1.2079200010466276,6.580223055437742,0.47473623340152055,2.1952182061996046,0.03343163993848019,58.01032020265912,1072.6830605302703,415.0630856763448,7.154986978632792
837.0,2026-09-08 21:00,1015.9,17.4,0.9386055805304941,2.0,3.0,1.2096241146644777,1.2096241146644777,1.2062220187351327,6.584852871876776,0.47540451313312976,2.2036138308797573,0.03345539485592466,57.969936060001544,1071.9363074423459,414.47962834719874,7.149906598451192
838.0,2026-09-08 22:00,1015.7,17.5,0.9446335901866882,2.0,3.0,1.2088603610740853,1.2088603610740853,1.205460165119862,6.586933364339915,0.47570496988609967,2.207388480942057,0.03346608589148726,57.951835289952996,1071.601601663343,414.2178417122279,7.147622497885586
839.0,2026-09-08 23:00,1015.5,17.7,0.9387425817751948,1.0,2.0,1.2077352041924287,1.2077352041924287,1.204337098026478,6.590003868574386,0.47614857375640623,2.21296149389696,0.03348188282355339,57.92517386433378,1071.1085987022939,413.83193561513735,7.144250211218542
840.0,2026-09-09 00:00,1015.1,17.4,0.956666206169021,2.0,3.0,1.2085026225677065,1.2085026225677065,1.2051017615292616,6.587912785805862,0.47584644704157014,2.2091658640377343,0.03347112235709284,57.943324080128704,1071.4442187947218,414.0946877781071,7.146546981071771
841.0,2026-09-09 01:00,1015.1,18.1,0.9389245458640236,1.0,2.0,1.2053779366049078,1.2053779366049078,1.20198528443377,6.596447744044678,0.47708020969439224,2.2246656730062653,0.033515106728356364,57.86942496543037,1070.077732137724,413.02381007215496,7.137168035087341
842.0,2026-09-09 02:00,1015.0,17.8,0.9507601099501196,2.0,2.0,1.2065566232516942,1.2065566232516942,1.2031608281015749,6.593224439551651,0.476614080307163,2.218809671092003,0.03349847555236691,57.89727677656541,1070.5927468093425,413.4277480661312,7.1407114649211065
843.0,2026-09-09 03:00,1015.2,17.4,0.9627539014057284,2.0,3.0,1.208567816772843,1.208567816772843,1.2051676696389604,6.587732643728539,0.4758204239904866,2.208838935418481,0.03347019584635232,57.94488904214894,1071.4731568913157,414.11733499262374,7.1467448093894195
844.0,2026-09-09 04:00,1015.5,17.1,0.9749745671482061,2.0,3.0,1.2102318144336532,1.2102318144336532,1.206828840238541,6.583197155419095,0.47516546872868093,2.2006107065790843,0.033446893856817296,57.984361808860065,1072.203057503058,414.688143154008,7.1517238479055445
845.0,2026-09-09 05:00,1016.0,16.6,0.9811068775156451,1.0,2.0,1.2131377632452935,1.2131377632452935,1.20972860842073,6.575302327203515,0.474026477968354,2.1863015206415723,0.03340644730164596,58.05339899602572,1073.4796410654405,415.68455577107085,7.160382733137266
846.0,2026-09-09 06:00,1016.5,16.6,0.987369425026076,3.0,3.0,1.2136852709033479,1.2136852709033479,1.2102771459595565,6.573812086335752,0.4738116335267884,2.183602421431039,0.033398828869879736,58.06647740306319,1073.7214770980431,415.87304315705455,7.162016050505518
847.0,2026-09-09 07:00,1016.5,16.9,0.9873983802758117,2.0,3.0,1.2122673746601267,1.2122673746601267,1.208863583606336,6.577654446422537,0.4743656764285303,2.1905628843026674,0.03341848238541577,58.03278700768803,1073.098499733063,415.3873176523728,7.157804046139356
848.0,2026-09-09 08:00,1016.5,16.7,0.9811212881545688,1.0,2.0,1.2132665421571334,1.2132665421571334,1.2098592322023012,6.574947362751404,0.47397529917873205,2.1856585594848488,0.03340463217699495,58.05651282528069,1073.537219646002,415.72944045697295,7.160771810530509
849.0,2026-09-09 09:00,1016.5,16.3,0.9873403700791997,2.0,2.0,1.215103397151404,1.215103397151404,1.211690954550226,6.569975784407429,0.47325878714684,2.1766569905099917,0.0333792406921547,58.10021351616436,1074.3452998407092,416.3588532733623,7.166218987431517
850.0,2026-09-09 10:00,1016.5,16.3,0.9873403700791997,2.0,2.0,1.215103397151404,1.215103397151404,1.211690954550226,6.569975784407429,0.47325878714684,2.1766569905099917,0.0333792406921547,58.10021351616436,1074.3452998407092,416.3588532733623,7.166218987431517
851.0,2026-09-09 11:00,1016.5,16.3,0.9873403700791997,2.0,3.0,1.215103397151404,1.215103397151404,1.211690954550226,6.569975784407429,0.47325878714684,2.1766569905099917,0.0333792406921547,58.10021351616436,1074.3452998407092,416.3588532733623,7.166218987431517
852.0,2026-09-09 12:00,1017.0,16.3,0.9873403700791997,2.0,2.0,1.2157051727271544,1.2157051727271544,1.2122931358103628,6.568343832692762,0.47302370574251906,2.1737036535365517,0.03337091833452225,58.1145947533627,1074.6112268253946,416.56577360894113,7.168006167415239
853.0,2026-09-09 13:00,1016.9,16.4,0.9873500661671213,2.0,3.0,1.2151119146117715,1.2151119146117715,1.2117012337625581,6.56994791684509,0.4732547723555485,2.176606552528323,0.033379098525708854,58.100458942952734,1074.349838087655,416.3623853960073,7.16624950940271
854.0,2026-09-09 14:00,1017.0,16.7,0.9811212881545688,2.0,3.0,1.2138674872680562,1.2138674872680562,1.2104605818782983,6.573313962329736,0.4737398310463047,2.1827003640309233,0.03339628350792972,58.07085227969003,1073.802374014887,415.9360750452516,7.162561917327379
855.0,2026-09-09 15:00,1017.2,16.7,0.9748983704453223,3.0,4.0,1.214161491658741,1.214161491658741,1.2107541237677486,6.57251707883002,0.4736249749558869,2.1812574224276293,0.03339221271914787,58.077854536681556,1073.9318544665384,416.03694132969497,7.163435093266557
856.0,2026-09-09 16:00,1017.6,16.8,0.9625848108104053,4.0,5.0,1.2142766421534736,1.2142766421534736,1.2108697925802678,6.572203150195109,0.4735797317441326,2.1806890301702446,0.03339060945689539,58.08061421475665,1073.9828843507612,416.07668721866037,7.16377904820688
857.0,2026-09-09 17:00,1017.8,17.0,0.9504639524498745,4.0,5.0,1.2136797724230914,1.2136797724230914,1.2102747145260468,6.573818689703885,0.47381258541107474,2.183614379990949,0.03339886261629156,58.066419418806774,1073.7204048969343,415.872207672673,7.162008813961392
858.0,2026-09-09 18:00,1018.2,17.1,0.9444677774957962,4.0,5.0,1.2137417161787452,1.2137417161787452,1.2103377956052936,6.573647378445762,0.4737878909750612,2.18330414281533,0.03339798716563018,58.067923799736015,1073.7482227737146,415.89388346856765,7.162196549387536
859.0,2026-09-09 19:00,1018.1,17.3,0.9385598124527261,3.0,4.0,1.2127327920468505,1.2127327920468505,1.209331035376929,6.5763830685656846,0.47418231631548563,2.1882593239556756,0.03341197552530243,58.0439236870347,1073.304430802638,415.54794250678293,7.159198002315685
860.0,2026-09-09 20:00,1017.6,17.5,0.9386512980611728,3.0,3.0,1.2111917467349433,1.2111917467349433,1.2077924540283314,6.5805704933070945,0.47478636717313466,2.195848038753794,0.0334334208526008,58.00728466305388,1072.6269296228259,415.01925822176423,7.154605850497587
861.0,2026-09-09 21:00,1017.1,17.7,0.9268947941012571,5.0,5.0,1.209760004291251,1.209760004291251,1.206361931886886,6.584471007110694,0.475349375995566,2.2029211408413976,0.03345343366615349,57.97326150751174,1071.9977991079736,414.5277050281404,7.150325757925989
862.0,2026-09-09 22:00,1016.8,17.6,0.9327522691843109,5.0,6.0,1.2098166358860525,1.2098166358860525,1.206417511060302,6.584319333387625,0.47532747683946175,2.202646020877755,0.03345265479146238,57.974582619395854,1072.0222281118856,414.5468030339664,7.150492238218831
863.0,2026-09-09 23:00,1015.9,17.8,0.8922143980445946,5.0,6.0,1.2081730272190014,1.2081730272190014,1.2047717362267436,6.5888150434580774,0.47597679652016006,2.2108034496889695,0.03347576401251681,57.93548907948341,1071.2993398759002,413.98128513530315,7.145556060937882
864.0,2026-09-10 00:00,1015.2,17.8,0.8865379538262589,5.0,6.0,1.2073871248161816,1.2073871248161816,1.2039846687728852,6.590968307852118,0.4762879515166058,2.214712502206876,0.0334868491677558,57.91681251017312,1070.9539868515076,413.71083457090253,7.143190666755598
866.0,2026-09-10 02:00,1014.6,17.8,0.8696986449772554,4.0,5.0,1.2068236881511742,1.2068236881511742,1.2034189616707849,6.592517277753728,0.47651184650696204,2.2175253038195644,0.03349483009452048,57.90339641744234,1070.7059065899175,413.5164474134887,7.141488634489228
867.0,2026-09-10 03:00,1014.6,17.8,0.8808932813542415,4.0,5.0,1.2067206646413933,1.2067206646413933,1.2033171272239127,6.592796227970681,0.4765521728010198,2.2180319246455995,0.03349626795808751,57.900982039798976,1070.6612617406784,413.4814552619305,7.14118207835782
868.0,2026-09-10 04:00,1014.9,18.0,0.8754595130332201,4.0,5.0,1.2061987758922463,1.2061987758922463,1.2027977106376089,6.59421959204142,0.47675796725889313,2.2206173285533306,0.03350360760520846,57.888670543871356,1070.433606849528,413.3029743601522,7.13961765708417
869.0,2026-09-10 05:00,1015.7,17.8,0.8922143980445946,2.0,3.0,1.2079335579763124,1.2079335579763124,1.2045321063797576,6.589470400926185,0.47607148743484384,2.2119930553925435,0.033479136688182316,57.92980150116674,1071.1941694701102,413.89894400043994,7.144836220301976
870.0,2026-09-10 06:00,1015.5,17.8,0.9036632119348679,4.0,4.0,1.2075887260447349,1.2075887260447349,1.2041883299048155,6.590410927916824,0.47620739821699176,2.2137005079201737,0.033483978694588454,57.92164404660402,1071.043327976805,413.78081620691995,7.143803029382074
871.0,2026-09-10 07:00,1015.5,17.7,0.9210203310768247,4.0,5.0,1.207897333207644,1.207897333207644,1.2044973543299404,6.589565459645529,0.47608522300677214,2.2121656159255405,0.03347962597382565,57.92897676290607,1071.1789190326274,413.887002569701,7.144731802594642
872.0,2026-09-10 08:00,1015.5,17.5,0.9267865120644552,3.0,4.0,1.2087819816271215,1.2087819816271215,1.2053797582373549,6.587153056906194,0.47573670258557493,2.2077871400997147,0.0334672154181341,57.949925597303476,1071.566289068122,414.19021245802713,7.147381263890703
873.0,2026-09-10 09:00,1015.7,17.1,0.9384681243612039,2.0,3.0,1.210794087858165,1.210794087858165,1.2073875354489747,6.581673855653505,0.4749455951058814,2.1978484255659443,0.03343907839221452,57.997650016145556,1072.4487730035098,414.88012089905266,7.153395366597735
874.0,2026-09-10 10:00,1015.5,17.1,0.9444677774957962,2.0,2.0,1.2105010847294253,1.2105010847294253,1.2070949855238777,6.582471370168615,0.47506070228463665,2.1992945216019457,0.03344316945539504,57.990691121474214,1072.3200943751574,414.7795954714416,7.152520300242583
875.0,2026-09-10 11:00,1015.4,17.2,0.9445092997277962,2.0,3.0,1.2099109563349153,1.2099109563349153,1.2065062093929266,6.584077300285782,0.47529253234077773,2.2022070117597012,0.033451412014887584,57.976691099471786,1072.06121653417,414.5772813798847,7.150757891108102
876.0,2026-09-10 12:00,1015.4,17.0,0.9565355957601622,1.0,2.0,1.2107449463099866,1.2107449463099866,1.207338569250898,6.581807321230718,0.47496485754036155,2.1980904202916136,0.03343976293584523,57.99648513579329,1072.4272329151763,414.86329523075506,7.153248929816899
877.0,2026-09-10 13:00,1015.2,16.8,0.9687338831787756,2.0,2.0,1.211339791673331,1.211339791673331,1.2079316216677434,6.580191403620073,0.47473166631361646,2.195160829693764,0.03343147771005591,58.01059678242274,1072.688174834523,415.0670787312274,7.15502169867339
878.0,2026-09-10 14:00,1015.4,16.8,0.97491745207163,2.0,2.0,1.211526478963142,1.211526478963142,1.2081190942912272,6.579680835741501,0.4746579987494208,2.1942353411732625,0.033428861165691215,58.0150591499492,1072.7706895670528,415.1314977039372,7.155581736648125
879.0,2026-09-10 15:00,1015.7,16.7,0.9748983704453223,2.0,2.0,1.212358656325973,1.212358656325973,1.2089500747397572,6.577419151774791,0.4743317391916933,2.1901365294550073,0.03341727787242129,58.034847263028816,1073.1365964199406,415.41703756485896,7.1580620464474105
880.0,2026-09-10 16:00,1016.0,16.9,0.9626130719112396,2.0,2.0,1.2118830094822401,1.2118830094822401,1.2084763017550337,6.578708336402694,0.4745176969663718,2.1924727243277706,0.0334238790123233,58.02356362635734,1072.9279479264244,415.25424062733083,7.156648345512868
881.0,2026-09-10 17:00,1016.1,16.9,0.9626130719112396,2.0,3.0,1.2120031156297326,1.2120031156297326,1.208596488703957,6.578381223694678,0.4744705093113177,2.191879903952361,0.033422203697218884,58.0264256391775,1072.9808701075206,415.2955390294062,7.1570070783235105
882.0,2026-09-10 18:00,1016.4,17.0,0.9687812316150222,2.0,3.0,1.2118381517544339,1.2118381517544339,1.208433830053311,6.578823943263511,0.4745343743992493,2.1926822435761406,0.033424471155236016,58.02255231654122,1072.909247548545,415.2396465850469,7.1565215594052605
883.0,2026-09-10 19:00,1016.6,17.6,0.9567312924102144,2.0,2.0,1.2093589364838542,1.2093589364838542,1.2059621716353595,6.585562248506353,0.47550694792491865,2.204900723217459,0.03345903899433402,57.96376107562155,1071.8221242914801,414.3903401998525,7.149127877661775
884.0,2026-09-10 20:00,1016.3,17.6,0.950686317855001,2.0,3.0,1.209054458580332,1.209054458580332,1.205656817013813,6.586396152702596,0.475627378749078,2.206413700421075,0.03346332434935566,57.95650639345068,1071.6879761839186,414.2854148477308,7.148212351435778
885.0,2026-09-10 21:00,1016.0,17.6,0.9446749284850298,2.0,3.0,1.2087496752528593,1.2087496752528593,1.2053511604989697,6.587231198682909,0.4757479897475296,2.2079289411614447,0.03346761720325998,57.94924642208962,1071.553730272644,414.18038575963055,7.147295458215821
886.0,2026-09-10 22:00,1015.6,17.2,0.9626976646208809,3.0,4.0,1.2099894167663259,1.2099894167663259,1.2065867039431646,6.583857676126694,0.4752608243346334,2.201808662825337,0.03345028442096542,57.97860470152008,1072.0966014190426,414.604940758298,7.150998939914605
887.0,2026-09-10 23:00,1014.9,16.8,0.97491745207163,5.0,6.0,1.2109257411104055,1.2109257411104055,1.2075179521525206,6.581318422682772,0.47489429910753456,2.197203991911377,0.03343725558312333,58.000752796484456,1072.506147275854,414.92493442921244,7.153785329047693
888.0,2026-09-11 00:00,1014.5,16.4,0.9873500661671213,5.0,6.0,1.212224389438487,1.212224389438487,1.2088117626494805,6.577795434748749,0.4743860121698023,2.190818363023983,0.0334192041903765,58.03155268230124,1073.0756755195616,415.36951103750044,7.1576494482489
889.0,2026-09-11 01:00,1014.4,16.4,0.9873500661671213,6.0,7.0,1.2121040758896,1.2121040758896,1.208691368019769,6.578123025210244,0.4744332645369381,2.191411996379832,0.03342088150433798,58.02868520538968,1073.022652300611,415.32814127256273,7.157290222973848
890.0,2026-09-11 02:00,1014.3,16.2,0.9936475830329542,6.0,7.0,1.2128746119499216,1.2128746119499216,1.209459564878986,6.576033622530717,0.4741319248689503,2.1876262542212666,0.03341018773576734,58.046986569318044,1073.3610673102503,415.59210756049345,7.159581093227041
891.0,2026-09-11 03:00,1014.5,15.9,0.9685194838436679,6.0,7.0,1.2147384692608956,1.2147384692608956,1.2113168602881328,6.5709902177862585,0.4734049449380513,2.17849317661747,0.03338441705847784,58.09128305896024,1074.180164565948,416.230307741685,7.165107841037503
892.0,2026-09-11 04:00,1014.7,15.7,0.9684715417549177,5.0,7.0,1.2159222266040823,1.2159222266040823,1.2124979390260926,6.567789079275995,0.47294380723470775,2.1726998854251467,0.033368090707110575,58.11948748473901,1074.7016995214383,416.63614768553856,7.168613587567142
893.0,2026-09-11 05:00,1015.2,15.8,0.9684955264032133,5.0,6.0,1.2160536663917803,1.2160536663917803,1.2126312057125725,6.567428173366186,0.4728918312886951,2.1720469095611814,0.033366251522308855,58.122671661218185,1074.7605789097784,416.68194052120685,7.169008729501229
894.0,2026-09-11 06:00,1015.2,15.8,0.9684955264032133,5.0,7.0,1.2160536663917803,1.2160536663917803,1.2126312057125725,6.567428173366186,0.4728918312886951,2.1720469095611814,0.033366251522308855,58.122671661218185,1074.7605789097784,416.68194052120685,7.169008729501229
895.0,2026-09-11 07:00,1015.0,15.7,0.9684715417549177,5.0,6.0,1.2162840419554433,1.2162840419554433,1.2128599988007045,6.566808706551154,0.4728026252941533,2.170926211126127,0.03336309541198667,58.1281390964062,1074.8616785949766,416.7605579503902,7.169686909453405
896.0,2026-09-11 08:00,1015.0,15.8,0.9623004404838854,5.0,6.0,1.2158631095996877,1.2158631095996877,1.2124398931331521,6.567946294747504,0.47296644954939654,2.172984341719458,0.03336889197557322,58.118100688828235,1074.6760559380775,416.61620207042023,7.168441451675044
897.0,2026-09-11 09:00,1015.2,15.7,0.962271826464948,5.0,7.0,1.2165755548789545,1.2165755548789545,1.2131510843879703,6.566020833519702,0.4726891802075391,2.169500996019383,0.03335908258206564,58.13509662527386,1074.990331967918,416.86058020512706,7.170549365250381
898.0,2026-09-11 10:00,1015.1,15.7,0.9499770180367135,6.0,7.0,1.2165547062666227,1.2165547062666227,1.2131289836923094,6.566080642892484,0.47269779162467146,2.16960918159316,0.033359387155157925,58.13456831550091,1074.9805628623144,416.85298600772273,7.170483897728948
899.0,2026-09-11 11:00,1015.1,15.6,0.9560738153574602,5.0,6.0,1.2169760239138145,1.2169760239138145,1.2135494724109086,6.564942987566162,0.4725340042445904,2.167551514263949,0.03335359518852882,58.14462161594537,1075.166460906861,416.99747351093697,7.171729076943225
900.0,2026-09-11 12:00,1014.9,15.6,0.9560738153574602,4.0,5.0,1.216734730143562,1.216734730143562,1.2133080155788996,6.56559618999274,0.4726280418362131,2.168732912244086,0.033356920367800774,58.13884829121805,1075.0597049431583,416.9145045910877,7.171014164277195
901.0,2026-09-11 13:00,1014.7,15.6,0.9560738153574602,4.0,5.0,1.2164934363733098,1.2164934363733098,1.2130665587468905,6.566249587436245,0.4727221168635704,2.1699147805308368,0.033360247532867704,58.13307612019267,1074.9529703128412,416.8315356712382,7.170298967311155
902.0,2026-09-11 14:00,1014.7,15.6,0.9438393676410873,4.0,5.0,1.2165921042724508,1.2165921042724508,1.213164067893139,6.565985698043892,0.47268412140092186,2.1694374420319154,0.03335890366214206,58.135406996151794,1074.9960711119545,416.8650415715367,7.170587824372342
903.0,2026-09-11 15:00,1014.9,15.8,0.9318447949241937,3.0,4.0,1.2159911530881833,1.2159911530881833,1.2125649401973138,6.567607622751465,0.47291767437538107,2.172371577280595,0.03336716596259668,58.12108831758049,1074.731300914187,416.65917049569737,7.168812260001438
904.0,2026-09-11 16:00,1015.0,15.9,0.9379137104349758,3.0,4.0,1.2155924238610407,1.2155924238610407,1.2121682769040079,6.568682108790764,0.4730724293592844,2.174315770259644,0.033372642909497055,58.1116122929849,1074.5560774189648,416.5228698380781,7.167635751320564
905.0,2026-09-11 17:00,1015.1,15.8,0.9439237638824047,3.0,4.0,1.21613368023919,1.21613368023919,1.2127087863007342,6.567218101049133,0.47286157899166986,2.171666848758013,0.03336518112855888,58.12452547702605,1074.794858272614,416.7085986097251,7.169238719625003
906.0,2026-09-11 18:00,1015.3,15.7,0.9438815893172254,4.0,5.0,1.2168453730391893,1.2168453730391893,1.213419233057926,6.56529529407421,0.4725847225135105,2.168188689880895,0.03335538850973208,58.141507400183606,1075.1088751793075,416.9527209216277,7.171343495650596
907.0,2026-09-11 19:00,1015.6,15.8,0.9439237638824047,4.0,5.0,1.2167364971293126,1.2167364971293126,1.2133120102809283,6.565585381716803,0.4726264857581543,2.168713363173934,0.03335686533933075,58.13894379667981,1075.0614709580789,416.91587724271096,7.17102599422386
908.0,2026-09-11 20:00,1015.2,16.0,0.9379601939655834,3.0,4.0,1.215363296195227,1.215363296195227,1.2119407216153806,6.569298751242691,0.4731612539455735,2.175431677047745,0.033375787317477965,58.10617755634302,1074.4555823706041,416.44467773911646,7.166960472237367
909.0,2026-09-11 21:00,1014.8,16.2,0.9260768600471826,3.0,4.0,1.214041644867908,1.214041644867908,1.2106203993042841,6.572880067117243,0.47367729131012626,2.1819146748536005,0.03339406681994615,58.07466441091181,1073.872865068407,415.99099119360335,7.163037366005711
910.0,2026-09-11 22:00,1014.4,16.3,0.92613180915866,4.0,5.0,1.2130908782938141,1.2130908782938141,1.2096707178297186,6.57545966075643,0.47404916321034607,2.1865865162332914,0.03340725192697119,58.05201910038617,1073.4541250766874,415.66466352049474,7.160210272819429
911.0,2026-09-11 23:00,1013.9,16.4,0.9143620490434257,4.0,5.0,1.2121202515966416,1.2121202515966416,1.2086999293751066,6.578099728382376,0.4744299040736313,2.1913697787464947,0.033420762212689595,58.0288891043119,1073.0264226455974,415.33108310857915,7.15731577011557
912.0,2026-09-12 00:00,1013.7,16.8,0.9087686119090767,2.0,3.0,1.2100574412233216,1.2100574412233216,1.2066420108005194,6.583706787691389,0.47523904058901334,2.2015349927681687,0.033449509795251874,57.979919590511805,1072.1209153539248,414.62394519141674,7.151164543168293
913.0,2026-09-12 01:00,1013.1,17.0,0.8973254065896696,4.0,5.0,1.2085029617584728,1.2085029617584728,1.2050886936889378,6.587948504985463,0.47585160706458024,2.209230689610746,0.033471306077801716,57.943013799845076,1071.4384813258866,414.09019743261797,7.1465077543778905
914.0,2026-09-12 02:00,1012.9,16.9,0.8915065858089316,4.0,5.0,1.2087798755419468,1.2087798755419468,1.2053634543907679,6.587197605946294,0.47574313743988095,2.207867981428681,0.0334674444762067,57.94953839093819,1071.5591291402416,414.1846101624556,7.147332345743472
915.0,2026-09-12 03:00,1012.7,16.6,0.8912691318196373,4.0,5.0,1.2099397049604308,1.2099397049604308,1.206518911866724,6.584042640949449,0.47528752836539134,2.2021441466191534,0.03345123405949295,57.976993067522564,1072.0668002994682,414.58164617884955,7.150795932034789
916.0,2026-09-12 04:00,1012.7,16.5,0.8854627360062293,4.0,5.0,1.2104552352319573,1.2104552352319573,1.2070324733803308,6.5826418208717685,0.47508530565154655,2.1996036146728164,0.03344404402057868,57.98920436604032,1072.292602415735,414.75811517210855,7.152333261102639
917.0,2026-09-12 05:00,1012.9,16.5,0.8854627360062293,3.0,5.0,1.2106957792546067,1.2106957792546067,1.2072731794526403,6.581985564743725,0.4749905831646383,2.1984136123261386,0.033440677210014084,57.99492962163614,1072.398469521336,414.84082611739245,7.153053358696171
918.0,2026-09-12 06:00,1013.0,16.4,0.8911104051473652,3.0,5.0,1.211234222929294,1.211234222929294,1.2078108744405947,6.580520312734063,0.4747791261714139,2.195757069762995,0.03343316361712201,58.007723037234015,1072.635035707322,415.02558780745443,7.154660898188637
919.0,2026-09-12 07:00,1012.8,16.3,0.8910309142527234,3.0,5.0,1.211460495083262,1.211460495083262,1.2080355876243398,6.5799082453172035,0.47469080995779345,2.1946475496808224,0.033430026512865654,58.013071373026214,1072.7339330963775,415.10280330794836,7.155332298109538
920.0,2026-09-12 08:00,1013.0,16.2,0.8909513381609734,3.0,5.0,1.2121682356459624,1.2121682356459624,1.2087420953905732,6.577984991469114,0.47441335396029505,2.1911618590185533,0.03342017471962903,58.029893359833785,1073.0449925807918,415.3455721115554,7.157441588528624
921.0,2026-09-12 09:00,1013.2,16.2,0.8909513381609734,4.0,5.0,1.2124090290662506,1.2124090290662506,1.2089830511968376,6.577329447680422,0.47431880122682796,2.1899739892910657,0.03341681869606367,58.03563281557362,1073.151122264739,415.4283688699277,7.1581604044894505
922.0,2026-09-12 10:00,1013.2,16.2,0.8909513381609734,4.0,5.0,1.2124090290662506,1.2124090290662506,1.2089830511968376,6.577329447680422,0.47431880122682796,2.1899739892910657,0.03341681869606367,58.03563281557362,1073.151122264739,415.4283688699277,7.1581604044894505
923.0,2026-09-12 11:00,1013.3,16.2,0.8852124883984177,4.0,5.0,1.2125774159899647,1.2125774159899647,1.2091509583902817,6.576872755626164,0.4742529355562438,2.1891465162683548,0.033414481276949876,58.03963297378909,1073.2250901715215,415.48606480819996,7.158661134122522
924.0,2026-09-12 12:00,1013.2,16.2,0.8795061866317074,5.0,6.0,1.2125047373159794,1.2125047373159794,1.2090776407813368,6.577072161048389,0.4742816939172434,2.189507808694189,0.03341550180422127,58.037886213136886,1073.1927903918292,415.4608715561827,7.158442504788244
925.0,2026-09-12 13:00,1013.3,16.1,0.8794187093963343,4.0,5.0,1.2130918284234935,1.2130918284234935,1.2096634248805154,6.5754794821464255,0.4740520212090224,2.186622421383617,0.03340735330036946,58.05184526844067,1073.4509107075432,415.6621575316897,7.1601885454218355
926.0,2026-09-12 14:00,1013.5,16.0,0.8850452112281308,4.0,5.0,1.2137523256014382,1.2137523256014382,1.2103232507423904,6.57368687719644,0.4737935846440171,2.18337567260345,0.033398189009733986,58.067576921424376,1073.7418085617664,415.8888855914965,7.162153264191946
927.0,2026-09-12 15:00,1014.5,16.1,0.8794187093963343,4.0,5.0,1.2145370884302775,1.2145370884302775,1.2111096598771847,6.57155228647856,0.4734859365298004,2.179510677185587,0.03338728616822918,58.08633792443979,1074.0887228705117,416.15910994560005,7.164492113222056
928.0,2026-09-12 16:00,1015.3,16.2,0.8738322750656273,3.0,4.0,1.2150805154072897,1.2150805154072897,1.2116545693492902,6.570074429722894,0.47327299880130036,2.1768355320866544,0.03337974394603855,58.099344798859974,1074.3292361759413,416.34635066246074,7.166110945034793
929.0,2026-09-12 17:00,1015.5,16.3,0.8795935710186665,4.0,5.0,1.2148063038675432,1.2148063038675432,1.2113824633391108,6.570812287670982,0.4733793074456194,2.178171091786796,0.03338350895808443,58.09284894768708,1074.2091197985012,416.2528501325264,7.165302746769474
930.0,2026-09-12 18:00,1015.8,16.3,0.8795935710186665,5.0,6.0,1.2151673692129934,1.2151673692129934,1.211743772095193,6.569832596639159,0.4732381587203964,2.1763978347732977,0.03337851023859374,58.1014746118033,1074.3686190695098,416.37700233387375,7.166375812590596
931.0,2026-09-12 19:00,1016.3,16.5,0.8517752397819288,5.0,6.0,1.2150718655705661,1.2150718655705661,1.2116486759144123,6.570090408058644,0.473275300791682,2.176864452082799,0.033379825464050036,58.09920409223577,1074.3266343352386,416.3443255720049,7.166093444430577
932.0,2026-09-12 20:00,1016.2,16.6,0.8518809679112959,5.0,6.0,1.2144851707534805,1.2144851707534805,1.2110632804180543,6.571678118929938,0.47350406937388634,2.1797384808224907,0.03338792858758243,58.08523112921677,1074.068256848551,416.1431731274316,7.16435426075308
933.0,2026-09-12 21:00,1016.4,16.7,0.8410250592928644,4.0,4.0,1.2143536403332573,1.2143536403332573,1.2109321940175564,6.572033809496937,0.4735553273587529,2.180382436912202,0.033389744713845745,58.08210312666982,1074.010416186171,416.0981294773276,7.163964579069554
934.0,2026-09-12 22:00,1016.5,16.9,0.8304267813171429,5.0,6.0,1.213636405580675,1.213636405580675,1.2102167011787475,6.573976250187106,0.4738352982475821,2.1838997222536545,0.03339966785689318,58.06503596505693,1073.6948231142912,415.8522732408235,7.161836143373441
935.0,2026-09-12 23:00,1016.2,16.9,0.819726112666785,5.0,6.0,1.213369413232536,1.213369413232536,1.209948381622016,6.5747051360794515,0.47394037651300286,2.185219824655069,0.033403393710148416,58.058638178015066,1073.5765200647527,415.76007380454644,7.161037303868098
936.0,2026-09-13 00:00,1015.8,17.1,0.8094120142815455,6.0,7.0,1.212053233956163,1.212053233956163,1.2086335421737353,6.578280385140402,0.4744559633153114,2.1916971620296435,0.03342168730068407,58.02730805209127,1072.997187021161,415.3082712695279,7.157117660821084
937.0,2026-09-13 01:00,1015.8,17.1,0.8146799547517187,6.0,8.0,1.2120067361140539,1.2120067361140539,1.2085875839612998,6.57840545805087,0.4744740051587349,2.1919238224216273,0.03342232780544871,58.026213580545296,1072.9769488793354,415.2924791993171,7.156980501973577
938.0,2026-09-13 02:00,1015.8,17.0,0.8198521413065889,7.0,8.0,1.212424453410664,1.212424453410664,1.2090044705044807,6.577271183848345,0.47431039796565544,2.1898684187888393,0.03341652046584792,58.036143069778234,1073.1605575003994,415.43572893012674,7.158224288451397
939.0,2026-09-13 03:00,1015.6,16.7,0.84649021066195,8.0,10.0,1.213345031903881,1.213345031903881,1.2099234865868291,6.57477277534573,0.4739501281729058,2.185342335143838,0.03340373952529569,58.058044655879215,1073.5655451013504,415.7515194217117,7.160963168600458
940.0,2026-09-13 04:00,1016.1,16.5,0.8797680617579738,9.0,10.0,1.2145929718919262,1.2145929718919262,1.211172399482816,6.571382078695394,0.47346140961609046,2.1792025445992897,0.033386417255764564,58.087835204826796,1074.1164094494238,416.1806684050054,7.164678575772143
941.0,2026-09-13 05:00,1016.7,16.4,0.8911104051473652,8.0,10.0,1.2156858242381077,1.2156858242381077,1.2122654757399225,6.568418766698716,0.4730344986499165,2.1738392452587463,0.033371300334730826,58.11393402040668,1074.59900905023,416.55626911015236,7.167924115477689
942.0,2026-09-13 06:00,1016.9,16.3,0.9025988854935225,7.0,9.0,1.2162977351751056,1.2162977351751056,1.2128772909280818,6.566761894520701,0.4727958844941713,2.1708415261895415,0.033362856946510706,58.128552366019484,1074.8693204647689,416.76649983705545,7.16973815574817
943.0,2026-09-13 07:00,1017.0,16.2,0.9142353949558086,7.0,8.0,1.2167893948496042,1.2167893948496042,1.2133687781302434,6.565431793406381,0.4726043737757056,2.168435569464514,0.03335608340034671,58.140301038333995,1075.0865680464312,416.93538369900244,7.171194098635676
944.0,2026-09-13 08:00,1017.3,16.1,0.9141719642448332,7.0,9.0,1.2176204895376146,1.2176204895376146,1.21419871505506,6.563187586737685,0.4722813361907017,2.1643772355169246,0.033344664096505695,58.16015097093856,1075.453618019319,417.2205649863664,7.173649965159874
945.0,2026-09-13 09:00,1017.5,16.0,0.9141084642906876,7.0,8.0,1.2183314013929984,1.2183314013929984,1.2149083898298447,6.561270401417422,0.4720054584753925,2.1609113728761757,0.03333491806457527,58.17713533374493,1075.7676800381569,417.4644220311984,7.175747304096861
946.0,2026-09-13 10:00,1017.3,15.8,0.9258564578455536,7.0,8.0,1.2189335564513761,1.2189335564513761,1.2155087244301368,6.559649909501806,0.4717723369826757,2.1579826583496793,0.03332668693642074,58.191510653140234,1076.0334975952949,417.6707078211677,7.177519592346734
947.0,2026-09-13 11:00,1017.1,15.9,0.9259116494345963,7.0,9.0,1.218221944378463,1.218221944378463,1.214798351215407,6.561567560511392,0.47204821357676857,2.1614485069045433,0.03333642811663203,58.174501172837225,1075.7189711226654,417.4266107797808,7.175422261715673
948.0,2026-09-13 12:00,1017.2,16.0,0.9141084642906876,7.0,8.0,1.2179699614336674,1.2179699614336674,1.2145467059543604,6.562247279888957,0.472146018540011,2.1626772345232337,0.03333988296928797,58.16847805657631,1075.6075962024422,417.34014093206287,7.174678707016298
949.0,2026-09-13 13:00,1017.4,16.0,0.9141084642906876,7.0,8.0,1.2182109214065546,1.2182109214065546,1.2147878285380165,6.561595979099179,0.4720523025303682,2.1614998765902196,0.03333657254008036,58.174249288082635,1075.7143134598819,417.42299499815323,7.175391175759701
950.0,2026-09-13 14:00,1017.5,15.9,0.9081618496369518,7.0,8.0,1.2188497991619713,1.2188497991619713,1.2154248236148943,6.559876312018401,0.471804903442495,2.15839179207149,0.03332783655904058,58.18950117853167,1075.9963399073931,417.64187798869943,7.177272008353003
951.0,2026-09-13 15:00,1017.9,15.9,0.9081618496369518,7.0,9.0,1.2193318858332072,1.2193318858332072,1.2159072357328107,6.55857486496718,0.4716177144892392,2.1560401298536016,0.03332122971899383,58.20105712806731,1076.2100238048777,417.80764348811704,7.17869509773269
952.0,2026-09-13 16:00,1018.2,16.0,0.9023839445818631,6.0,8.0,1.2192716305181706,1.2192716305181706,1.2158480540638068,6.5587344830552805,0.47164067058427256,2.156328528182783,0.0333220398140492,58.19963921338883,1076.1838047967499,417.78730759987025,7.178520575841616
953.0,2026-09-13 17:00,1018.2,16.2,0.9025273159768378,8.0,9.0,1.2183320623098215,1.2183320623098215,1.2149112755421894,6.561262609099326,0.4720043373466272,2.160897288091188,0.033334878469671717,58.17720441662195,1075.7689574665817,417.4654136139764,7.175755827392445
954.0,2026-09-13 18:00,1018.3,16.3,0.8910309142527234,8.0,9.0,1.218080026416516,1.218080026416516,1.2146595814858474,6.561942365503954,0.4721021430924416,2.1621260255413612,0.03333833302888092,58.171179572102204,1075.6575505887008,417.37892699931547,7.175012266718458
955.0,2026-09-13 19:00,1018.3,16.4,0.8796808626849223,8.0,10.0,1.217707576419994,1.217707576419994,1.2142873963314458,6.562947922519327,0.4722468447582507,2.1639439182878624,0.03334344529370318,58.1622728011623,1075.4928533024613,417.25103747145357,7.173912183554067
956.0,2026-09-13 20:00,1018.2,16.5,0.87410563156481,8.0,10.0,1.2171668978571692,1.2171668978571692,1.2137474647691684,6.564407513098132,0.47245692221181673,2.166583129639755,0.033350870053096074,58.14935654896245,1075.254015714737,417.0655072541389,7.172315086633241
957.0,2026-09-13 21:00,1017.9,16.6,0.8855459741956512,8.0,10.0,1.2162407155383477,1.2162407155383477,1.2128235616248457,6.566907349987063,0.47281682982723583,2.1711046632366386,0.03336359792886612,58.127268293068084,1074.8455763568472,416.74803747996816,7.169578920839586
958.0,2026-09-13 22:00,1017.5,16.7,0.8856291237499003,8.0,10.0,1.2152913415219389,1.2152913415219389,1.2118752602456748,6.569476174407131,0.47318681250328243,2.175752770218375,0.033376692204864555,58.10461432316315,1074.4266762424213,416.42218403251405,7.1667661662201105
959.0,2026-09-13 23:00,1016.9,16.7,0.8856291237499003,9.0,10.0,1.2145702073888316,1.2145702073888316,1.2111536406344783,6.5714329686396304,0.4734687427821553,2.179294671454385,0.03338667704237203,58.08738751679444,1074.1081311402017,416.1742225265796,7.164622826362328
960.0,2026-09-14 00:00,1016.7,16.8,0.8743781232969751,9.0,10.0,1.2139600133480735,1.2139600133480735,1.2105435403249327,6.573088724145293,0.4737073656956723,2.182292500547824,0.03339513275416149,58.07283102719451,1073.8389635203698,415.9645810628795,7.162808730094292
961.0,2026-09-14 01:00,1016.3,16.8,0.8743781232969751,8.0,9.0,1.2134794230658843,1.2134794230658843,1.2100626266139674,6.574394761703528,0.47389563063513723,2.184657680422984,0.033401807014872435,58.0613620496238,1073.6268878428227,415.79933044309973,7.161377476603545
962.0,2026-09-14 02:00,1015.9,16.7,0.8686645863213858,9.0,11.0,1.213514510030485,1.213514510030485,1.2100954321432014,6.574305645607564,0.4738827833864396,2.184496279929842,0.03340135147726402,58.06214425937782,1073.6413518752568,415.81060301427937,7.16147514560867
963.0,2026-09-14 03:00,1015.8,16.4,0.8627783546050133,9.0,11.0,1.2148427942445181,1.2148427942445181,1.2114189176928944,6.570713421575057,0.47336506238431536,2.1779921305186356,0.03338300440792641,58.093719118925975,1074.2252103483286,416.2653765055931,7.165411043032718
964.0,2026-09-14 04:00,1015.6,16.2,0.8795061866317074,9.0,11.0,1.2153942583594373,1.2153942583594373,1.2119691104565093,6.569221812041402,0.4731501707425854,2.175292438330572,0.03337539493765805,58.106855515116855,1074.4681186725913,416.4544326566502,7.167044731035343
965.0,2026-09-14 05:00,1015.6,16.2,0.8852124883984177,10.0,12.0,1.2153465403232786,1.2153465403232786,1.211921950162322,6.5693496269635325,0.47316858273788265,2.1755237489551758,0.033376046784543596,58.105729280848415,1074.4472931984735,416.4382275294814,7.166904755926349
966.0,2026-09-14 06:00,1015.4,16.2,0.8852124883984177,10.0,12.0,1.2151057469029904,1.2151057469029904,1.2116809943560576,6.570002787430634,0.4732626774029666,2.1767058639514625,0.033379378449877546,58.099975708266015,1074.3409024765276,416.355430771109,7.166189412225059
967.0,2026-09-14 07:00,1015.1,16.0,0.8907919299106308,9.0,11.0,1.2156325253878686,1.2156325253878686,1.212205307253951,6.568581778238939,0.47305797798087285,2.1741342170215083,0.03337213138366976,58.11249679154421,1074.5724328987885,416.53559413380765,7.167745616368295
968.0,2026-09-14 08:00,1014.9,15.9,0.8964956120580871,9.0,11.0,1.2158120433826047,1.2158120433826047,1.2123838299428975,6.568098150849875,0.47298832051747636,2.1732591075558356,0.03336966598396817,58.11676132583399,1074.6512894484115,416.59693774768374,7.168275179892011
969.0,2026-09-14 09:00,1014.8,15.8,0.9022402626415142,8.0,10.0,1.216112249010769,1.216112249010769,1.2126831211583136,6.567287594758229,0.4728715866017028,2.171792574758381,0.03336553521254532,58.123912186095524,1074.7835177595803,416.69977960416327,7.169162637745618
970.0,2026-09-14 10:00,1014.8,15.8,0.9022402626415142,8.0,9.0,1.216112249010769,1.216112249010769,1.2126831211583136,6.567287594758229,0.4728715866017028,2.171792574758381,0.03336553521254532,58.123912186095524,1074.7835177595803,416.69977960416327,7.169162637745618
971.0,2026-09-14 11:00,1014.7,15.9,0.8907120975137757,7.0,9.0,1.215618496469878,1.215618496469878,1.2121895638349935,6.568624433118262,0.4730641218631176,2.1742114028569692,0.03337234885267262,58.11212074447644,1074.565479320216,416.5301844112715,7.167698908163882
972.0,2026-09-14 12:00,1014.5,15.8,0.8906321794432869,6.0,8.0,1.2158453146809864,1.2158453146809864,1.212414831528071,6.568014176804595,0.47297622615231083,2.173107165568264,0.03336923796281773,58.11750195339768,1074.6649845743639,416.60759045116725,7.168367126054898
973.0,2026-09-14 13:00,1014.4,15.7,0.8905521755795275,7.0,8.0,1.2161926263596385,1.2161926263596385,1.212760675527515,6.5670776069181205,0.4728413471172338,2.171412674919863,0.033364465317923704,58.12576545516668,1074.8177870125733,416.72642868337437,7.1693925304915265
974.0,2026-09-14 14:00,1014.2,15.6,0.9020962692772673,6.0,8.0,1.2163255179665122,1.2163255179665122,1.212893120347238,6.566719043108676,0.4727897140541668,2.1707640067078953,0.033362638661318236,58.12893068313395,1074.8763160193319,416.7719391108102,7.169785065936816
975.0,2026-09-14 15:00,1014.5,15.5,0.9137899224009894,6.0,8.0,1.2170616761768849,1.2170616761768849,1.2136292435977494,6.5647272289635135,0.4725029448427673,2.1671613137713064,0.033352497070127635,58.14652922879662,1075.2017350440221,417.02488432864794,7.1719652034212835
976.0,2026-09-14 16:00,1014.9,15.6,0.9079582737521789,7.0,8.0,1.2171227704962027,1.2171227704962027,1.2136914987971035,6.564558860954135,0.47247870823481897,2.1668568283077656,0.03335164022465313,58.148018059492514,1075.229265377623,417.04627633732485,7.1721494602040545
977.0,2026-09-14 17:00,1014.8,15.6,0.9197829215105783,7.0,8.0,1.2169067606507329,1.2169067606507329,1.2134765273605441,6.56514030201338,0.472562409422574,2.1679083696375945,0.033354599528906036,58.14287735045516,1075.1342072658213,416.9724082767635,7.171513129002366
978.0,2026-09-14 18:00,1015.0,15.7,0.9139175479782663,7.0,9.0,1.2167266772167544,1.2167266772167544,1.2132974398866307,6.565624804399758,0.4726321614927488,2.168784667651962,0.03335706605442369,58.138595448759276,1075.0550295712321,416.9108705925923,7.170982844950884
979.0,2026-09-14 19:00,1014.9,15.8,0.9139812562566745,7.0,8.0,1.2161369716479766,1.2161369716479766,1.2127090489812296,6.567217389798484,0.47286147656684346,2.1716655619908707,0.03336517750465636,58.12453175407274,1074.7949743430243,416.7086888714783,7.169239498299783
980.0,2026-09-14 20:00,1014.6,15.9,0.9140448949943625,7.0,8.0,1.2153063569876965,1.2153063569876965,1.2118795880005693,6.569464444236769,0.4731851227012888,2.1757315411691445,0.033376632376798596,58.10471766835918,1074.428587223791,416.42367112710554,7.166779012745609
981.0,2026-09-14 21:00,1014.0,16.0,0.9082295608427713,7.0,9.0,1.2141631739886303,1.2141631739886303,1.2107367481127556,6.572564240766602,0.47363177209339324,2.18134281513476,0.033392453599321734,58.0774400035777,1073.924189233232,416.03097074143517,7.163383419031671
982.0,2026-09-14 22:00,1013.6,16.1,0.9082971985117843,7.0,8.0,1.2132131027749633,1.2132131027749633,1.209787750864178,6.575141603060528,0.4740033044123761,2.18601039034195,0.033405625396016464,58.05480880024953,1073.5057101011614,415.7048781807095,7.160558905826983
983.0,2026-09-14 23:00,1013.1,16.2,0.8967228943386988,7.0,8.0,1.2122403686403689,1.2122403686403689,1.2088148736979971,6.577786970320348,0.4743847912732602,2.190803024852472,0.033419160854511645,58.03162678297075,1073.077045733218,415.37058004984897,7.157658729838305
984.0,2026-09-15 00:00,1012.5,16.3,0.9025988854935225,8.0,9.0,1.2110021101085022,1.2110021101085022,1.2075780958388758,6.5811545286534585,0.4748706468949979,2.19690684823049,0.0334364151654005,58.002183806824,1072.5326084390626,414.94560088396184,7.153965138035772
985.0,2026-09-15 01:00,1012.3,16.4,0.8911104051473652,8.0,10.0,1.210392028087086,1.210392028087086,1.2069681120326137,6.58281732760101,0.47511063948617527,2.1999218846385085,0.0334449445987102,57.98767371218328,1072.2642987198021,414.7359994528899,7.152140668918633
986.0,2026-09-15 02:00,1012.2,16.3,0.8910309142527234,8.0,10.0,1.2107383643923615,1.2107383643923615,1.2073129701121752,6.581877099204495,0.47497492840978617,2.198216941022219,0.033440120842962995,57.99587616478171,1072.4159722828235,414.85449890525365,7.153172369127447
987.0,2026-09-15 03:00,1012.1,16.3,0.8795935710186665,8.0,10.0,1.2107142299524407,1.2107142299524407,1.2072876307701788,6.581946171211625,0.47498489749407385,2.1983421830221266,0.03344047514022815,57.99527338696665,1072.4048261703865,414.8457918505903,7.1530965822435295
988.0,2026-09-15 04:00,1012.4,16.3,0.873923490202961,8.0,9.0,1.2111229968482886,1.2111229968482886,1.207696083968302,6.580833041696229,0.47482425351831126,2.196324006405603,0.03343476682318252,58.004991332080586,1072.5845230772552,414.9861437320233,7.154317830274524
989.0,2026-09-15 05:00,1012.8,16.3,0.873923490202961,7.0,9.0,1.211604417308889,1.211604417308889,1.2081778289764118,6.579520900601921,0.4746349235965267,2.1939454471154716,0.033428041659718646,58.01645734303277,1072.7965438983315,415.15168000048646,7.1557571594871305
990.0,2026-09-15 06:00,1012.7,16.2,0.8738322750656273,7.0,9.0,1.2119502009435437,1.2119502009435437,1.2085221438678533,6.578583562209984,0.4744996973840641,2.192246594863854,0.03342323994900141,58.024655230851046,1072.9481330528831,415.26999280362094,7.156785182979021
991.0,2026-09-15 07:00,1012.6,16.1,0.8851288944387629,7.0,9.0,1.2122012965043991,1.2122012965043991,1.2087728794243915,6.577901229579203,0.47440127199106763,2.1910100727616424,0.033419745848917076,58.030626556536916,1073.058550300879,415.3561500604718,7.157533438929992
992.0,2026-09-15 08:00,1012.2,15.9,0.8907120975137757,8.0,10.0,1.2126054547746532,1.2126054547746532,1.2091744880980155,6.576808764594219,0.47424370691879286,2.1890305765313216,0.033414153800046004,58.04019358178611,1073.235456511509,415.4941500399111,7.158731292900089
993.0,2026-09-15 09:00,1012.4,15.8,0.8906321794432869,7.0,9.0,1.2133134837424713,1.2133134837424713,1.209881290811256,6.574887425113329,0.4739666576402123,2.1855499954948914,0.03340432571254104,58.05703869531476,1073.5469436377955,415.7370201926264,7.160837506274268
994.0,2026-09-15 10:00,1012.3,15.8,0.8906321794432869,7.0,9.0,1.2131929203644467,1.2131929203644467,1.209760646015217,6.575215261111149,0.4740139245197629,2.186143811170781,0.03340600205855686,58.05416268147329,1073.49376256038,415.69556446602905,7.160478168410293
995.0,2026-09-15 11:00,1012.3,15.7,0.8905521755795275,7.0,9.0,1.213659918900113,1.213659918900113,1.2102262571052327,6.573950296132069,0.4738315568519136,2.1838527189520023,0.03339953521014026,58.06526384217698,1073.6990368460154,415.8555568294138,7.16186458671265
996.0,2026-09-15 12:00,1012.2,15.6,0.8904720858026575,6.0,8.0,1.214006326527756,1.214006326527756,1.2105711973375628,6.573013638501182,0.4736965432586072,2.182156537843248,0.03339474916393424,58.0734907402848,1073.8511624369469,415.97408451094964,7.162891006005844
997.0,2026-09-15 13:00,1012.3,15.6,0.8789799260084725,6.0,8.0,1.2142196549371955,1.2142196549371955,1.2107835188287972,6.572437295487086,0.47361347642222135,2.1811129658947404,0.033391805236543684,58.07855583189928,1073.9448222884337,416.0470420025308,7.163522509180912
998.0,2026-09-15 14:00,1012.4,15.6,0.8847095833970671,7.0,9.0,1.214294093503774,1.214294093503774,1.2108585815953823,6.5722335751765035,0.47358411648013343,2.180744115781918,0.03339076483000452,58.080346726424935,1073.977938158406,416.07283492217056,7.163745713881371
999.0,2026-09-15 15:00,1012.9,15.6,0.8904720858026575,7.0,9.0,1.2148508547236394,1.2148508547236394,1.2114162962495945,6.570720530916169,0.4733660867222536,2.178004999316638,0.03338304068875668,58.093656543774635,1074.2240532558558,416.26447573042253,7.165403255633593
1000.0,2026-09-15 16:00,1013.5,15.6,0.8847095833970671,6.0,7.0,1.2156212092401621,1.2156212092401621,1.212186594171432,6.568632479153739,0.47306528079466464,2.1742259625597984,0.033372389874558005,58.11204981168875,1074.564167684639,416.5291639813422,7.167690097511598
1001.0,2026-09-15 17:00,1013.8,15.6,0.8847095833970671,6.0,8.0,1.215983149895541,1.215983149895541,1.2125487794194456,6.567651388947132,0.47292397739396086,2.1724507623521228,0.03336738899826156,58.12070218627563,1074.7241608655124,416.65361736111623,7.168764341933622
1002.0,2026-09-15 18:00,1014.2,15.7,0.8847936248515107,6.0,7.0,1.2159981393335413,1.2159981393335413,1.212565477271507,6.567606168276214,0.47291746490885483,2.172368945744347,0.03336715855056327,58.1211011500442,1074.731538202421,416.6593550440712,7.168813852449772
1003.0,2026-09-15 19:00,1014.5,15.7,0.8847936248515107,5.0,7.0,1.216359954684902,1.216359954684902,1.212927537046119,6.566625877446145,0.4727762986927988,2.170595468992823,0.03336216408996172,58.1297532463121,1074.89152623683,416.7837653089227,7.169887054962934
1004.0,2026-09-15 20:00,1014.4,15.7,0.8905521755795275,4.0,6.0,1.2161926263596385,1.2161926263596385,1.212760675527515,6.5670776069181205,0.4728413471172338,2.171412674919863,0.033364465317923704,58.12576545516668,1074.8177870125733,416.72642868337437,7.1693925304915265
1005.0,2026-09-15 21:00,1014.2,15.7,0.8847936248515107,5.0,6.0,1.2159981393335413,1.2159981393335413,1.212565477271507,6.567606168276214,0.47291746490885483,2.172368945744347,0.03336715855056327,58.1211011500442,1074.731538202421,416.6593550440712,7.168813852449772
1006.0,2026-09-15 22:00,1014.0,15.7,0.8905521755795275,4.0,6.0,1.2157102058911575,1.2157102058911575,1.2122779291613661,6.5683850287681524,0.4730296392873666,2.1737781968949785,0.0333711283431551,58.11423150099412,1074.604509836743,416.56054833023904,7.167961058266997
1007.0,2026-09-15 23:00,1013.7,15.6,0.8962675939685737,4.0,5.0,1.2157692904153081,1.2157692904153081,1.2123359330942975,6.568227895455716,0.4730070072934424,2.1734938702608413,0.03337032733291032,58.11561710807035,1074.6301314370726,416.5804795271419,7.168133115621559
1008.0,2026-09-16 00:00,1013.5,15.5,0.8961914238891036,4.0,6.0,1.2159958601418048,1.2159958601418048,1.2125609536429343,6.567618418952405,0.472919229193735,2.1723911105250258,0.033367220980394914,58.12099306590189,1074.729539592033,416.657800643753,7.16880043965036
1009.0,2026-09-16 01:00,1013.4,15.4,0.9019519636075642,4.0,6.0,1.2162965456310928,1.2162965456310928,1.212860719973884,6.566806754221863,0.47280234416329725,2.1709226792680716,0.03336308546651112,58.128156331816704,1074.86199729918,416.7608057584941,7.169689046724129
1010.0,2026-09-16 02:00,1013.5,15.4,0.8961151715925393,5.0,6.0,1.2164637815563921,1.2164637815563921,1.2130274905176583,6.566355326869429,0.47273734192332295,2.170106053558237,0.033360786062009644,58.13214227912204,1074.9357024285373,416.81811112345116,7.170183220189873
1011.0,2026-09-16 03:00,1013.4,15.6,0.8847095833970671,5.0,6.0,1.2155005623550361,1.2155005623550361,1.2120658657554275,6.568959606940524,0.4731124006943588,2.1748179317219423,0.03337405782963565,58.10916626516467,1074.5108473185417,416.4876795214175,7.167331873613438
1012.0,2026-09-16 04:00,1013.6,15.7,0.8733747495338142,5.0,6.0,1.2153671580687475,1.2153671580687475,1.2119329199503301,6.5693198957240195,0.4731642998613642,2.1754699430082054,0.033375895153970284,58.10599124624769,1074.4521372649303,416.4419969463765,7.166937316008167
1013.0,2026-09-16 05:00,1014.1,15.9,0.8622841778092571,4.0,5.0,1.2151288273605212,1.2151288273605212,1.211696671309326,6.5699602858862045,0.4732565543219572,2.1766289394427427,0.033379161626182804,58.100350009420566,1074.3478237709908,416.36081765483635,7.166235962215827
1014.0,2026-09-16 06:00,1014.2,16.1,0.8569007877491686,5.0,6.0,1.214362944458628,1.214362944458628,1.2109330827177545,6.572031397898434,0.47355497981790257,2.180378070742764,0.03338973239943273,58.08212433181033,1074.0108082956256,416.09843485073475,7.163967221199701
1015.0,2026-09-16 07:00,1013.9,16.3,0.8626797262043775,6.0,7.0,1.213022915697322,1.213022915697322,1.2095961151252397,6.575662430715871,0.4740784005311255,2.186953825849769,0.033408289005488166,58.05024094901679,1073.4212448435442,415.63902868648745,7.159988001626498
1016.0,2026-09-16 08:00,1013.8,16.3,0.8571057312875529,6.0,7.0,1.2129494537761285,1.2129494537761285,1.20952202439964,6.5758638276851915,0.47410744077345085,2.1873186595618397,0.03340931915674045,58.04847511064591,1073.388592293076,415.6135697776519,7.159767228776517
1017.0,2026-09-16 09:00,1014.0,16.3,0.8571057312875529,5.0,6.0,1.2131901640064287,1.2131901640064287,1.2097628969036949,6.575209144175677,0.4740130425680319,2.186132731176328,0.03340597077812063,58.05421633704525,1073.4947547187226,415.6963379118834,7.160484873285965
1018.0,2026-09-16 10:00,1013.8,16.2,0.8625809944642021,4.0,5.0,1.213368651790221,1.213368651790221,1.2099403881213875,6.574726854018349,0.4739435076116378,2.185259160770968,0.03340350474496542,58.058447603746444,1073.5729961092045,415.75732709364394,7.161013500244116
1019.0,2026-09-16 11:00,1013.5,16.0,0.8623832204065863,4.0,5.0,1.2139395613629498,1.2139395613629498,1.2105082945716794,6.573184416086426,0.4737211583916831,2.1824657787329267,0.033395621634884715,58.071990319116225,1073.8234177810725,415.9524699867407,7.1627038732615445
1020.0,2026-09-16 12:00,1013.5,15.8,0.8734664483942219,5.0,6.0,1.214779803315788,1.214779803315788,1.21134686299623,6.570908841952386,0.47339321961741143,2.17834587095086,0.03338400173218281,58.09199918732639,1074.1934066712295,416.240617213,7.165196981270511
1021.0,2026-09-16 13:00,1013.8,15.7,0.8790678694090343,5.0,6.0,1.2155621759817812,1.2155621759817812,1.2121286428634956,6.568789498912353,0.47308789782621724,2.174510101221071,0.03337319045384474,58.11066563341077,1074.5385725045685,416.5092508673361,7.167518153980047
1022.0,2026-09-16 14:00,1014.5,15.2,0.8901508651601611,5.0,7.0,1.218653691819538,1.218653691819538,1.2152149150281704,6.5604428434571505,0.4718864000561938,2.1594156372503215,0.03333071380381023,58.184474349669294,1075.9033875818411,417.5697496146016,7.176652436613015
1023.0,2026-09-16 15:00,1015.2,15.2,0.8901508651601611,5.0,6.0,1.2194993915475123,1.2194993915475123,1.216061187057326,6.558159699489986,0.4715580084706743,2.1552900407826523,0.033319122944663465,58.20474592116009,1076.2782341828,417.86054393826424,7.179149007956632
1024.0,2026-09-16 16:00,1015.8,15.4,0.8788037582206677,5.0,7.0,1.2193785142304847,1.2193785142304847,1.215942478573549,6.55847981750877,0.4716040451353889,2.155868401220936,0.03332074736143346,58.20190153273225,1076.2256378986656,417.81975356346317,7.178799017906398
1025.0,2026-09-16 17:00,1016.4,15.4,0.8845412307474384,5.0,6.0,1.2200571832023506,1.2200571832023506,1.2166221751265351,6.556647531774511,0.4713405716837239,2.1525583738345944,0.03331145276924443,58.21819157034489,1076.5268609800316,418.053309550914,7.180802053010892
1026.0,2026-09-16 18:00,1016.9,15.5,0.8788918889887527,5.0,6.0,1.2202379496048472,1.2202379496048472,1.2168041871986817,6.556157135025847,0.4712700675919058,2.1516726281426,0.03330896646682328,58.22255532663613,1076.6075522680223,418.1158521797552,7.181338054196878
1027.0,2026-09-16 19:00,1017.3,15.6,0.8732829535308032,4.0,6.0,1.2202979439160515,1.2202979439160515,1.2168653447781062,6.555992382310839,0.47124638236106847,2.151375069651496,0.03330813129880855,58.22402173116282,1076.6346679138276,418.1368670264392,7.181518119052274
1028.0,2026-09-16 20:00,1017.2,16.0,0.84572345067309,2.0,3.0,1.21853496563835,1.21853496563835,1.2151050957659801,6.5607392979438375,0.47192904839704297,2.1599514300419695,0.033332219705133524,58.18184477615057,1075.854763492884,417.53201373657,7.176328205868806
1029.0,2026-09-16 21:00,1016.9,16.2,0.8459430908723048,3.0,4.0,1.2172400816132847,1.2172400816132847,1.2138127087149533,6.5642310881850365,0.4724315270634572,2.16626408938724,0.03334997233787844,58.150917009819665,1075.2828705792215,417.08792624996283,7.172508151153166
1030.0,2026-09-16 22:00,1016.7,16.3,0.8571057312875529,2.0,3.0,1.2164397521154806,1.2164397521154806,1.213014675708435,6.56639001168003,0.47274233612411126,2.1701687959001226,0.03336096271682914,58.131835975554665,1074.930038494138,416.8137077240092,7.170145252238133
1031.0,2026-09-16 23:00,1016.5,16.5,0.8573102480036355,2.0,3.0,1.2152652808218938,1.2152652808218938,1.2118428027645,6.569564150843116,0.4731994861372092,2.175911989582288,0.033377140926381846,58.10383926229926,1074.4123444018683,416.4110310569213,7.166669816380104
1032.0,2026-09-17 00:00,1016.3,16.5,0.87410563156481,3.0,4.0,1.2148817296420007,1.2148817296420007,1.2114607570822271,6.5705999564838,0.47334871409979534,2.177786746374089,0.03338242538177716,58.09471786438536,1074.2436783956057,416.27975327394216,7.165535328800351
1033.0,2026-09-17 01:00,1016.1,16.7,0.8686645863213858,4.0,5.0,1.213754888074854,1.213754888074854,1.2103359720136002,6.57365233064272,0.47378860482285423,2.183313110913367,0.03339801247184519,58.06788030893275,1073.7474185746034,415.8932568495909,7.162191122475205
1034.0,2026-09-17 02:00,1016.2,16.7,0.8686645863213858,4.0,5.0,1.2138750770970386,1.2138750770970386,1.2104562419487996,6.573325746189659,0.47374152957731824,2.182721702743177,0.0333963437155482,58.070748766282385,1073.8004599230749,415.93458376724664,7.162549004512763
1035.0,2026-09-17 03:00,1016.2,16.6,0.8912691318196373,5.0,5.0,1.2141477725456133,1.2141477725456133,1.210729813363181,6.57258306372004,0.47363448493460175,2.18137689666608,0.03339254973923678,58.07727456209658,1073.9211300142226,416.02858783647923,7.163362795057797
1036.0,2026-09-17 04:00,1016.3,16.7,0.8856291237499003,4.0,5.0,1.2138490732557243,1.2138490732557243,1.2104320210232817,6.573391512475615,0.47375100921607805,2.1828407958195735,0.03339667974309361,58.07017107011896,1073.7897776016107,415.9262610206452,7.162476937056372
1037.0,2026-09-17 05:00,1016.6,16.8,0.8857121847915206,4.0,5.0,1.2137416062297526,1.2137416062297526,1.2103261954011808,6.573678880477582,0.47379243192960907,2.183361191006784,0.03339814814509584,58.06764714782144,1073.743107135301,415.88989742933563,7.162162027516192
1038.0,2026-09-17 06:00,1016.6,16.7,0.9028843915663559,4.0,5.0,1.2140609420731714,1.2140609420731714,1.2106458637506905,6.572810940530617,0.47366732809102174,2.181789506538221,0.033393713705921514,58.07527186233247,1073.8840976016315,415.9997412363969,7.163113109871014
1039.0,2026-09-17 07:00,1016.5,16.7,0.8971000713971368,4.0,5.0,1.2139905997581248,1.2139905997581248,1.2105748601985822,6.573003694443016,0.4736951099853249,2.1821385315743558,0.03339469836368393,58.073578113024645,1073.8527780677116,415.9753431360207,7.162901902246082
1040.0,2026-09-17 08:00,1016.7,16.7,0.9145515133163944,4.0,5.0,1.2140805890119295,1.2140805890119295,1.2106667621309117,6.572754210760198,0.4736591517040667,2.181686786265755,0.03339342392592262,58.07577040042304,1073.8933161917532,416.00692229654396,7.1631752696217985
1041.0,2026-09-17 09:00,1016.9,16.7,0.9204346322424904,4.0,4.0,1.2142702689452696,1.2142702689452696,1.210857194126521,6.572237340594451,0.4735846591396792,2.180750933235238,0.03339078405924419,58.08031362230571,1073.977326022017,416.07235816286,7.163741588390247
1042.0,2026-09-17 10:00,1016.9,16.7,0.9263510024686976,4.0,4.0,1.2142192842892756,1.2142192842892756,1.210806803042773,6.572374100115341,0.47360436867893874,2.180998544955922,0.03339148248528475,58.079111349265524,1073.955094496319,416.05504287816166,7.163591749470236
1043.0,2026-09-17 11:00,1017.1,16.7,0.9263510024686976,3.0,4.0,1.2144596623336446,1.2144596623336446,1.2110473429131718,6.5717213607603,0.473510300735081,2.179816765659457,0.033388149361003455,58.08485080792125,1074.0612242341845,416.1376967134731,7.16430688768719
1044.0,2026-09-17 12:00,1017.4,16.7,0.9323007842241369,3.0,3.0,1.214768956818456,1.214768956818456,1.2113574770613555,6.570880054328387,0.4733890716870456,2.178293760337738,0.033383854809491166,58.092252536513854,1074.1980914132,416.24426439710055,7.165228515376821
1045.0,2026-09-17 13:00,1017.7,16.7,0.9323007842241369,2.0,3.0,1.2151295238850097,1.2151295238850097,1.2117182868669538,6.569901685636439,0.47324811200955375,2.1765228783383583,0.03337886268106085,58.100866108025485,1074.3573670768908,416.3682451500677,7.1663001438898455
1046.0,2026-09-17 14:00,1018.3,16.7,0.9323007842241369,2.0,3.0,1.215850658018117,1.215850658018117,1.2124399064781504,6.567946258601699,0.4729664443435827,2.172984276318613,0.03336889179134495,58.11810100765084,1074.6760618335045,416.61620665600213,7.16844149125171
1047.0,2026-09-17 15:00,1018.8,16.6,0.9382380143867836,3.0,3.0,1.2168714311197657,1.2168714311197657,1.213460264878514,6.565184294025962,0.47256874258231046,2.167987933373665,0.03335482346279009,58.14248849556397,1075.127016854644,416.9668201947992,7.171464981699434
1048.0,2026-09-17 16:00,1019.3,16.6,0.9382380143867836,2.0,3.0,1.2174725836319347,1.2174725836319347,1.2140618222351507,6.563557595873466,0.47233458877036244,2.165046249779867,0.03334654602538353,58.15687591335918,1075.393058126262,417.1735261458892,7.1732451166631614
1049.0,2026-09-17 17:00,1019.7,16.8,0.93235117058094,3.0,3.0,1.2170618487490756,1.2170618487490756,1.2136536480832212,6.564661225950245,0.47249344362199397,2.1670419495592212,0.033352161164831584,58.14711285199546,1075.2125269637518,417.03327014975827,7.172037435654842
1050.0,2026-09-17 18:00,1020.3,16.8,0.93235117058094,3.0,3.0,1.2177827341723595,1.2177827341723595,1.2143750186496691,6.562711145956832,0.4722127701415335,2.1635158375313375,0.033342241307072355,58.164369446730305,1075.5316228899567,417.2811460794279,7.174171233156646
1051.0,2026-09-17 19:00,1020.8,17.0,0.9324517767923287,3.0,3.0,1.2174397521894145,1.2174397521894145,1.214035281119857,6.563629341394169,0.47234491490088987,2.165175977365795,0.033346910972045805,58.15624098000709,1075.3813174179024,417.16440614025834,7.173166613084068
1052.0,2026-09-17 20:00,1021.1,17.5,0.9034517206805005,1.0,2.0,1.21570498696714,1.21570498696714,1.2123048293682985,6.568312154400098,0.47301914308635035,2.173646332706778,0.03337075684816328,58.11487408907075,1074.616392090492,416.56979172622965,7.168040854528341
1053.0,2026-09-17 21:00,1020.9,17.5,0.9092364626357303,1.0,2.0,1.2154129766845962,1.2154129766845962,1.2120132631347997,6.569102155191219,0.4731329342585408,2.1750758957002945,0.0333747847308331,58.107909964579186,1074.4876167562509,416.4696043127833,7.167175769471841
1054.0,2026-09-17 22:00,1020.5,17.6,0.897773906352482,2.0,2.0,1.214567957810896,1.214567957810896,1.2111681311431965,6.571393657957202,0.47346307816568406,2.179223506653779,0.033386476365873545,58.087733338439676,1074.1145258130723,416.17920172657335,7.164665890847663
1055.0,2026-09-17 23:00,1020.2,17.7,0.8978483762445899,2.0,3.0,1.2137387799787402,1.2137387799787402,1.2103401293161637,6.573641040971127,0.47378697744346415,2.1832926660817713,0.033397954780593,58.0679794564584,1073.7492519358207,415.894685373689,7.162203494363753
1056.0,2026-09-18 00:00,1020.2,17.7,0.869605131687505,2.0,3.0,1.2139971585280824,1.2139971585280824,1.2105955233994288,6.57294759813651,0.4736870246611944,2.182036955327754,0.03339441179421525,58.07407101155465,1073.8618923753356,415.9824433842953,7.162963369685755
1057.0,2026-09-18 01:00,1020.1,17.7,0.8808072744862814,2.0,3.0,1.2137749018295179,1.2137749018295179,1.2103743700748604,6.573548058149398,0.47377357429649625,2.1831242818166907,0.03339747964119323,58.06879607755552,1073.7643522768408,415.9064511155825,7.162305389629677
1058.0,2026-09-18 02:00,1020.0,17.0,0.9089026455390058,3.0,4.0,1.2166858520824826,1.2166858520824826,1.2132783352552288,6.565676496309353,0.4726396036953924,2.1688781643379067,0.0333573292420517,58.138138702995555,1075.0465837732775,416.9043058968728,7.170926266261632
1059.0,2026-09-18 03:00,1020.3,16.6,0.9262962944375325,3.0,4.0,1.2187771811855486,1.2187771811855486,1.2153660376290973,6.5600349572827765,0.4718277241528768,2.158678489557944,0.033328642196035985,58.18809330163887,1075.9703065104227,417.6216780643349,7.177098515660979
1060.0,2026-09-18 04:00,1020.5,16.5,0.9203167226090682,3.0,4.0,1.219539681903125,1.219539681903125,1.2161267005028826,6.557983051191439,0.4715326053692524,2.1549709006154996,0.033318226656920136,58.206315815413,1076.3072634825182,417.88305553906764,7.1793421329788485
1061.0,2026-09-18 05:00,1020.9,16.5,0.9262415262667393,4.0,4.0,1.2199703221973957,1.2199703221973957,1.216558253146822,6.5568197834460475,0.471365337470634,2.152869507394347,0.03331232621442743,58.21665918922099,1076.4985253447837,418.03134480646133,7.180613773245533
1062.0,2026-09-18 06:00,1021.1,16.6,0.9262962944375325,4.0,5.0,1.2197390252050186,1.2197390252050186,1.2163285293997161,6.557438936109028,0.4714543626056713,2.153987933684297,0.03331546635132788,58.21115275768758,1076.3967045685972,417.95240758607883,7.179936967162749
1063.0,2026-09-18 07:00,1021.1,16.6,0.9086342874515683,5.0,6.0,1.2198903175962628,1.2198903175962628,1.2164780590265978,6.557035903138663,0.4713964113796636,2.153259890141597,0.03331342220075456,58.21473683472843,1076.462978616317,418.00378866121616,7.1803775364978195
1064.0,2026-09-18 08:00,1021.2,16.6,0.8970247981281797,4.0,5.0,1.2201099947472147,1.2201099947472147,1.2166966584562635,6.556446837373432,0.47131171731400806,2.1521958752474633,0.03331043518491232,58.2199772364933,1076.5598801707974,418.07890336560513,7.181021415850812
1065.0,2026-09-18 09:00,1021.1,16.4,0.9026703777019419,4.0,5.0,1.2208817810776058,1.2208817810776058,1.2174661419017052,6.554374551931848,0.4710138309485201,2.1484535170646866,0.03329993350240495,58.238431229915,1076.9011174898374,418.34331174775383,7.183286069231649
1066.0,2026-09-18 10:00,1020.9,16.1,0.9082971985117843,4.0,6.0,1.2220051011495658,1.2220051011495658,1.21858568042725,6.551363043969553,0.4705811013191793,2.143017117628811,0.033284689885071134,58.265301059260516,1077.3979740953098,418.7280053653308,7.18657584793822
1067.0,2026-09-18 11:00,1020.9,15.6,0.9257458920627266,5.0,6.0,1.2242181307099362,1.2242181307099362,1.2207934355700845,6.545436426799286,0.4697300745882951,2.1323256351741864,0.03325475193275894,58.3183606446463,1078.379111903949,419.48662982821634,7.193045641051053
1068.0,2026-09-18 12:00,1021.0,15.6,0.9377739495453784,5.0,6.0,1.224241774183869,1.224241774183869,1.2208182997800903,6.545369771534291,0.46972050767139784,2.1322054456191,0.033254415689772554,58.31895875320992,1078.390171676112,419.4951736189633,7.193118371577133
1069.0,2026-09-18 13:00,1021.1,15.7,0.9378205883006052,5.0,6.0,1.2238896470341085,1.2238896470341085,1.2204676554911655,6.546309956919575,0.4698554598863662,2.133900855629368,0.03325915941155332,58.3105251148173,1078.2342231998618,419.37468592076317,7.192092424051859
1070.0,2026-09-18 14:00,1021.3,15.4,0.9437547826780753,5.0,6.0,1.2255011862369305,1.2255011862369305,1.2220757282238268,6.542001546418852,0.46923719889329873,2.1261336183383706,0.0332374380229427,58.349221839063915,1078.9497738200332,419.92724869796047,7.196792612867813
1071.0,2026-09-18 15:00,1021.5,15.4,0.9316406717021116,4.0,6.0,1.2258391680446084,1.2258391680446084,1.2224127379821677,6.541099694585743,0.46910783381872945,2.1245083997937524,0.0332328966528523,58.35733800872053,1079.0998519040127,420.0430513256831,7.1977760750998385
1072.0,2026-09-18 16:00,1021.7,15.6,0.9257458920627266,5.0,6.0,1.2251833057909458,1.2251833057909458,1.2217592628981209,6.542848760213259,0.46935874272561556,2.1276605783074576,0.03324170596869368,58.34160244116466,1078.808881664475,419.8185055076139,7.195868607328454
1073.0,2026-09-18 17:00,1021.8,15.4,0.9316406717021116,5.0,6.0,1.226201359568575,1.226201359568575,1.222775174438066,6.540130216000979,0.4689687879955252,2.122761561621428,0.033228016835653594,58.36606897936161,1079.2612984238033,420.16759102501453,7.198833129803326
1074.0,2026-09-18 18:00,1021.9,15.6,0.931742846322167,4.0,5.0,1.2253762355572202,1.2253762355572202,1.2219529237115856,6.542330269035574,0.4692843565572459,2.126726061934318,0.033239093807500016,58.34626489791121,1078.8950962958545,419.88505085394615,7.196434109169137
1075.0,2026-09-18 19:00,1021.9,16.0,0.9082295608427713,5.0,6.0,1.2236810929176807,1.2236810929176807,1.2202610901671753,6.546864011878074,0.4699349968363534,2.13490008147554,0.03326195586282711,58.30555795861647,1078.1423742961317,419.30370635200467,7.191487759187792
1076.0,2026-09-18 20:00,1021.6,16.0,0.8965714544218653,5.0,6.0,1.2234159734648173,1.2234159734648173,1.21999459919294,6.547579008856318,0.47003764764744477,2.136189687672276,0.03326556567739173,58.29915103134448,1078.023902232356,419.2121352496343,7.190707374524979
1077.0,2026-09-18 21:00,1020.8,15.9,0.8964956120580871,7.0,8.0,1.2229228217833352,1.2229228217833352,1.219499408682165,6.5489082304594985,0.4702285113585421,2.138587516018163,0.033272279679332654,58.2872494232003,1077.8038266767526,419.0419788640941,7.18925636414233
1078.0,2026-09-18 22:00,1020.5,16.0,0.8907919299106308,7.0,8.0,1.222138444655827,1.222138444655827,1.2187156170126685,6.551013789220136,0.4705309290717621,2.1423868017015866,0.0332829233910445,58.26842122918684,1077.4556699227808,418.7726539182477,7.186957276070544
1079.0,2026-09-18 23:00,1019.9,16.1,0.896647215143908,6.0,8.0,1.2208975535408546,1.2208975535408546,1.2174761875872953,6.554347511024403,0.47100994450137434,2.148404691475593,0.033299796533519235,58.23867222543667,1076.9055737971437,418.3467636264008,7.183315615558988
1080.0,2026-09-19 00:00,1019.3,15.9,0.9081618496369518,7.0,8.0,1.221019189182533,1.221019189182533,1.2175956781455182,6.554025892825284,0.47096372124171004,2.1478239868375812,0.03329816758776092,58.24153894983718,1076.9585831012278,418.38782273607876,7.1836670232294475
1081.0,2026-09-19 01:00,1019.3,15.7,0.9139175479782663,7.0,8.0,1.221912697252926,1.221912697252926,1.218486963322733,6.5516284216516345,0.47061922598128964,2.1434960792656774,0.033286032326559696,58.26293078381732,1077.354144750672,418.69408438879736,7.186286009921951
1082.0,2026-09-19 02:00,1019.0,15.6,0.9138537700596067,7.0,8.0,1.2220217470165529,1.2220217470165529,1.2185943764595815,6.551339668280487,0.470577743197272,2.1429749294105696,0.03328457164445649,58.2655098669701,1077.4018352098874,418.7309934787899,7.1866013776387225
1083.0,2026-09-19 03:00,1018.8,15.4,0.9256350822187421,7.0,8.0,1.2226272946625167,1.2226272946625167,1.2191980973674506,6.549717425557014,0.4703447231302627,2.1400474890992447,0.03327636898930128,58.28000992395215,1077.6699593203393,418.93844286508227,7.188372881400373
1084.0,2026-09-19 04:00,1019.0,15.4,0.9256350822187421,7.0,8.0,1.2228687556784945,1.2228687556784945,1.2194397216713828,6.54906850077309,0.4702515272844044,2.138876666004413,0.03327308949341561,58.285815204155654,1077.7773061805906,419.0214693313033,7.189081389075741
1085.0,2026-09-19 05:00,1019.2,15.3,0.9315894994293292,7.0,8.0,1.2235342451973996,1.2235342451973996,1.2201045424206158,6.547284002091721,0.46999529270627805,2.1356575808724343,0.033264076129579594,58.301794098862224,1078.0727758421588,419.2499137244413,7.191029370614567
1086.0,2026-09-19 06:00,1019.3,15.4,0.9256350822187421,6.0,8.0,1.2232309472024612,1.2232309472024612,1.219802158127281,6.548095475145893,0.4701118027431793,2.137121301070769,0.03326817390320798,58.29452525792972,1077.9383659214627,419.14600903063473,7.190143622854514
1087.0,2026-09-19 07:00,1019.0,15.4,0.9196635817576888,7.0,8.0,1.2229163344032794,1.2229163344032794,1.219486740745759,6.548942245153867,0.4702333960568984,2.1386488826766676,0.03327245154386172,58.28694501958116,1077.798197874762,419.0376259327995,7.1892192289718775
1088.0,2026-09-19 08:00,1018.9,15.4,0.9137260049025345,7.0,9.0,1.2228429123292301,1.2228429123292301,1.2194126805566516,6.549141114882225,0.4702619553582669,2.13900767430849,0.033273456417667296,58.285165456127494,1077.7652915304218,419.01217751685306,7.1890021112190645
1089.0,2026-09-19 09:00,1018.5,15.3,0.9136620174641863,7.0,9.0,1.2228308144748457,1.2228308144748457,1.2193988684601877,6.5491782057452,0.470267282002123,2.139074593145774,0.03327364384514206,58.28483358246705,1077.7591547731595,419.00743143153863,7.188961616209921
1090.0,2026-09-19 10:00,1018.2,15.0,0.9194241141092921,7.0,9.0,1.2238346458714757,1.2238346458714757,1.2203988471619647,6.546494500809724,0.4698819512004443,2.134233667055129,0.03326009077097226,58.30887042877999,1078.2036259944591,419.3510421385479,7.191891028840191
1091.0,2026-09-19 11:00,1017.8,15.1,0.9194840797760179,7.0,9.0,1.2228800933820645,1.2228800933820645,1.219445353005159,6.549053379130641,0.4702493556878647,2.1388493841512584,0.033273013084217595,58.28595051649549,1077.7798082742581,419.0234043590962,7.189097898309276
1092.0,2026-09-19 12:00,1017.5,15.1,0.92546840828865,7.0,9.0,1.222470704438742,1.222470704438742,1.2190362706644173,6.550152147652093,0.4704071612526263,2.1408319016981965,0.033278566506204074,58.27612250238571,1077.5980760545879,418.88283629291897,7.1878982043764275
1093.0,2026-09-19 13:00,1017.4,15.1,0.9194840797760179,7.0,9.0,1.2223966687426169,1.2223966687426169,1.218961601109442,6.550352764905153,0.4704359768390696,2.141193913049541,0.03327958077246056,58.27432895313433,1077.5649110954312,418.85717848787624,7.187679137836691
1094.0,2026-09-19 14:00,1017.3,15.1,0.9194840797760179,7.0,8.0,1.222275812582755,1.222275812582755,1.2188406631355126,6.550677732214627,0.4704826552734403,2.141780336065379,0.03328122391652533,58.27142427562961,1077.5111999911876,418.81562202007115,7.1873242713106125
1095.0,2026-09-19 15:00,1017.6,15.0,0.9194241141092921,7.0,8.0,1.223109257259707,1.223109257259707,1.219672967324903,6.548442261264365,0.47016159815771325,2.137746882831587,0.03326992556717217,58.29142025785914,1077.8809506035154,419.10161674221365,7.1897650612777495
1096.0,2026-09-19 16:00,1017.9,14.8,0.9253011812271773,6.0,8.0,1.22436806909396,1.22436806909396,1.2209298025019022,6.54507088325787,0.4696776099429708,2.131666519761455,0.03325290807191164,58.32164109882238,1078.4397715867992,419.533487964066,7.193444492640265
