#YY  MM DD hh mm WVHT  SwH  SwP  WWH  WWP SwD WWD  STEEPNESS  APD MWD
#yr  mo dy hr mn    m    m  sec    m  sec  -  degT     -      sec degT
2026 09 19 16 10  1.7  1.5  7.1  0.8  5.0  NW WNW      STEEP  5.9 305
2026 09 19 15 40  1.7  1.4  8.3  0.9  5.0  NW WNW    AVERAGE  5.8 305
2026 09 19 15 10  1.6  1.4  8.3  0.8  5.3  NW WNW    AVERAGE  5.8 318
2026 09 19 14 40  1.7  1.5  7.7  0.7  4.5  NW WNW      STEEP  5.9 311
2026 09 19 14 10  1.7  1.5  7.7  0.8  5.0  NW WNW      STEEP  6.0 306
2026 09 19 13 40  1.8  1.6  7.1  0.7  4.3  NW WNW      STEEP  5.8 307
2026 09 19 13 10  1.7  1.5  7.7  0.8  4.2  NW WNW      STEEP  5.8 306
2026 09 19 12 40  1.7  1.4  7.7  1.0  5.9  NW WNW    AVERAGE  5.7 305
2026 09 19 12 10  1.8  1.4  6.7  1.2  4.8  NW  NW      STEEP  5.7 310
2026 09 19 11 40  1.8  1.4  6.7  1.2  5.6  NW  NW      STEEP  5.7 306
2026 09 19 11 10  1.8  1.3  7.1  1.2  5.6  NW WNW      STEEP  5.7 307
2026 09 19 10 40  1.8  1.3  7.1  1.3  5.9  NW  NW      STEEP  5.6 306
2026 09 19 10 10  1.8  1.2  7.1  1.4  5.0  NW  NW      STEEP  5.5 305
2026 09 19 09 40  1.9  1.3 14.8  1.4  6.7   S  NW      STEEP  5.6 304
2026 09 19 09 10  1.8  1.1 14.8  1.5  7.1   S  NW      STEEP  5.6 306
2026 09 19 08 40  1.9  0.8 13.8  1.7  7.7 SSW WNW      STEEP  5.6 300
2026 09 19 08 10  1.8  1.0 12.9  1.5  7.1   S WNW      STEEP  5.5 299
2026 09 19 07 40  1.8  1.1 13.8  1.5  6.7   S  NW      STEEP  5.5 305
2026 09 19 07 10  1.8  1.1  7.1  1.4  6.2  NW WNW      STEEP  5.4 308
2026 09 19 06 40  1.7  0.8 14.8  1.5  6.7   S WNW      STEEP  5.2 295
2026 09 19 06 10  1.8  0.8 19.0  1.6  7.1 WSW WNW      STEEP  5.3 299
2026 09 19 05 40  1.8  0.5 13.8  1.7  6.7 SSW WNW      STEEP  5.1 303
2026 09 19 05 10  1.5  0.7  8.3  1.4  5.9 WNW WNW VERY_STEEP  4.7 299
2026 09 19 04 40  1.5  0.6 14.8  1.3  5.6 SSE WNW VERY_STEEP  4.6 301
2026 09 19 04 10  1.4  0.6  7.7  1.2  5.3 WNW WNW VERY_STEEP  4.5 302
2026 09 19 03 40  1.2  0.7 14.8  1.0  4.8 SSE WNW    AVERAGE  4.5 161
2026 09 19 03 10  1.3  0.7 19.0  1.0  4.5 WSW WNW    AVERAGE  4.6 245
2026 09 19 02 40  1.2  0.8  7.7  0.9  4.2  NW  NW    AVERAGE  4.7 308
2026 09 19 02 10  1.2  0.8  8.3  0.9  4.5  NW WNW    AVERAGE  4.6 323
2026 09 19 01 40  1.2  0.9  8.3  0.9  4.2 WNW WNW    AVERAGE  4.7 293
2026 09 19 01 10  1.2  0.8  8.3  0.8  4.0 WNW WNW    AVERAGE  4.8 299
2026 09 19 00 40  1.2  0.8  8.3  0.8  3.8 WNW WNW    AVERAGE  4.6 301
2026 09 19 00 10  1.2  0.9 14.8  0.8  3.7   S  NW      SWELL  4.9 187
2026 09 18 23 40  1.2  0.9 14.8  0.8  3.6   S WNW      SWELL  4.8 183
2026 09 18 23 10  1.2  1.0  8.3  0.7  3.7  NW  NW    AVERAGE  5.0 306
2026 09 18 22 40  1.1  0.8 14.8  0.8  3.7   S WNW      SWELL  4.7 191
2026 09 18 22 10  1.2  0.8 14.8  0.8  3.7 SSW WNW      SWELL  4.7 198
2026 09 18 21 40  1.2  0.8 14.8  0.8  4.0 SSE WNW      SWELL  4.7 168
2026 09 18 21 10  1.2  0.9  8.3  0.8  4.0  NW WNW    AVERAGE  4.8 307
2026 09 18 20 40  1.2  0.8 14.8  0.8  3.8   S WNW      SWELL  4.8 191
2026 09 18 20 09  1.2  0.9 14.8  0.8  3.8   S  NW      SWELL  4.9 189
2026 09 18 19 40  1.1  0.8  8.3  0.8  3.6 WNW  NW    AVERAGE  4.9 294
2026 09 18 19 10  1.1  0.8  8.3  0.6  3.1 WNW  NW      SWELL  4.9 285
2026 09 18 18 40  1.1  0.9 14.8  0.6  3.2   S  NW      SWELL  5.6 181
2026 09 18 18 10  1.0  0.9  9.1  0.6  5.9 WNW   W      SWELL  5.5 282
2026 09 18 17 40  1.1  1.0  8.3  0.5  3.1 WNW WNW    AVERAGE  5.7 286
2026 09 18 17 10  1.0  0.9  9.1  0.6  5.6 WNW WNW      SWELL  5.5 303
2026 09 18 16 40  1.1  1.0  9.1  0.5  5.3   W WNW      SWELL  5.9 280
2026 09 18 16 10  1.1  1.0  9.1  0.5  5.0   W WNW      SWELL  6.0 280
2026 09 18 15 40  1.0  0.9  8.3  0.5  3.1  NW WNW      SWELL  5.9 305
2026 09 18 15 10  1.2  1.1  8.3  0.4  4.5 WNW WNW    AVERAGE  6.4 286
2026 09 18 14 40  1.1  1.0  9.1  0.5  4.5  NW WNW      SWELL  6.1 309
2026 09 18 14 10  1.1  1.0  8.3  0.4  4.5 WNW WNW    AVERAGE  5.9 282
2026 09 18 13 40  1.1  1.0  9.1  0.5  5.0 WNW WNW      SWELL  5.9 294
2026 09 18 13 10  1.1  1.0  9.1  0.4  2.9   W  NW      SWELL  6.2 281
2026 09 18 12 40  1.2  1.1  9.1  0.4  3.1  NW WNW      SWELL  6.4 306
2026 09 18 12 10  1.1  1.0  9.1  0.4  3.2  NW WNW      SWELL  6.1 315
2026 09 18 11 40  1.2  1.2  9.1  0.5  5.3  NW WNW      SWELL  6.4 304
2026 09 18 11 10  1.1  1.0  9.1  0.4  5.3 WNW WNW      SWELL  6.4 290
2026 09 18 10 40  1.1  1.1  9.1  0.4  5.0  NW   W      SWELL  6.3 309
2026 09 18 10 10  1.1  1.1 16.0  0.4  4.3   S   W      SWELL  6.5 190
2026 09 18 09 40  1.1  1.0  9.1  0.4  4.3  NW WNW      SWELL  6.5 304
2026 09 18 09 10  1.1  1.1  9.1  0.4  4.2  NW   W      SWELL  6.4 304
2026 09 18 08 40  1.2  1.1  9.1  0.3  4.3  NW WNW      SWELL  6.8 307
2026 09 18 08 10  1.2  1.2  9.1  0.3  4.0 WNW WNW      SWELL  6.7 296
2026 09 18 07 40  1.1  1.1  9.1  0.3  3.3  NW WNW      SWELL  6.6 305
2026 09 18 07 10  1.1  1.1  9.1  0.4  4.2 WNW WNW      SWELL  6.5 302
2026 09 18 06 40  1.1  1.1  9.1  0.3  3.8 WNW   W      SWELL  6.6 303
2026 09 18 06 10  1.0  0.9 16.0  0.4  4.8 SSW WNW      SWELL  6.5 205
2026 09 18 05 40  1.0  0.9 16.0  0.3  4.3 SSW   W      SWELL  6.5 200
2026 09 18 05 10  1.0  0.9  9.1  0.3  4.0   W WNW      SWELL  6.4 268
2026 09 18 04 40  1.0  1.0 16.0  0.3  4.0   S WNW      SWELL  6.4 177
2026 09 18 04 10  1.0  0.9  8.3  0.3  3.8 WNW   W      SWELL  6.8 293
2026 09 18 03 40  1.0  0.9  8.3  0.3  4.0 WNW   W      SWELL  6.4 297
2026 09 18 03 10  1.1  1.1  8.3  0.3  3.7  NW   W    AVERAGE  6.7 307
2026 09 18 02 40  1.1  1.0  9.1  0.3  4.0  NW   W      SWELL  6.7 307
2026 09 18 02 10  1.1  1.1  8.3  0.3  3.4 WNW   W    AVERAGE  6.5 298
2026 09 18 01 40  1.2  1.1  9.1  0.3  3.8  NW   W      SWELL  6.6 320
2026 09 18 01 10  1.2  1.1  9.1  0.3  4.0  NW   W      SWELL  6.5 319
2026 09 18 00 40  1.2  1.1  9.1  0.3  3.8  NW WNW      SWELL  6.6 317
2026 09 18 00 10  1.2  1.1  9.1  0.3  4.0  NW   W      SWELL  6.5 316
2026 09 17 23 40  1.1  1.1  8.3  0.3  3.6  NW   W    AVERAGE  6.2 314
2026 09 17 23 10  1.2  1.2  8.3  0.3  3.8  NW   W    AVERAGE  6.9 308
2026 09 17 22 40  1.2  1.2 16.0  0.3  4.0 SSW   W      SWELL  6.7 199
2026 09 17 22 10  1.1  1.0  8.3  0.3  4.0  NW   W      SWELL  6.4 309
2026 09 17 21 40  1.2  1.1  7.7  0.3  3.8  NW   W    AVERAGE  6.3 305
2026 09 17 21 10  1.1  1.1  9.1  0.3  3.8  NW WNW      SWELL  6.2 319
2026 09 17 20 40  1.1  1.0  8.3  0.3  3.8  NW WNW      SWELL  6.4 307
2026 09 17 20 10  1.1  1.1  8.3  0.3  4.0 WNW   W    AVERAGE  6.6 298
2026 09 17 19 40  1.0  1.0  8.3  0.3  3.7 WNW WNW      SWELL  6.3 301
2026 09 17 19 10  1.0  1.0 16.0  0.3  3.7 SSW   W      SWELL  6.7 201
2026 09 17 18 40  1.1  1.1  8.3  0.3  3.2 WNW   W    AVERAGE  6.7 303
2026 09 17 18 10  1.0  1.0  8.3  0.3  4.0  NW   W      SWELL  6.8 313
2026 09 17 17 40  1.1  1.1 16.0  0.3  3.4   S   W      SWELL  7.0 189
2026 09 17 17 10  1.1  1.1  8.3  0.3  3.7  NW   W    AVERAGE  7.0 309
2026 09 17 16 40  1.0  1.0  8.3  0.3  3.8  NW   W      SWELL  6.6 304
2026 09 17 16 10  1.1  1.1  8.3  0.3  3.6  NW   W    AVERAGE  6.8 306
2026 09 17 15 40  1.1  1.0  9.1  0.3  3.8  NW   W      SWELL  6.6 306
2026 09 17 15 10  1.1  1.1 16.0  0.3  4.0 SSW   W      SWELL  6.6 195
2026 09 17 14 40  1.1  1.0  9.1  0.3  3.8  NW   W      SWELL  6.5 314
2026 09 17 14 10  1.1  1.1  8.3  0.3  3.8  NW   W    AVERAGE  6.4 307
2026 09 17 13 40  1.1  1.1  8.3  0.3  4.0  NW WNW    AVERAGE  6.4 312
2026 09 17 13 10  1.1  1.0  9.1  0.3  3.4  NW   W      SWELL  6.3 315
2026 09 17 12 40  1.2  1.1  8.3  0.3  3.8  NW   W    AVERAGE  6.4 311
2026 09 17 12 10  1.2  1.1  8.3  0.3  3.8  NW   W    AVERAGE  6.4 313
2026 09 17 11 10  1.1  1.1  8.3  0.3  3.3  NW   W    AVERAGE  6.3 311
2026 09 17 10 40  1.2  1.1  8.3  0.3  3.8  NW   W    AVERAGE  6.1 317
2026 09 17 10 10  1.2  1.1  8.3  0.3  3.8  NW   W    AVERAGE  6.3 315
2026 09 17 09 40  1.4  1.3  8.3  0.3  4.0  NW WNW    AVERAGE  6.6 314
2026 09 17 09 10  1.3  1.2  7.7  0.4  3.8  NW WNW    AVERAGE  6.2 308
2026 09 17 08 40  1.1  1.0  8.3  0.3  4.0  NW WNW    AVERAGE  6.0 306
2026 09 17 08 10  1.1  1.1  7.7  0.3  4.0  NW   W    AVERAGE  6.1 304
2026 09 17 07 40  1.1  1.0  8.3  0.3  4.0  NW WNW      SWELL  5.7 311
2026 09 17 07 10  1.2  1.1  7.7  0.3  3.6  NW WNW    AVERAGE  6.1 309
2026 09 17 06 40  1.2  1.1  7.7  0.3  3.3  NW   W    AVERAGE  6.0 305
2026 09 17 06 10  1.2  1.1  8.3  0.4  4.0  NW WNW    AVERAGE  5.9 315
2026 09 17 05 40  1.2  1.1  8.3  0.4  2.9  NW   W    AVERAGE  5.8 312
2026 09 17 05 10  1.2  1.2  7.7  0.4  3.8  NW   W    AVERAGE  5.9 310
2026 09 17 04 40  1.2  1.1  7.7  0.3  3.8  NW WNW    AVERAGE  6.0 309
2026 09 17 04 10  1.2  1.2  7.7  0.4  3.4  NW   W    AVERAGE  5.7 312
2026 09 17 03 40  1.1  1.0  8.3  0.4  3.3  NW   W    AVERAGE  5.4 322
2026 09 17 03 10  1.2  1.1  7.7  0.4  3.8  NW   W    AVERAGE  5.8 309
2026 09 17 02 40  1.2  1.1  7.7  0.3  3.8  NW WNW    AVERAGE  5.9 314
2026 09 17 02 10  1.2  1.1  8.3  0.3  3.7  NW   W    AVERAGE  5.8 307
2026 09 17 01 40  1.3  1.2  8.3  0.4  4.0  NW WNW    AVERAGE  6.1 312
2026 09 17 01 10  1.3  1.2  8.3  0.4  3.6  NW WNW    AVERAGE  5.9 317
2026 09 17 00 40  1.3  1.3  7.7  0.4  3.8  NW WNW    AVERAGE  6.0 316
2026 09 17 00 10  1.3  1.2  7.7  0.4  4.0  NW WNW    AVERAGE  6.0 306
2026 09 16 23 40  1.4  1.4  7.7  0.4  3.7  NW WNW    AVERAGE  6.1 312
2026 09 16 23 10  1.5  1.4  8.3  0.4  3.7  NW   W    AVERAGE  6.1 321
2026 09 16 22 40  1.5  1.5  8.3  0.4  4.0  NW WNW    AVERAGE  6.2 313
2026 09 16 22 10  1.5  1.5  8.3  0.4  3.0  NW WNW    AVERAGE  6.3 306
2026 09 16 21 40  1.5  1.4  8.3  0.4  3.8  NW WNW    AVERAGE  6.1 307
2026 09 16 21 10  1.6  1.6  8.3  0.4  3.7  NW WNW    AVERAGE  6.2 310
2026 09 16 20 40  1.5  1.4  8.3  0.4  3.7  NW WNW    AVERAGE  5.9 306
2026 09 16 20 10  1.6  1.6  8.3  0.4  3.6  NW WNW    AVERAGE  6.1 314
2026 09 16 19 40  1.5  1.5  6.7  0.5  3.6 WNW WNW      STEEP  5.7 303
2026 09 16 19 10  1.8  1.7  8.3  0.7  4.2  NW WNW    AVERAGE  6.0 307
2026 09 16 18 40  1.8  1.7  9.1  0.5  4.0  NW WNW    AVERAGE  6.1 314
2026 09 16 18 10  1.9  1.8  8.3  0.6  4.3  NW WNW    AVERAGE  6.1 306
2026 09 16 17 40  2.0  1.9  9.1  0.6  3.6  NW WNW    AVERAGE  6.0 313
2026 09 16 17 10  2.0  1.9  8.3  0.6  4.2  NW WNW    AVERAGE  6.2 316
2026 09 16 16 40  2.0  1.8  9.1  0.7  3.7  NW WNW    AVERAGE  6.0 319
2026 09 16 16 10  1.9  1.5  8.3  1.1  5.9  NW  NW    AVERAGE  6.0 313
2026 09 16 15 40  1.9  1.3  9.1  1.3  6.7  NW  NW    AVERAGE  6.0 309
2026 09 16 15 10  1.7  1.5  8.3  0.9  4.8  NW WNW    AVERAGE  6.1 310
2026 09 16 14 40  1.7  1.6  8.3  0.8  4.5  NW WNW    AVERAGE  6.2 310
2026 09 16 14 10  1.9  1.8  8.3  0.5  3.8  NW WNW    AVERAGE  6.3 317
2026 09 16 13 40  1.7  1.7  9.1  0.5  4.2  NW WNW    AVERAGE  6.2 315
2026 09 16 13 10  1.8  1.8  9.1  0.5  4.0  NW WNW    AVERAGE  6.3 315
2026 09 16 12 40  1.8  1.7  9.1  0.6  3.8  NW WNW    AVERAGE  6.0 317
2026 09 16 12 10  1.7  1.5  9.1  0.7  4.2  NW WNW    AVERAGE  6.0 314
2026 09 16 11 40  1.7  1.5  8.3  0.7  5.0  NW WNW    AVERAGE  6.1 316
2026 09 16 11 10  1.7  1.5  9.1  0.6  4.2  NW WNW    AVERAGE  6.3 318
2026 09 16 10 40  1.8  1.7  9.1  0.5  4.3  NW WNW    AVERAGE  6.4 319
2026 09 16 10 10  1.8  1.7  9.1  0.4  3.8  NW   W    AVERAGE  6.5 315
2026 09 16 09 40  1.4  1.3  8.3  0.4  3.2  NW   W    AVERAGE  6.0 310
2026 09 16 09 10  1.6  1.5  9.1  0.4  4.0  NW WNW    AVERAGE  6.3 324
2026 09 16 08 40  1.6  1.5  8.3  0.4  3.6  NW   W    AVERAGE  6.2 317
2026 09 16 08 10  1.5  1.4  8.3  0.6  4.5  NW WNW    AVERAGE  6.1 314
2026 09 16 07 40  1.4  1.4  8.3  0.4  3.8  NW WNW    AVERAGE  6.3 313
2026 09 16 07 10  1.4  1.3  7.7  0.5  4.5  NW WNW    AVERAGE  5.9 304
2026 09 16 06 40  1.3  1.2  8.3  0.5  4.2  NW   W    AVERAGE  5.7 310
2026 09 16 06 10  1.5  1.4  8.3  0.4  3.8  NW WNW    AVERAGE  6.2 306
2026 09 16 05 40  1.4  1.4  9.1  0.4  4.0  NW WNW      SWELL  6.2 306
2026 09 16 05 10  1.5  1.5  8.3  0.4  3.8  NW WNW    AVERAGE  6.2 307
2026 09 16 04 40  1.4  1.4  8.3  0.4  4.0  NW   W    AVERAGE  6.2 316
2026 09 16 04 10  1.5  1.4  8.3  0.4  3.8  NW WNW    AVERAGE  6.2 311
2026 09 16 03 40  1.4  1.4  7.7  0.4  4.0  NW WNW    AVERAGE  6.0 312
2026 09 16 03 10  1.5  1.5  8.3  0.4  4.0  NW   W    AVERAGE  6.2 306
2026 09 16 02 40  1.5  1.4  8.3  0.4  3.8  NW WNW    AVERAGE  6.2 311
2026 09 16 02 10  1.4  1.3  7.7  0.4  3.2 WNW WNW    AVERAGE  6.0 303
2026 09 16 01 40  1.5  1.4  7.7  0.4  3.8  NW WNW    AVERAGE  6.1 306
2026 09 16 01 10  1.5  1.4  8.3  0.4  4.0  NW  NW    AVERAGE  6.2 305
2026 09 16 00 40  1.7  1.7  8.3  0.4  4.0  NW WNW    AVERAGE  6.4 306
2026 09 16 00 10  1.6  1.5  7.7  0.4  3.8 WNW WNW    AVERAGE  6.2 301
2026 09 15 23 40  1.4  1.4  8.3  0.4  4.0  NW WNW    AVERAGE  6.0 311
2026 09 15 23 10  1.5  1.5  8.3  0.4  3.6  NW WNW    AVERAGE  6.1 311
2026 09 15 22 40  1.6  1.6  8.3  0.4  3.6  NW WNW    AVERAGE  6.2 313
2026 09 15 22 10  1.8  1.7  7.7  0.5  4.0  NW WNW      STEEP  6.1 309
2026 09 15 21 40  1.8  1.8  8.3  0.5  3.8  NW WNW    AVERAGE  6.1 316
2026 09 15 21 10  1.8  1.7  8.3  0.7  4.8  NW WNW    AVERAGE  6.2 310
2026 09 15 20 40  1.7  1.6  8.3  0.5  3.8  NW   W    AVERAGE  5.9 309
2026 09 15 20 10  1.8  1.7  8.3  0.6  4.5  NW WNW    AVERAGE  5.9 304
2026 09 15 19 40  1.9  1.8  9.1  0.6  4.3  NW WNW    AVERAGE  6.3 312
2026 09 15 19 10  1.7  1.6  9.1  0.6  4.3  NW WNW    AVERAGE  6.1 318
2026 09 15 18 40  1.8  1.7  8.3  0.6  4.2  NW WNW    AVERAGE  6.2 315
2026 09 15 18 10  1.7  1.6  9.1  0.7  4.5  NW WNW    AVERAGE  6.1 308
2026 09 15 17 40  1.9  1.8  8.3  0.7  4.3  NW WNW    AVERAGE  6.3 306
2026 09 15 17 10  1.9  1.7  9.1  0.9  5.6  NW WNW    AVERAGE  6.4 313
2026 09 15 16 40  1.9  1.8  9.1  0.8  4.8  NW WNW    AVERAGE  6.4 308
2026 09 15 16 10  1.8  1.7  9.1  0.5  3.7  NW WNW    AVERAGE  6.2 312
2026 09 15 15 40  2.1  2.0  9.1  0.6  3.7  NW WNW    AVERAGE  6.4 304
2026 09 15 15 10  2.0  1.6  9.1  1.2  5.3  NW WNW    AVERAGE  6.2 307
2026 09 15 14 40  2.1  1.5  9.1  1.4  6.7  NW  NW    AVERAGE  6.4 306
2026 09 15 14 10  2.2  1.9  8.3  1.1  4.3  NW WNW      STEEP  6.6 306
2026 09 15 13 40  2.0  1.7  8.3  1.0  5.6  NW WNW    AVERAGE  6.3 307
2026 09 15 13 10  2.1  1.9  9.1  0.9  4.8  NW WNW    AVERAGE  6.5 304
2026 09 15 12 40  2.1  2.1  9.1  0.6  4.3  NW WNW    AVERAGE  6.5 310
2026 09 15 12 10  2.1  2.0  9.1  0.8  3.8  NW WNW    AVERAGE  6.4 314
2026 09 15 11 40  2.0  1.7  9.1  0.9  4.2  NW WNW    AVERAGE  6.1 312
2026 09 15 11 10  2.2  2.0  9.1  1.0  5.0  NW WNW    AVERAGE  6.5 310
2026 09 15 10 40  2.2  1.6  9.1  1.5  7.1  NW  NW    AVERAGE  6.4 311
2026 09 15 10 10  2.2  1.9  9.1  1.1  6.2  NW WNW    AVERAGE  6.6 311
2026 09 15 09 40  2.4  1.9  9.1  1.3  6.2  NW WNW    AVERAGE  6.5 310
2026 09 15 09 10  2.4  2.2  9.1  1.1  5.9  NW WNW    AVERAGE  6.8 307
2026 09 15 08 40  2.6  2.4  9.1  1.1  4.5  NW   W    AVERAGE  7.1 313
2026 09 15 08 10  2.2  1.9 10.0  1.1  5.9  NW WNW    AVERAGE  6.7 308
2026 09 15 07 40  2.5  2.2  9.1  1.3  6.2  NW WNW    AVERAGE  6.9 306
2026 09 15 07 10  2.4  2.1  9.1  1.2  6.2  NW WNW    AVERAGE  6.8 311
2026 09 15 06 40  2.3  2.0  8.3  1.3  5.6  NW WNW      STEEP  6.7 313
2026 09 15 06 10  2.3  1.9  9.1  1.3  6.7  NW  NW    AVERAGE  6.6 306
2026 09 15 05 40  2.4  2.1  9.1  1.2  5.6  NW WNW    AVERAGE  6.9 307
2026 09 15 05 10  2.2  1.9  8.3  1.2  6.7 WNW  NW      STEEP  6.7 303
2026 09 15 04 40  2.3  2.0  9.1  1.1  3.8  NW WNW    AVERAGE  6.6 305
2026 09 15 04 10  2.3  1.9  8.3  1.3  6.7  NW WNW      STEEP  6.6 304
2026 09 15 03 40  2.2  1.8  9.1  1.3  5.0 WNW WNW    AVERAGE  6.5 295
2026 09 15 03 10  2.1  1.3  9.1  1.6  7.7 WNW WNW    AVERAGE  6.3 300
2026 09 15 02 40  2.0  1.7  9.1  1.0  4.3 WNW WNW    AVERAGE  6.3 297
2026 09 15 02 10  2.1  1.8  9.1  1.1  5.6 WNW WNW    AVERAGE  6.4 300
2026 09 15 01 40  1.8  1.4  9.1  1.1  6.7 WNW WNW    AVERAGE  6.0 303
2026 09 15 01 10  1.8  1.5  9.1  1.1  4.5 WNW WNW    AVERAGE  6.2 293
2026 09 15 00 40  1.9  1.6  9.1  1.0  5.9 WNW WNW    AVERAGE  6.1 297
2026 09 15 00 10  1.8  1.4  8.3  1.2  7.1  NW WNW    AVERAGE  6.0 304
2026 09 14 23 10  1.7  1.4  8.3  1.0  6.7 WNW WNW    AVERAGE  5.9 299
2026 09 14 22 40  1.7  1.4  9.1  1.0  5.3 WNW WNW    AVERAGE  5.9 298
2026 09 14 22 10  1.8  1.6  8.3  0.9  4.8 WNW WNW    AVERAGE  6.2 300
2026 09 14 21 40  1.7  1.4  9.1  0.9  5.3 WNW WNW    AVERAGE  6.1 302
2026 09 14 21 10  1.7  1.4  9.1  0.9  5.3 WNW WNW    AVERAGE  5.9 301
2026 09 14 20 40  1.7  1.5  7.7  0.7  5.3  NW WNW      STEEP  6.1 306
2026 09 14 20 10  1.8  1.6  7.7  0.8  5.6 WNW WNW      STEEP  6.3 303
2026 09 14 19 40  1.8  1.7  9.1  0.6  3.7  NW WNW    AVERAGE  6.4 309
2026 09 14 19 10  1.7  1.6  8.3  0.5  3.8  NW WNW    AVERAGE  6.3 306
2026 09 14 18 40  1.8  1.7  8.3  0.4  3.8  NW WNW    AVERAGE  6.2 306
2026 09 14 18 10  1.7  1.7  8.3  0.5  3.2 WNW WNW    AVERAGE  6.1 301
2026 09 14 17 40  1.8  1.8  8.3  0.4  3.7 WNW   W    AVERAGE  6.5 302
2026 09 14 17 10  1.7  1.7  8.3  0.5  4.2  NW WNW    AVERAGE  6.3 310
2026 09 14 16 40  2.0  1.9  9.1  0.5  3.7  NW WNW    AVERAGE  6.5 305
2026 09 14 16 10  1.9  1.8  7.1  0.6  4.2 WNW WNW      STEEP  6.4 303
2026 09 14 15 40  2.1  2.0  9.1  0.7  4.3 WNW WNW    AVERAGE  6.6 301
2026 09 14 15 10  1.9  1.8  9.1  0.5  3.8 WNW WNW    AVERAGE  6.3 299
2026 09 14 14 40  1.8  1.8  8.3  0.5  3.8 WNW WNW    AVERAGE  6.4 300
2026 09 14 14 10  2.2  2.1  8.3  0.5  3.7 WNW WNW      STEEP  6.7 300
2026 09 14 13 40  2.0  2.0  8.3  0.5  3.6 WNW WNW    AVERAGE  6.4 302
2026 09 14 13 10  1.9  1.8  8.3  0.5  3.7 WNW WNW    AVERAGE  6.2 301
2026 09 14 12 40  1.9  1.5  9.1  1.1  5.3 WNW WNW    AVERAGE  6.1 293
2026 09 14 12 10  1.9  1.5  7.7  1.1  5.9 WNW WNW      STEEP  6.1 292
2026 09 14 11 40  1.8  1.5  8.3  0.9  5.3 WNW WNW    AVERAGE  5.9 295
2026 09 14 11 10  1.8  1.5  6.7  0.9  5.3 WNW WNW      STEEP  6.1 295
2026 09 14 10 40  1.7  1.5  7.7  0.7  4.5 WNW WNW    AVERAGE  5.9 285
2026 09 14 10 10  1.6  1.3  7.1  0.9  5.3 WNW WNW      STEEP  5.7 295
2026 09 14 09 40  1.7  1.2  7.1  1.2  4.2 WNW WNW      STEEP  5.8 297
2026 09 14 09 10  1.7  1.3  6.7  1.1  5.9 WNW  NW      STEEP  5.6 299
2026 09 14 08 40  1.6  1.1  7.7  1.2  6.2 WNW WNW    AVERAGE  5.6 291
2026 09 14 08 10  1.7  1.1 10.0  1.3  6.7 WNW WNW      STEEP  5.7 295
2026 09 14 07 40  1.8  0.8 10.8  1.7  7.1 WNW WNW      STEEP  5.6 294
2026 09 14 07 10  1.9  0.8 12.9  1.7  7.1   W WNW      STEEP  5.5 303
2026 09 14 06 40  1.9  0.8 10.0  1.8  6.7 WNW  NW      STEEP  5.4 304
2026 09 14 06 10  2.0  0.7  9.1  1.8  7.1  NW WNW      STEEP  5.4 300
2026 09 14 05 40  2.0  0.6 13.8  1.9  6.7 ESE  NW      STEEP  5.4 306
2026 09 14 05 10  1.9  0.7 10.0  1.8  6.7 WNW WNW      STEEP  5.3 300
2026 09 14 04 40  2.0  0.6 14.8  1.9  6.2 SSE WNW VERY_STEEP  5.4 296
2026 09 14 04 10  1.8  0.7 10.0  1.7  5.9 WNW WNW VERY_STEEP  5.1 299
2026 09 14 03 40  1.7  0.6 10.0  1.6  5.9 WNW WNW VERY_STEEP  5.0 300
2026 09 14 03 10  1.7  0.7 10.8  1.5  5.9 WNW WNW VERY_STEEP  5.1 293
2026 09 14 02 40  1.6  0.6 10.8  1.5  5.6 WSW WNW VERY_STEEP  4.9 292
2026 09 14 02 10  1.5  0.5 10.0  1.4  5.6   W WNW VERY_STEEP  4.8 296
2026 09 14 01 40  1.6  0.7 10.8  1.4  5.6  SW WNW VERY_STEEP  5.0 293
2026 09 14 01 10  1.5  0.6 12.9  1.3  5.6 SSW WNW VERY_STEEP  4.8 285
2026 09 14 00 40  1.4  0.6 10.8  1.3  5.3  SW WNW VERY_STEEP  4.6 293
2026 09 14 00 10  1.4  0.6  9.1  1.2  5.0   W WNW VERY_STEEP  4.6 294
2026 09 13 23 40  1.3  0.7 10.0  1.1  5.0   W WNW VERY_STEEP  4.6 302
2026 09 13 23 10  1.3  0.7 13.8  1.1  4.8  SW WNW VERY_STEEP  4.7 292
2026 09 13 22 40  1.2  0.6 10.8  1.0  4.3 WSW WNW VERY_STEEP  4.5 298
2026 09 13 22 10  1.2  0.7 13.8  1.0  4.5 WSW WNW VERY_STEEP  4.5 295
2026 09 13 21 40  1.2  0.7 13.8  1.0  5.0 SSW WNW VERY_STEEP  4.5 297
2026 09 13 21 10  1.3  0.7 13.8  1.0  5.0   S WNW VERY_STEEP  4.5 291
2026 09 13 20 40  1.2  0.7 10.8  1.0  4.3   W WNW    AVERAGE  4.5 259
2026 09 13 20 10  1.3  0.7 10.8  1.1  4.8   W  NW VERY_STEEP  4.5 304
2026 09 13 19 40  1.3  0.7 10.0  1.0  4.5 WNW WNW    AVERAGE  4.5 295
2026 09 13 19 10  1.2  0.7 10.8  1.0  4.5   W WNW VERY_STEEP  4.5 300
2026 09 13 18 40  1.3  0.9 11.4  1.0  5.3 WSW WNW    AVERAGE  4.8 240
2026 09 13 18 10  1.2  0.7 10.8  1.0  5.0   W WNW    AVERAGE  4.5 265
2026 09 13 17 40  1.1  0.7 11.4  0.9  4.2 WSW WNW    AVERAGE  4.4 258
2026 09 13 17 10  1.2  0.8 11.4  0.9  5.3   W WNW    AVERAGE  4.7 264
2026 09 13 16 40  1.1  0.8 13.8  0.8  4.8 SSW WNW      SWELL  4.9 195
2026 09 13 16 10  1.1  0.7 11.4  0.8  4.3 WSW  NW    AVERAGE  4.9 257
2026 09 13 15 40  1.1  0.8 10.8  0.8  5.0   W WNW      SWELL  5.0 277
2026 09 13 14 40  1.2  0.8 11.4  0.9  4.8   W WNW    AVERAGE  4.9 267
2026 09 13 14 10  1.2  0.8 13.8  0.9  5.0 SSW WNW    AVERAGE  5.0 205
2026 09 13 13 40  1.2  0.9 12.1  0.9  5.0  SW WNW      SWELL  5.1 217
2026 09 13 13 10  1.1  0.8 11.4  0.8  4.8 WSW  NW      SWELL  4.9 250
2026 09 13 12 40  1.1  0.8 12.1  0.8  5.3  SW WNW      SWELL  5.0 228
2026 09 13 12 09  1.1  0.7 11.4  0.8  4.8 WSW WNW    AVERAGE  5.0 254
2026 09 13 11 40  1.1  0.8 11.4  0.8  5.0 WSW WNW      SWELL  5.1 246
2026 09 13 11 10  1.2  0.8 11.4  0.9  5.3 WSW WNW    AVERAGE  5.1 250
2026 09 13 10 40  1.2  0.8 12.9  0.9  4.8  SW WNW    AVERAGE  5.1 220
2026 09 13 10 10  1.2  0.8 12.1  0.9  4.0  SW WNW    AVERAGE  5.0 234
2026 09 13 09 40  1.3  0.9 13.8  0.9  5.3  SW WNW      SWELL  5.1 221
2026 09 13 09 10  1.3  0.9 13.8  0.9  5.6 SSW WNW      SWELL  5.1 198
2026 09 13 08 40  1.2  0.8 14.8  0.9  5.0 SSW  NW    AVERAGE  5.0 206
2026 09 13 08 10  1.2  0.8 10.8  1.0  5.6   W WNW    AVERAGE  4.9 272
2026 09 13 07 40  1.4  0.9 14.8  1.0  5.9  SW  NW    AVERAGE  4.9 215
2026 09 13 07 10  1.3  0.9 13.8  1.0  5.9 WSW WNW    AVERAGE  5.0 239
2026 09 13 06 40  1.5  0.8 12.1  1.2  5.6 WSW  NW VERY_STEEP  5.0 304
2026 09 13 06 10  1.5  0.9 12.1  1.2  5.0 WSW  NW    AVERAGE  4.9 247
2026 09 13 05 40  1.5  0.9 12.1  1.3  5.6 WSW  NW VERY_STEEP  5.0 309
2026 09 13 05 10  1.7  0.9 12.9  1.4  5.3 WSW  NW    AVERAGE  5.1 244
2026 09 13 04 40  1.6  0.8 11.4  1.4  6.2   W  NW      STEEP  4.9 311
2026 09 13 04 10  1.8  0.8 12.1  1.6  6.2   W  NW VERY_STEEP  5.1 312
2026 09 13 03 40  1.8  0.8 14.8  1.6  5.9 SSW  NW VERY_STEEP  5.0 310
2026 09 13 03 10  1.7  0.8 12.1  1.5  5.9 WSW  NW VERY_STEEP  5.0 313
2026 09 13 02 40  1.7  0.8 14.8  1.6  5.9 SSW  NW VERY_STEEP  4.9 304
2026 09 13 02 10  1.7  0.8 14.8  1.5  5.9   S  NW VERY_STEEP  5.0 312
2026 09 13 01 40  1.6  0.9 11.4  1.3  5.6   W  NW    AVERAGE  5.1 270
2026 09 13 01 10  1.6  0.9 11.4  1.3  6.2   W  NW      STEEP  5.1 306
2026 09 13 00 40  1.5  0.8 14.8  1.2  5.6   S  NW    AVERAGE  4.9 181
2026 09 13 00 10  1.5  0.8 12.1  1.2  5.6  SW  NW    AVERAGE  5.0 236
2026 09 12 23 40  1.5  0.9 14.8  1.2  5.9   S  NW    AVERAGE  5.3 180
2026 09 12 23 10  1.6  1.0 13.8  1.2  6.7  SW WNW    AVERAGE  5.3 217
2026 09 12 22 40  1.5  0.9 13.8  1.2  5.9 SSW  NW    AVERAGE  5.3 213
2026 09 12 22 10  1.5  1.0 13.8  1.1  5.9 WSW  NW    AVERAGE  5.4 241
2026 09 12 21 40  1.5  1.0 13.8  1.1  4.0 SSW WNW    AVERAGE  5.2 213
2026 09 12 21 10  1.5  0.9 14.8  1.2  6.7 SSW  NW    AVERAGE  5.4 193
2026 09 12 20 40  1.5  1.1 12.9  1.0  5.9  SW  NW      SWELL  5.5 215
2026 09 12 20 10  1.5  1.2 14.8  0.9  5.9  SW WNW      SWELL  5.7 221
2026 09 12 19 40  1.7  1.3 13.8  1.0  5.9  SW WNW      SWELL  6.0 215
2026 09 12 19 10  1.5  1.3 12.9  0.8  5.0  SW  NW      SWELL  6.0 227
2026 09 12 18 40  1.5  1.3 13.8  0.8  4.3 SSW WNW      SWELL  5.8 213
2026 09 12 18 10  1.5  1.2 13.8  0.8  5.6  SW  NW      SWELL  5.9 220
2026 09 12 17 40  1.5  1.3 14.8  0.8  5.0 SSW  NW      SWELL  5.8 203
2026 09 12 17 10  1.5  1.3 13.8  0.8  4.8  SW WNW      SWELL  5.9 219
2026 09 12 16 40  1.5  1.3 12.9  0.8  5.0  SW  NW      SWELL  5.7 226
2026 09 12 16 10  1.5  1.2 13.8  0.9  5.6  SW WNW      SWELL  5.8 220
2026 09 12 15 40  1.6  1.4 12.9  0.8  3.8 WSW WNW      SWELL  5.6 251
2026 09 12 15 10  1.5  1.3 14.8  0.8  5.0  SW WNW      SWELL  5.7 225
2026 09 12 14 40  1.7  1.4  6.2  1.0  4.8  NW WNW VERY_STEEP  5.8 306
2026 09 12 14 10  1.7  1.5  6.2  0.9  3.6  NW WNW VERY_STEEP  5.8 304
2026 09 12 13 40  1.6  1.3 14.8  0.8  4.5 SSW WNW      SWELL  5.7 192
2026 09 12 13 10  1.8  1.5 13.8  0.8  5.0 SSW  NW      SWELL  6.0 198
2026 09 12 12 40  1.8  1.3 13.8  1.2  5.0  SW  NW      SWELL  6.0 233
2026 09 12 12 10  1.7  1.2 14.8  1.2  5.9 SSW WNW      SWELL  5.7 201
2026 09 12 11 40  1.7  1.1 13.8  1.3  6.2 SSW WNW VERY_STEEP  5.7 299
2026 09 12 11 10  1.7  1.1 13.8  1.3  7.1  SW WNW    AVERAGE  5.9 218
2026 09 12 10 40  1.7  1.3 14.8  1.1  6.2  SW  NW      SWELL  6.1 221
2026 09 12 10 10  1.6  1.2 13.8  1.1  5.3  SW WNW      SWELL  5.8 220
2026 09 12 09 40  1.7  1.4 14.8  0.9  4.8 SSW WNW      SWELL  6.0 205
2026 09 12 09 10  1.7  1.2  7.7  1.2  6.7 WNW WNW      STEEP  5.9 294
2026 09 12 08 40  1.7  1.2 14.8  1.3  6.7  SW WNW      STEEP  5.8 300
2026 09 12 08 10  1.6  1.3 14.8  1.0  5.3 SSW  NW      SWELL  5.7 205
2026 09 12 07 40  1.6  1.2  6.7  1.1  5.9  NW  NW      STEEP  5.8 313
2026 09 12 07 10  1.7  1.3 13.8  1.1  4.3  SW WNW      SWELL  6.2 216
2026 09 12 06 40  1.7  1.4  7.1  1.0  5.9  NW WNW      STEEP  6.0 305
2026 09 12 06 10  1.8  1.6 14.8  0.8  5.0 SSW WNW      SWELL  6.3 203
2026 09 12 05 40  1.7  1.5 14.8  0.9  5.6  SW  NW      SWELL  6.0 217
2026 09 12 05 10  1.6  1.3 14.8  1.0  4.5 SSW  NW      SWELL  6.0 200
2026 09 12 04 40  1.6  1.2 14.8  1.1  6.2  SW WNW      SWELL  5.9 229
2026 09 12 04 10  1.7  1.3 14.8  1.1  6.7  SW WNW      SWELL  6.0 221
2026 09 12 03 40  1.5  1.2 14.8  0.9  5.6  SW WNW      SWELL  5.8 224
2026 09 12 03 10  1.5  1.3 14.8  0.8  5.0  SW WNW      SWELL  6.1 221
2026 09 12 02 40  1.4  1.2 13.8  0.8  4.5  SW WNW      SWELL  5.7 232
2026 09 12 02 10  1.5  1.3 16.0  0.7  4.5  SW WNW      SWELL  6.3 229
2026 09 12 01 40  1.5  1.4 14.8  0.7  5.6  SW WNW      SWELL  6.5 236
2026 09 12 01 10  1.3  1.2  7.1  0.5  4.2 WNW WNW      STEEP  5.9 298
2026 09 12 00 40  1.6  1.5 14.8  0.6  5.3 SSW WNW      SWELL  6.8 209
2026 09 12 00 10  1.5  1.4 14.8  0.5  4.2 SSW WNW      SWELL  6.4 202
2026 09 11 23 40  1.4  1.4 16.0  0.4  3.6 SSW WNW      SWELL  6.3 212
2026 09 11 23 10  1.5  1.4 16.0  0.5  4.3 SSW WNW      SWELL  6.2 206
2026 09 11 22 40  1.5  1.4 14.8  0.5  3.3 SSW WNW      SWELL  6.3 210
2026 09 11 22 10  1.6  1.4 14.8  0.7  5.0 SSW WNW      SWELL  6.5 204
2026 09 11 21 40  1.5  1.3 16.0  0.7  4.8 SSW WNW      SWELL  6.6 207
2026 09 11 21 10  1.5  1.5 16.0  0.4  3.8 SSW WNW      SWELL  6.4 203
2026 09 11 20 40  1.5  1.4 14.8  0.4  3.6 SSW WNW      SWELL  6.5 202
2026 09 11 20 10  1.5  1.4 14.8  0.5  4.5 SSW WNW      SWELL  6.4 203
2026 09 11 19 40  1.4  1.4 16.0  0.4  3.7  SW WNW      SWELL  6.5 216
2026 09 11 19 10  1.5  1.5 16.0  0.4  3.6 SSW WNW      SWELL  6.6 213
2026 09 11 18 40  1.5  1.4 16.0  0.4  3.8  SW WNW      SWELL  6.5 221
2026 09 11 18 10  1.5  1.4 16.0  0.4  3.7  SW WNW      SWELL  6.6 218
2026 09 11 17 40  1.4  1.3 14.8  0.4  3.7 SSW WNW      SWELL  6.3 203
2026 09 11 17 10  1.4  1.3 16.0  0.4  2.9 SSW WNW      SWELL  6.3 208
2026 09 11 16 10  1.4  1.3 16.0  0.4  3.8 SSW WNW      SWELL  6.3 206
2026 09 11 15 40  1.4  1.4 16.0  0.4  3.6 SSW WNW      SWELL  6.3 207
2026 09 11 15 10  1.4  1.4 14.8  0.4  3.3 SSW WNW      SWELL  6.2 207
2026 09 11 14 40  1.5  1.3 11.4  0.6  4.3 WNW WNW      SWELL  6.2 293
2026 09 11 14 10  1.5  1.5 14.8  0.5  3.6 SSW  NW      SWELL  6.3 193
2026 09 11 13 40  1.6  1.5 16.0  0.5  3.8 SSW WNW      SWELL  6.3 203
2026 09 11 13 10  1.5  1.4 16.0  0.6  4.3 SSW WNW      SWELL  6.4 205
2026 09 11 12 40  1.5  1.4 16.0  0.6  4.5  SW  NW      SWELL  6.1 214
2026 09 11 12 10  1.6  1.4 16.0  0.7  4.3 SSW WNW      SWELL  6.3 199
2026 09 11 11 40  1.6  1.4 11.4  0.9  5.6   W  NW      SWELL  6.0 274
2026 09 11 11 10  1.5  1.3 16.0  0.8  5.3  SW  NW      SWELL  6.0 218
2026 09 11 10 40  1.7  1.4 16.0  0.9  4.8 SSW WNW      SWELL  6.2 213
2026 09 11 10 10  1.6  1.4 16.0  0.8  5.3  SW  NW      SWELL  6.1 220
2026 09 11 09 40  1.6  1.3 16.0  0.9  5.6  SW WNW      SWELL  6.0 215
2026 09 11 09 10  1.7  1.3 16.0  1.0  6.7  SW WNW      SWELL  6.2 230
2026 09 11 08 40  1.7  1.4 11.4  1.0  6.2 WSW  NW      SWELL  6.2 240
2026 09 11 08 10  1.6  1.2 16.0  1.1  6.7 SSW WNW      SWELL  6.0 203
2026 09 11 07 40  1.7  1.4 16.0  1.0  6.2 SSW WNW      SWELL  6.2 205
2026 09 11 07 10  1.8  1.5 16.0  0.9  5.9 SSW  NW      SWELL  6.1 193
2026 09 11 06 40  1.7  1.4 10.8  1.0  5.9   W  NW      SWELL  6.0 278
2026 09 11 06 10  1.6  1.2 16.0  1.1  6.2 SSW  NW      SWELL  6.0 212
2026 09 11 05 40  1.7  1.3 12.1  1.0  4.3   W WNW      SWELL  5.8 268
2026 09 11 05 10  1.6  1.4 16.0  0.8  5.0 SSW  NW      SWELL  5.7 197
2026 09 11 04 40  1.5  1.1 16.0  1.0  5.0 SSW  NW      SWELL  5.7 196
2026 09 11 04 10  1.7  1.3 11.4  1.0  5.3 WNW  NW      SWELL  5.9 286
2026 09 11 03 40  1.6  1.2 17.4  0.9  4.8 SSW  NW      SWELL  6.0 206
2026 09 11 03 10  1.5  1.2 12.1  0.8  5.0 WNW  NW      SWELL  5.9 283
2026 09 11 02 40  1.5  1.3 12.1  0.8  5.0 WNW  NW      SWELL  6.1 282
2026 09 11 02 10  1.5  1.3 12.1  0.8  5.3 WNW  NW      SWELL  6.2 284
2026 09 11 01 40  1.5  1.2 17.4  0.8  4.8  SW WNW      SWELL  6.0 214
2026 09 11 00 40  1.4  1.2  9.1  0.7  5.3   S WNW      SWELL  6.0 191
2026 09 11 00 10  1.4  1.3  9.1  0.7  4.3   S WNW      SWELL  6.2 186
2026 09 10 21 40  1.4  1.3 10.0  0.6  5.3 SSW WNW      SWELL  6.6 196
2026 09 10 21 10  1.4  1.2 12.1  0.6  4.2   W WNW      SWELL  6.7 262
2026 09 10 14 40  1.2  1.2 12.1  0.3  3.8   W WNW      SWELL  7.5 274
2026 09 10 14 10  1.1  1.1 12.9  0.3  3.8   W WNW      SWELL  7.5 274
2026 09 10 13 40  1.2  1.2 12.9  0.3  3.7   W WNW      SWELL  7.4 264
2026 09 10 13 10  1.2  1.2 12.9  0.3  4.0 WSW  NW      SWELL  7.5 246
2026 09 10 12 40  1.2  1.1 12.9  0.3  3.8 WNW WNW      SWELL  7.1 286
2026 09 10 12 10  1.2  1.2 12.9  0.3  3.8   W WNW      SWELL  7.0 267
2026 09 10 11 40  1.2  1.1 12.9  0.3  3.3   W WNW      SWELL  6.9 271
2026 09 10 11 10  1.3  1.2 12.9  0.3  3.7 WSW WNW      SWELL  7.2 254
2026 09 10 10 40  1.2  1.1 12.9  0.3  3.8   W WNW      SWELL  7.0 279
2026 09 10 10 10  1.2  1.1 12.9  0.3  3.7   W   W      SWELL  6.8 270
2026 09 10 09 40  1.4  1.3 12.9  0.3  4.0 WSW   W      SWELL  7.5 240
2026 09 10 09 10  1.3  1.2  8.3  0.3  3.0 WSW WNW    AVERAGE  7.0 250
2026 09 10 08 40  1.2  1.1  8.3  0.4  3.4 WSW WNW    AVERAGE  7.0 238
2026 09 10 08 10  1.3  1.2  8.3  0.3  2.7   W  NW    AVERAGE  7.1 276
2026 09 10 07 40  1.2  1.2 12.9  0.3  3.0  SW WNW      SWELL  7.3 232
2026 09 10 07 10  1.3  1.3  9.1  0.3  2.9 SSW WNW      SWELL  7.0 206
2026 09 10 06 40  1.2  1.2  9.1  0.2  2.6 WSW  NW      SWELL  7.3 241
2026 09 10 06 10  1.3  1.3  9.1  0.3  4.8   W  NW      SWELL  7.5 259
2026 09 10 05 40  1.3  1.3 13.8  0.3  4.5   W WNW      SWELL  7.9 266
2026 09 10 05 10  1.3  1.2 12.9  0.3  3.2 WSW   W      SWELL  7.8 239
2026 09 10 04 40  1.3  1.3 13.8  0.2  4.2 WNW WNW      SWELL  7.9 287
2026 09 10 04 10  1.2  1.1  9.1  0.3  4.3 SSW WNW      SWELL  7.2 213
2026 09 10 03 40  1.3  1.2  9.1  0.3  2.9  SW WNW      SWELL  7.3 227
2026 09 10 03 10  1.2  1.2 13.8  0.3  2.9 WSW WNW      SWELL  7.5 243
2026 09 10 02 40  1.2  1.2 13.8  0.3  2.9 WSW WNW      SWELL  7.2 244
2026 09 10 02 10  1.3  1.2 10.0  0.3  2.7   S  NW      SWELL  7.5 190
2026 09 10 01 40  1.2  1.2 13.8  0.3  3.0 WSW WNW      SWELL  7.3 248
2026 09 10 01 10  1.2  1.1 13.8  0.4  3.1  SW WNW      SWELL  6.5 235
2026 09 10 00 40  1.3  1.2 10.0  0.5  2.9   S  NW      SWELL  6.5 181
2026 09 10 00 10  1.3  1.2  9.1  0.5  3.2   N  NW      SWELL  6.3 355
2026 09 09 23 40  1.4  1.3 14.8  0.5  2.9   W  NW      SWELL  6.9 273
2026 09 09 23 10  1.3  1.2 14.8  0.4  4.5 WSW WNW      SWELL  7.0 252
2026 09 09 22 40  1.3  1.2  9.1  0.3  4.3  SW WNW      SWELL  7.2 235
2026 09 09 21 40  1.2  1.1  9.1  0.4  5.0 WSW WNW      SWELL  7.3 240
2026 09 09 15 40  1.3  1.3 10.0  0.2  3.6   S WNW      SWELL  8.2 185
2026 09 09 15 10  1.4  1.4 10.0  0.2  3.8   S WNW      SWELL  8.3 181
2026 09 09 14 40  1.5  1.4 10.0  0.2  3.6 SSW WNW      SWELL  8.5 192
2026 09 09 14 10  1.4  1.4 10.8  0.2  3.6   S WNW      SWELL  8.3 184
2026 09 09 13 40  1.3  1.3 10.0  0.2  2.7 SSW WNW      SWELL  8.2 199
2026 09 09 13 10  1.4  1.4 10.0  0.2  3.8   S   W      SWELL  8.3 187
2026 09 09 12 40  1.5  1.5 10.0  0.2  3.6 SSW WNW      SWELL  8.5 205
2026 09 09 12 10  1.4  1.4 10.8  0.2  2.7 SSW WNW      SWELL  8.5 194
2026 09 09 11 40  1.4  1.3 10.8  0.2  3.8   S WNW      SWELL  8.1 189
2026 09 09 11 10  1.3  1.3 10.8  0.2  3.8   S WNW      SWELL  8.2 189
2026 09 09 10 40  1.4  1.4 10.8  0.2  4.0   S WNW      SWELL  8.4 190
2026 09 09 10 10  1.4  1.4 10.8  0.2  4.0   S WNW      SWELL  8.4 188
2026 09 09 09 40  1.3  1.3 10.8  0.2  4.0 SSW WNW      SWELL  8.0 200
2026 09 09 09 10  1.4  1.4 10.8  0.2  3.7   S   W      SWELL  8.1 189
2026 09 09 08 40  1.5  1.5 10.8  0.2  3.8 SSW WNW      SWELL  8.5 204
2026 09 09 08 10  1.5  1.4 10.8  0.2  3.8 SSW WNW      SWELL  8.4 195
2026 09 09 07 40  1.3  1.3 10.8  0.2  3.7 SSW WNW      SWELL  8.2 193
2026 09 09 07 10  1.5  1.5 10.8  0.2  3.3 SSW   W      SWELL  8.4 202
2026 09 09 06 40  1.3  1.3 10.8  0.2  3.7 SSW WNW      SWELL  8.2 203
2026 09 09 06 10  1.5  1.4 10.8  0.2  3.8   S WNW      SWELL  8.1 188
2026 09 09 05 40  1.4  1.4 11.4  0.2  4.0 SSW WNW      SWELL  8.2 204
2026 09 09 05 10  1.5  1.4 11.4  0.3  3.6 SSW   W      SWELL  8.2 194
2026 09 09 04 40  1.6  1.6 10.0  0.3  4.0 SSW WNW      SWELL  8.3 198
2026 09 09 04 10  1.3  1.3 10.8  0.3  3.8   S   W      SWELL  7.9 182
2026 09 09 03 40  1.6  1.6 11.4  0.3  3.7   S WNW      SWELL  8.3 184
2026 09 09 03 10  1.5  1.5 10.8  0.3  3.8   S WNW      SWELL  8.1 179
2026 09 09 02 40  1.5  1.5 10.8  0.3  4.0   S WNW      SWELL  8.2 171
2026 09 09 02 10  1.4  1.4 11.4  0.3  4.0   S WNW      SWELL  8.1 172
2026 09 09 01 40  1.4  1.4 11.4  0.3  3.8 SSE WNW      SWELL  8.1 167
2026 09 09 01 10  1.4  1.4 10.8  0.3  3.7   S WNW      SWELL  8.1 170
2026 09 09 00 40  1.4  1.4 11.4  0.3  3.8 SSE WNW      SWELL  7.9 166
2026 09 09 00 10  1.3  1.3 11.4  0.3  3.7   S WNW      SWELL  7.7 174
2026 09 08 23 40  1.4  1.4 11.4  0.3  3.7   S WNW      SWELL  8.0 176
2026 09 08 23 10  1.3  1.3 10.8  0.3  3.7   S WNW      SWELL  7.7 175
2026 09 08 22 40  1.4  1.4 11.4  0.3  4.0   S WNW      SWELL  7.6 180
2026 09 08 22 10  1.3  1.3 10.8  0.3  4.0   S WNW      SWELL  7.7 181
2026 09 08 21 40  1.5  1.5 11.4  0.3  3.8   S WNW      SWELL  7.9 184
2026 09 08 21 10  1.6  1.6 11.4  0.3  4.0   S WNW      SWELL  7.9 181
2026 09 08 20 40  1.6  1.6 11.4  0.3  3.7   S   W      SWELL  7.9 175
2026 09 08 20 10  1.6  1.5 11.4  0.3  3.8   S WNW      SWELL  7.6 187
2026 09 08 19 40  1.6  1.5 12.1  0.3  3.6   S  NW      SWELL  7.6 184
2026 09 08 19 10  1.8  1.7 12.1  0.3  4.0   S WNW      SWELL  8.2 188
2026 09 08 18 40  1.7  1.7 12.1  0.3  4.0   S WNW      SWELL  8.0 177
2026 09 08 18 10  1.6  1.6 12.1  0.3  3.8   S  NW      SWELL  8.0 186
2026 09 08 17 40  1.7  1.7 11.4  0.3  3.8 SSW WNW      SWELL  7.9 201
2026 09 08 17 10  1.5  1.5 11.4  0.3  4.0 SSW  NW      SWELL  7.4 199
2026 09 08 16 40  1.5  1.5 11.4  0.3  3.7   S WNW      SWELL  7.7 180
2026 09 08 16 10  1.6  1.6 12.1  0.3  4.0   S WNW      SWELL  7.7 186
2026 09 08 15 40  1.4  1.4 12.1  0.3  3.6   S WNW      SWELL  7.2 189
2026 09 08 15 10  1.5  1.5 11.4  0.3  3.6 SSW   W      SWELL  7.4 195
2026 09 08 14 40  1.4  1.4 12.1  0.3  4.0   S WNW      SWELL  7.4 176
2026 09 08 14 10  1.5  1.4 12.9  0.3  3.7   S WNW      SWELL  7.3 190
2026 09 08 13 40  1.3  1.3 12.1  0.3  3.7   S   W      SWELL  7.1 191
2026 09 08 13 10  1.3  1.3 10.8  0.3  4.0 SSW WNW      SWELL  7.2 194
2026 09 08 12 40  1.3  1.3 12.1  0.3  3.8   S WNW      SWELL  7.0 179
2026 09 08 12 10  1.5  1.4 11.4  0.3  3.8   S WNW      SWELL  7.5 185
2026 09 08 11 40  1.4  1.4 10.8  0.3  3.7   S WNW      SWELL  7.3 191
2026 09 08 11 10  1.4  1.4 12.1  0.3  3.7   S WNW      SWELL  7.3 188
2026 09 08 10 40  1.4  1.3 12.9  0.3  3.7 SSW WNW      SWELL  7.2 197
2026 09 08 10 10  1.4  1.4 11.4  0.3  3.8 SSW WNW      SWELL  7.4 195
2026 09 08 09 40  1.6  1.5 12.1  0.3  3.7 SSW WNW      SWELL  7.8 193
2026 09 08 09 10  1.4  1.4 12.9  0.3  3.7   S WNW      SWELL  7.2 188
2026 09 08 08 40  1.4  1.4 12.1  0.3  3.6   S WNW      SWELL  7.4 188
2026 09 08 08 10  1.5  1.4 12.1  0.3  3.6 SSW WNW      SWELL  7.6 196
2026 09 08 07 40  1.4  1.3 12.1  0.3  3.6   S WNW      SWELL  7.1 189
2026 09 08 07 10  1.3  1.2 13.8  0.3  4.0 SSW WNW      SWELL  6.9 192
2026 09 08 06 40  1.4  1.4 12.1  0.3  4.0   S WNW      SWELL  7.6 185
2026 09 08 06 10  1.3  1.3 12.9  0.3  4.2   S WNW      SWELL  7.1 186
2026 09 08 05 40  1.4  1.3 13.8  0.3  4.0   S WNW      SWELL  7.1 184
2026 09 08 05 10  1.3  1.2 11.4  0.3  3.7   S   W      SWELL  6.8 183
2026 09 08 04 40  1.3  1.3 12.9  0.3  3.1   S   W      SWELL  6.9 179
2026 09 08 04 10  1.4  1.3 12.9  0.4  4.8   S WNW      SWELL  6.9 176
2026 09 08 03 40  1.3  1.3 12.9  0.5  2.9   S  NW      SWELL  6.5 184
2026 09 08 03 10  1.3  1.2 12.9  0.5  5.0   S WNW      SWELL  6.6 175
2026 09 08 02 40  1.5  1.4 12.1  0.5  4.8   S WNW      SWELL  7.0 175
2026 09 08 02 10  1.5  1.4 12.9  0.5  3.8   S WNW      SWELL  7.4 172
2026 09 08 01 40  1.4  1.3 12.9  0.5  4.8   S WNW      SWELL  6.9 171
2026 09 08 01 10  1.4  1.3 12.9  0.4  3.8 SSE WNW      SWELL  6.7 161
2026 09 08 00 40  1.3  1.3 11.4  0.5  4.8   S WNW      SWELL  6.8 176
2026 09 08 00 10  1.3  1.2 12.1  0.5  4.8 SSE WNW      SWELL  6.2 167
2026 09 07 23 40  1.7  1.6 12.9  0.5  4.5   S  NW      SWELL  7.6 170
2026 09 07 23 10  1.4  1.3 12.1  0.4  4.5   S  NW      SWELL  6.9 169
2026 09 07 22 40  1.6  1.5 12.9  0.5  4.2   S WNW      SWELL  7.2 172
2026 09 07 22 10  1.6  1.6 12.9  0.4  3.7 SSE WNW      SWELL  7.7 168
2026 09 07 21 40  1.5  1.4 11.4  0.3  3.8 SSE WNW      SWELL  7.1 162
2026 09 07 21 10  1.5  1.4 12.9  0.4  3.7   S  NW      SWELL  6.8 173
2026 09 07 20 40  1.7  1.6 13.8  0.4  3.7   S WNW      SWELL  7.4 172
2026 09 07 20 10  1.4  1.3 12.1  0.4  3.7 SSE WNW      SWELL  6.6 168
2026 09 07 19 40  1.5  1.4 12.9  0.3  3.7 SSE WNW      SWELL  7.2 167
2026 09 07 19 10  1.5  1.5 12.9  0.3  3.6 SSE WNW      SWELL  7.1 168
2026 09 07 18 40  1.5  1.5 12.9  0.3  3.7   S WNW      SWELL  6.9 172
2026 09 07 18 10  1.4  1.4  7.1  0.4  3.8  NW WNW      STEEP  6.8 307
2026 09 07 17 40  1.6  1.6 13.8  0.3  3.8 SSW WNW      SWELL  7.3 193
2026 09 07 17 10  1.5  1.4 12.9  0.4  4.0   S WNW      SWELL  7.0 177
2026 09 07 16 40  1.4  1.3 12.1  0.4  4.0   S WNW      SWELL  6.6 177
2026 09 07 16 10  1.5  1.5 12.9  0.3  3.7   S WNW      SWELL  7.0 176
2026 09 07 15 40  1.5  1.4 12.1  0.3  3.8   S WNW      SWELL  6.8 191
2026 09 07 15 10  1.5  1.5 12.9  0.3  3.7 SSW WNW      SWELL  6.9 192
2026 09 07 14 40  1.4  1.4 12.9  0.4  3.6   S WNW      SWELL  6.6 190
2026 09 07 14 10  1.5  1.5  7.7  0.4  3.7  NW WNW    AVERAGE  6.5 311
2026 09 07 13 40  1.6  1.5 12.9  0.4  3.7   S WNW      SWELL  6.5 181
2026 09 07 13 10  1.5  1.5  7.7  0.4  4.0  NW WNW    AVERAGE  6.6 314
2026 09 07 12 40  1.7  1.6 12.9  0.4  4.0 SSW WNW      SWELL  6.7 192
2026 09 07 12 10  1.8  1.8 12.9  0.4  3.8   S WNW      SWELL  7.0 184
2026 09 07 11 40  1.7  1.6 12.1  0.4  3.7   S WNW      SWELL  6.3 182
2026 09 07 11 10  1.6  1.6  7.7  0.4  3.6 WNW WNW    AVERAGE  6.3 291
2026 09 07 10 40  1.6  1.5 13.8  0.7  5.0   S WNW      SWELL  6.3 186
2026 09 07 10 10  1.7  1.5 13.8  0.7  4.8 SSW WNW      SWELL  6.1 194
2026 09 07 09 40  1.8  1.6 12.9  0.7  4.8   S  NW      SWELL  6.4 182
2026 09 07 09 10  1.8  1.7 12.9  0.6  3.7   S WNW      SWELL  6.1 180
2026 09 07 08 40  1.7  1.2 12.9  1.2  6.7   S WNW      SWELL  6.0 180
2026 09 07 08 10  1.7  1.1 13.8  1.3  6.7 SSW  NW    AVERAGE  5.9 200
2026 09 07 07 40  1.7  1.1 13.8  1.3  6.7   S WNW    AVERAGE  5.8 185
2026 09 07 07 10  1.8  1.1 13.8  1.5  6.7   S WNW      STEEP  5.7 301
2026 09 07 06 40  1.7  1.1 13.8  1.4  6.2   S  NW VERY_STEEP  5.8 307
2026 09 07 06 10  1.8  1.5 13.8  1.1  5.0   S  NW      SWELL  5.9 188
2026 09 07 05 40  1.6  1.0 12.9  1.3  6.7   S WNW      STEEP  5.3 303
2026 09 07 05 10  1.8  0.9 14.8  1.6  6.2   S  NW VERY_STEEP  5.5 305
2026 09 07 04 40  1.8  1.1 13.8  1.5  6.2   S  NW    AVERAGE  5.7 184
2026 09 07 04 10  1.7  0.9 14.8  1.4  5.9   S  NW    AVERAGE  5.3 176
2026 09 07 03 40  1.7  1.1 14.8  1.3  5.9   S  NW    AVERAGE  5.6 177
2026 09 07 03 10  1.7  1.0 14.8  1.4  5.6  SW  NW    AVERAGE  5.4 220
2026 09 07 02 40  1.6  1.0 13.8  1.3  5.6   S  NW    AVERAGE  5.3 176
2026 09 07 02 10  1.6  1.0 14.8  1.3  6.2 SSW  NW    AVERAGE  5.3 202
2026 09 07 01 40  1.7  1.1 14.8  1.3  5.9 SSW  NW    AVERAGE  5.4 201
2026 09 07 01 10  1.7  1.1 14.8  1.3  5.3 SSW  NW    AVERAGE  5.5 204
2026 09 07 00 40  1.6  1.0 13.8  1.3  5.9 SSW WNW    AVERAGE  5.2 201
2026 09 07 00 10  1.7  1.1 13.8  1.2  5.3 SSW WNW    AVERAGE  5.4 193
2026 09 06 23 40  1.7  1.1 12.9  1.2  5.6   S  NW    AVERAGE  5.4 171
2026 09 06 23 10  1.6  1.2 12.1  1.2  5.9   S  NW      SWELL  5.6 169
2026 09 06 22 40  1.7  1.2 14.8  1.2  5.3 SSW  NW      SWELL  5.8 197
2026 09 06 22 10  1.7  1.3 14.8  1.1  5.6 SSW WNW      SWELL  6.0 197
2026 09 06 21 40  1.6  1.2 13.8  1.1  5.3   S  NW      SWELL  5.7 183
2026 09 06 21 10  1.6  1.3 14.8  1.0  6.2   S WNW      SWELL  5.9 188
2026 09 06 20 40  1.7  1.3  9.1  1.1  6.2 WNW WNW    AVERAGE  5.7 286
2026 09 06 20 10  1.6  1.2 13.8  1.1  5.9   S WNW      SWELL  5.7 180
2026 09 06 19 40  1.7  1.3 14.8  1.1  6.2   S WNW      SWELL  6.2 188
2026 09 06 19 10  1.7  1.3 14.8  1.1  5.9   S WNW      SWELL  6.0 186
2026 09 06 18 40  1.6  1.2  9.1  1.1  6.2   W WNW    AVERAGE  6.0 273
2026 09 06 18 10  1.6  1.3  9.1  1.0  5.9 WNW WNW    AVERAGE  6.1 290
2026 09 06 17 40  1.6  1.6 16.0  0.5  3.7 SSW WNW      SWELL  6.3 192
2026 09 06 17 10  1.6  1.5 14.8  0.6  4.3   S WNW      SWELL  6.5 187
2026 09 06 16 39  1.6  1.6 14.8  0.4  3.6   S  NW      SWELL  6.8 185
2026 09 06 16 10  1.4  1.3 16.0  0.6  4.2 SSW  NW      SWELL  6.0 197
2026 09 06 15 40  1.6  1.4 14.8  0.7  4.8 SSW WNW      SWELL  6.5 199
2026 09 06 15 10  1.5  1.3 14.8  0.8  5.3 SSW WNW      SWELL  6.3 203
2026 09 06 14 40  1.5  1.2  9.1  0.9  5.6 WNW WNW    AVERAGE  6.2 299
2026 09 06 14 10  1.5  1.2 10.0  0.9  5.3 WSW  NW      SWELL  5.8 241
2026 09 06 13 40  1.5  1.2 16.0  0.8  5.0   S  NW      SWELL  6.1 191
2026 09 06 13 10  1.5  1.3 16.0  0.8  5.6   S WNW      SWELL  6.2 190
2026 09 06 12 40  1.6  1.3 14.8  0.9  5.3   S WNW      SWELL  6.3 191
2026 09 06 12 10  1.5  1.2 14.8  0.9  5.3 SSW  NW      SWELL  6.0 199
2026 09 06 11 40  1.6  1.2 16.0  0.9  5.3 SSW WNW      SWELL  6.2 204
2026 09 06 11 10  1.6  1.2 16.0  1.0  5.3   S WNW      SWELL  6.0 189
2026 09 06 10 40  1.6  1.3 16.0  0.9  5.9 SSW WNW      SWELL  6.1 196
2026 09 06 10 10  1.6  1.3 16.0  1.0  5.0 SSW  NW      SWELL  6.3 192
2026 09 06 09 40  1.6  1.3 14.8  1.0  5.3 SSW WNW      SWELL  6.4 201
2026 09 06 09 10  1.6  1.3 16.0  0.9  5.0 SSW WNW      SWELL  6.4 211
2026 09 06 08 40  1.5  1.3 10.0  0.8  4.3 WNW WNW      SWELL  6.2 283
2026 09 06 08 10  1.5  1.3 14.8  0.8  4.5 SSW WNW      SWELL  6.3 212
2026 09 06 07 40  1.6  1.5 16.0  0.7  4.8   S WNW      SWELL  6.8 186
2026 09 06 07 10  1.5  1.4 14.8  0.7  4.8 SSW WNW      SWELL  6.4 192
2026 09 06 06 40  1.6  1.4 16.0  0.7  4.5 SSW WNW      SWELL  6.6 206
2026 09 06 06 10  1.5  1.4 14.8  0.7  4.2 SSW WNW      SWELL  6.2 200
2026 09 06 05 40  1.4  1.2 10.0  0.7  5.3 WNW WNW      SWELL  6.1 283
2026 09 06 05 10  1.6  1.3 16.0  0.8  4.2  SW WNW      SWELL  6.2 215
2026 09 06 04 40  1.7  1.5 16.0  0.8  4.3 SSW WNW      SWELL  6.5 206
2026 09 06 04 10  1.5  1.2 16.0  0.8  3.8 SSW WNW      SWELL  5.7 205
2026 09 06 03 40  1.5  1.3 17.4  0.8  3.6  SW WNW      SWELL  5.9 218
2026 09 06 03 10  1.6  1.3 10.0  0.8  3.4 WNW WNW      SWELL  5.9 285
2026 09 06 02 40  1.5  1.3 16.0  0.7  5.6 SSW WNW      SWELL  6.0 198
2026 09 06 02 10  1.5  1.3 16.0  0.7  3.0 SSW  NW      SWELL  6.0 196
2026 09 06 01 40  1.5  1.3 10.0  0.7  3.3 WNW WNW      SWELL  6.2 289
2026 09 06 01 10  1.6  1.4 16.0  0.6  5.6   S WNW      SWELL  6.8 188
2026 09 06 00 40  1.8  1.6 16.0  0.6  3.3   S WNW      SWELL  7.3 187
2026 09 06 00 10  1.6  1.5 16.0  0.7  3.6 SSW WNW      SWELL  6.6 192
2026 09 05 23 40  1.7  1.6 10.0  0.6  2.9 WNW  NW      SWELL  6.8 285
2026 09 05 23 10  1.5  1.4 10.8  0.6  3.1 WNW WNW      SWELL  6.3 287
2026 09 05 22 40  1.7  1.6  9.1  0.6  5.6 WNW WNW    AVERAGE  6.9 298
2026 09 05 22 10  1.6  1.5 10.8  0.6  5.6 WNW WNW      SWELL  6.9 286
2026 09 05 21 40  1.7  1.6  9.1  0.5  4.3 WNW WNW    AVERAGE  7.2 290
2026 09 05 21 10  1.7  1.6  9.1  0.6  5.9 WNW WNW    AVERAGE  7.2 296
2026 09 05 20 40  1.6  1.5 10.0  0.6  5.9  NW WNW      SWELL  7.2 312
2026 09 05 20 10  1.8  1.7 10.0  0.6  4.3 WNW WNW      SWELL  7.3 288
2026 09 05 19 40  1.9  1.8 10.0  0.6  4.3 WNW WNW      SWELL  7.5 291
2026 09 05 19 10  1.8  1.7 10.0  0.6  4.0 WNW WNW      SWELL  7.3 289
2026 09 05 18 40  1.8  1.7 10.0  0.7  5.0 WNW WNW      SWELL  7.3 290
2026 09 05 18 10  1.7  1.6 10.0  0.6  3.8 WNW WNW      SWELL  7.2 292
2026 09 05 17 40  1.8  1.6 10.0  0.6  4.8   W   W      SWELL  7.4 275
2026 09 05 17 10  1.7  1.6 10.8  0.5  4.2   W WNW      SWELL  7.4 280
2026 09 05 16 40  1.6  1.5 17.4  0.5  4.2 SSW WNW      SWELL  7.4 197
2026 09 05 16 10  1.7  1.6 10.0  0.5  4.3 WNW WNW      SWELL  7.8 296
2026 09 05 15 40  1.7  1.6 10.0  0.4  3.6 WNW WNW      SWELL  7.6 298
2026 09 05 15 10  1.5  1.5 10.0  0.4  3.6 WNW  NW      SWELL  7.4 285
2026 09 05 14 40  1.5  1.4 10.0  0.5  5.0  NW WNW      SWELL  7.2 304
2026 09 05 14 10  1.5  1.5 16.0  0.5  4.8 SSW WNW      SWELL  7.4 196
2026 09 05 13 40  1.4  1.3 17.4  0.5  3.7 SSW WNW      SWELL  6.9 198
2026 09 05 13 10  1.5  1.4 16.0  0.4  3.8 SSW WNW      SWELL  7.2 192
2026 09 05 12 40  1.6  1.5 17.4  0.5  3.8 SSW WNW      SWELL  7.2 199
2026 09 05 12 10  1.6  1.5 17.4  0.5  4.0 SSW WNW      SWELL  7.3 196
2026 09 05 11 40  1.4  1.2 16.0  0.6  4.3 SSW WNW      SWELL  6.6 195
2026 09 05 11 10  1.5  1.3 10.0  0.6  4.2   W WNW      SWELL  6.9 262
2026 09 05 10 40  1.4  1.3 10.0  0.6  3.8   W  NW      SWELL  6.5 259
2026 09 05 10 10  1.4  1.3 10.0  0.5  4.2 WSW WNW      SWELL  6.7 255
2026 09 05 09 40  1.6  1.5 11.4  0.6  4.3  SW WNW      SWELL  7.3 231
2026 09 05 09 10  1.5  1.3 10.0  0.6  3.8   W WNW      SWELL  6.6 259
2026 09 05 08 40  1.4  1.3 10.8  0.6  4.0   W WNW      SWELL  6.5 271
2026 09 05 08 10  1.4  1.3 11.4  0.6  5.6 WSW WNW      SWELL  6.7 247
2026 09 05 07 40  1.4  1.3 10.8  0.6  5.6  SW WNW      SWELL  6.8 232
2026 09 05 07 10  1.4  1.3 11.4  0.6  5.6   W   W      SWELL  6.6 261
2026 09 05 06 40  1.4  1.3 10.8  0.6  5.0  SW   W      SWELL  6.6 219
2026 09 05 06 10  1.4  1.3 11.4  0.6  5.6  SW WNW      SWELL  6.6 223
2026 09 05 05 40  1.3  1.2 10.0  0.6  3.3   W WNW      SWELL  6.1 281
2026 09 05 05 10  1.6  1.5 11.4  0.6  5.3   W WNW      SWELL  6.8 276
2026 09 05 04 40  1.5  1.4 12.1  0.5  5.3 WNW   W      SWELL  6.9 283
2026 09 05 04 10  1.6  1.5 10.8  0.5  4.5 WNW   W      SWELL  7.0 283
2026 09 05 03 40  1.6  1.5 11.4  0.5  5.0 WNW WNW      SWELL  7.0 285
2026 09 05 03 10  1.7  1.6 10.0  0.6  5.6 WNW   W      SWELL  7.1 290
2026 09 05 02 40  1.5  1.4 10.8  0.5  4.8   W   W      SWELL  6.8 280
2026 09 05 02 10  1.5  1.5 11.4  0.5  5.0   W WNW      SWELL  7.3 271
2026 09 05 01 40  1.6  1.6 10.8  0.4  2.7   W WNW      SWELL  7.7 278
2026 09 05 01 10  1.4  1.4 11.4  0.4  4.8 WNW   W      SWELL  7.3 289
2026 09 05 00 40  1.5  1.5 11.4  0.5  5.6   W   W      SWELL  7.7 272
2026 09 05 00 10  1.7  1.7 11.4  0.4  4.8   W WSW      SWELL  8.3 259
2026 09 04 23 40  1.5  1.5 10.8  0.4  5.3   W   W      SWELL  7.9 261
2026 09 04 23 10  1.5  1.5 12.1  0.3  4.3   W   W      SWELL  8.3 271
2026 09 04 22 40  1.7  1.7 10.8  0.3  2.4 WSW WNW      SWELL  8.4 255
2026 09 04 22 10  1.5  1.5 10.8  0.3  3.8   W   W      SWELL  8.3 274
2026 09 04 21 40  1.4  1.4 10.8  0.3  3.7   W WSW      SWELL  8.2 265
2026 09 04 21 10  1.3  1.3 10.8  0.3  4.0   W WSW      SWELL  8.2 279
2026 09 04 20 40  1.2  1.2 10.8  0.2  3.8 WSW WSW      SWELL  7.7 252
2026 09 04 20 10  1.2  1.2 11.4  0.2  4.0 WNW   W      SWELL  8.0 283
2026 09 04 19 40  1.2  1.1 10.8  0.2  3.8   W   W      SWELL  7.7 269
2026 09 04 19 10  1.3  1.3 10.8  0.2  3.7   W   W      SWELL  8.2 280
2026 09 04 18 40  1.2  1.2 12.1  0.2  3.4   W   W      SWELL  7.9 262
2026 09 04 18 10  1.3  1.2 10.8  0.3  4.0 WNW   W      SWELL  7.7 298
2026 09 04 17 40  1.3  1.3 11.4  0.3  3.8   W   W      SWELL  7.6 280
2026 09 04 17 10  1.3  1.2 11.4  0.3  3.8 WNW   W      SWELL  7.5 292
2026 09 04 16 40  1.3  1.3 10.0  0.3  3.8 WNW WNW      SWELL  7.5 302
2026 09 04 16 10  1.4  1.3 10.0  0.3  3.2 WNW WNW      SWELL  7.6 287
2026 09 04 15 40  1.5  1.5 12.1  0.3  3.8 WNW   W      SWELL  7.6 296
2026 09 04 15 10  1.6  1.5 12.1  0.3  3.6  NW   W      SWELL  7.8 309
2026 09 04 14 40  1.5  1.5  9.1  0.3  3.3 WNW WSW    AVERAGE  7.4 296
2026 09 04 14 10  1.6  1.6 11.4  0.3  4.0  NW   W      SWELL  7.9 309
2026 09 04 13 40  1.5  1.4  9.1  0.3  3.8 WNW   W      SWELL  7.5 300
2026 09 04 13 10  1.4  1.4 12.1  0.3  3.8 WNW WSW      SWELL  7.5 300
2026 09 04 12 40  1.6  1.6 10.8  0.3  3.4 WNW   W      SWELL  7.9 302
2026 09 04 12 10  1.6  1.5 12.1  0.3  4.0  NW   W      SWELL  7.7 312
2026 09 04 11 40  1.5  1.5 10.8  0.3  3.8 WNW WSW      SWELL  7.8 283
2026 09 04 11 10  1.6  1.6 10.8  0.3  3.7 WNW   W      SWELL  7.8 299
2026 09 04 10 40  1.7  1.6 11.4  0.3  3.2 WNW   W      SWELL  7.8 302
2026 09 04 10 10  1.7  1.7 11.4  0.3  3.8 WNW   W      SWELL  8.0 290
2026 09 04 09 40  1.6  1.6 11.4  0.3  3.7 WNW WSW      SWELL  7.7 289
2026 09 04 09 10  1.6  1.6 11.4  0.3  4.0 WNW WSW      SWELL  7.8 294
2026 09 04 08 40  1.7  1.6 10.8  0.3  4.2 WNW   W      SWELL  8.0 293
2026 09 04 08 10  1.5  1.5 10.8  0.3  4.0 WNW  SW      SWELL  8.0 284
2026 09 04 07 40  2.0  1.9 10.8  0.3  3.8 WNW WSW      SWELL  8.6 285
2026 09 04 07 10  1.6  1.6 11.4  0.3  3.7 WNW WSW      SWELL  7.8 285
2026 09 04 06 40  1.6  1.6 10.8  0.3  4.0   W WSW      SWELL  7.9 279
2026 09 04 06 10  1.6  1.6 11.4  0.3  3.8   W WSW      SWELL  8.0 281
2026 09 04 05 40  1.6  1.6  9.1  0.3  3.3   W  SW    AVERAGE  8.1 281
2026 09 04 05 10  1.6  1.5 10.0  0.3  3.8 WNW WSW      SWELL  7.8 285
2026 09 04 04 40  1.5  1.5  9.1  0.3  4.0   W WSW    AVERAGE  7.7 275
2026 09 04 04 10  1.3  1.3 10.0  0.3  3.8   W WSW      SWELL  7.3 281
2026 09 04 03 40  1.3  1.3 10.0  0.3  3.8 WNW  SW      SWELL  7.2 290
2026 09 04 03 10  1.3  1.3  9.1  0.3  3.4   W   S      SWELL  7.0 278
2026 09 04 02 40  1.3  1.3  9.1  0.3  3.7 WNW   S      SWELL  7.1 288
2026 09 04 02 10  1.3  1.2  9.1  0.4  3.8 WNW   S      SWELL  6.9 293
2026 09 04 01 40  1.3  1.3  9.1  0.4  3.6 WNW SSW      SWELL  6.7 284
2026 09 04 01 10  1.2  1.1 10.0  0.4  3.7   W   S      SWELL  6.4 267
2026 09 04 00 40  1.3  1.2  9.1  0.5  3.7 WNW   S      SWELL  6.3 285
2026 09 04 00 10  1.2  1.0  9.1  0.7  3.7   W   S      SWELL  5.7 275
2026 09 03 23 40  1.3  1.1 10.8  0.6  3.7 WNW SSE      SWELL  5.7 299
2026 09 03 23 10  1.3  1.1 10.0  0.7  5.9 WNW WNW      SWELL  5.7 295
2026 09 03 22 40  1.2  1.0 10.0  0.6  3.6  NW SSE      SWELL  5.5 305
2026 09 03 22 10  1.2  1.1 10.0  0.6  3.6 WNW   S      SWELL  5.6 298
2026 09 03 21 40  1.2  0.9  9.1  0.7  3.3  NW SSE      SWELL  5.1 305
2026 09 03 21 10  1.2  0.9 10.8  0.7  5.3   W WNW      SWELL  5.1 280
2026 09 03 20 40  1.2  1.0 10.0  0.7  5.3 WNW WNW      SWELL  5.2 282
2026 09 03 20 10  1.2  1.0 10.8  0.7  5.9 NNW WNW      SWELL  5.3 332
2026 09 03 19 40  1.2  1.0  9.1  0.7  5.9  NW WNW      SWELL  5.2 308
2026 09 03 19 10  1.2  1.0 10.0  0.6  3.1 WNW SSE      SWELL  5.3 290
2026 09 03 18 40  1.2  1.0  7.7  0.7  5.9  NW WNW    AVERAGE  5.3 307
2026 09 03 18 10  1.3  1.2  9.1  0.6  3.2  NW   S      SWELL  5.7 309
2026 09 03 17 40  1.2  1.0  9.1  0.6  3.1 WNW   S      SWELL  5.3 293
2026 09 03 17 10  1.3  1.1  9.1  0.6  3.0 WNW   S      SWELL  5.4 294
2026 09 03 16 40  1.2  1.0  8.3  0.6  3.1 WNW SSE    AVERAGE  5.1 295
2026 09 03 16 10  1.1  0.9  9.1  0.6  3.0 WNW SSE      SWELL  5.0 303
2026 09 03 15 40  1.2  1.1  8.3  0.6  3.1  NW   S    AVERAGE  5.4 306
2026 09 03 15 10  1.2  1.0  8.3  0.6  5.3  NW WNW    AVERAGE  5.6 309
2026 09 03 14 40  1.3  1.2  9.1  0.5  4.3  NW   W      SWELL  5.8 308
2026 09 03 14 10  1.2  1.1  9.1  0.5  5.3  NW WNW      SWELL  5.8 314
2026 09 03 13 40  1.1  1.0  8.3  0.5  4.0  NW   W    AVERAGE  6.1 315
2026 09 03 13 10  1.2  1.1  8.3  0.4  4.3 WNW   W    AVERAGE  6.0 303
2026 09 03 12 40  1.0  1.0  8.3  0.3  3.8 WNW   W      SWELL  6.2 302
2026 09 03 12 10  1.0  1.0  9.1  0.3  4.0 WNW WSW      SWELL  6.3 293
2026 09 03 11 40  1.0  1.0  8.3  0.2  3.8 WNW WSW      SWELL  6.7 293
2026 09 03 11 10  1.0  1.0  9.1  0.2  3.7 WNW WSW      SWELL  6.5 296
2026 09 03 10 40  1.0  1.0  8.3  0.2  3.3 WNW WSW      SWELL  6.7 293
2026 09 03 10 10  1.0  1.0  9.1  0.2  3.4 WNW WSW      SWELL  6.6 301
2026 09 03 09 40  1.1  1.0  9.1  0.2  4.0 WNW WSW      SWELL  6.7 292
2026 09 03 09 10  1.1  1.0  9.1  0.2  3.7 WNW WSW      SWELL  6.7 291
2026 09 03 08 40  1.0  1.0  9.1  0.2  3.8 WNW WSW      SWELL  6.7 291
2026 09 03 08 10  1.1  1.0  8.3  0.2  3.8   W   W      SWELL  6.8 280
2026 09 03 07 40  1.0  1.0  8.3  0.2  3.7   W WSW      SWELL  6.8 273
2026 09 03 07 10  1.1  1.0  8.3  0.2  4.0 WNW WSW      SWELL  7.1 296
2026 09 03 06 40  1.1  1.1  8.3  0.2  3.8 WNW WSW    AVERAGE  7.2 300
2026 09 03 06 10  1.0  1.0  9.1  0.2  3.6  NW WSW      SWELL  7.1 311
2026 09 03 05 40  1.0  1.0  9.1  0.2  3.7 WNW   W      SWELL  7.2 289
2026 09 03 05 10  1.1  1.1  9.1  0.2  3.2   W  SW      SWELL  7.4 274
2026 09 03 04 40  1.0  1.0  9.1  0.2  3.7   W WSW      SWELL  7.2 264
2026 09 03 04 10  0.9  0.9  9.1  0.2  3.6 WNW  SW      SWELL  6.8 291
2026 09 03 03 40  1.0  1.0  9.1  0.2  3.2   W   S      SWELL  7.0 278
2026 09 03 03 10  0.9  0.9  9.1  0.2  3.7   W  SW      SWELL  7.2 281
2026 09 03 02 40  0.9  0.9 10.0  0.2  3.8   W WSW      SWELL  7.0 274
2026 09 03 02 10  1.0  0.9  9.1  0.2  3.8 WSW WSW      SWELL  7.1 255
2026 09 03 01 40  0.8  0.8 10.0  0.2  4.0 WNW WSW      SWELL  6.7 284
2026 09 03 01 10  0.8  0.8 10.0  0.2  3.6  SW SSW        N/A  6.8 235
2026 09 03 00 40  0.8  0.8  9.1  0.2  3.4 WSW   S        N/A  6.5 240
2026 09 03 00 10  0.9  0.8  9.1  0.2  3.8 WSW WSW      SWELL  6.7 254
2026 09 02 23 40  0.9  0.8  9.1  0.2  3.7   W SSW      SWELL  6.5 264
2026 09 02 23 10  0.8  0.8  9.1  0.3  3.8 WSW SSW      SWELL  6.4 250
2026 09 02 22 40  0.9  0.8  9.1  0.3  3.7 WSW   S      SWELL  6.5 243
2026 09 02 22 10  0.9  0.8 10.0  0.3  3.7 WSW SSE      SWELL  6.1 250
2026 09 02 21 40  0.9  0.9 10.0  0.3  3.4  SW   S      SWELL  6.2 216
2026 09 02 21 10  0.9  0.8  9.1  0.3  3.4 WNW SSW      SWELL  6.0 296
2026 09 02 20 40  0.9  0.9 10.0  0.4  3.4 WSW   S      SWELL  5.9 258
2026 09 02 20 10  0.9  0.8 10.0  0.4  4.0 WNW   S      SWELL  5.6 290
2026 09 02 19 40  0.9  0.8 10.0  0.4  3.6 WNW SSW      SWELL  5.3 298
2026 09 02 19 10  0.9  0.7  9.1  0.5  4.0  SW   S      SWELL  5.1 233
2026 09 02 18 40  0.9  0.8 10.0  0.5  3.7 WSW SSW      SWELL  5.0 250
2026 09 02 18 10  1.0  0.8 10.0  0.5  3.8   W   S      SWELL  5.2 279
2026 09 02 17 40  1.0  0.8 10.0  0.6  3.8 WSW   S      SWELL  5.1 244
2026 09 02 17 09  0.9  0.7 10.0  0.5  3.8 WSW SSW      SWELL  4.7 248
2026 09 02 16 40  1.0  0.8  9.1  0.6  3.8 SSW   S      SWELL  4.6 199
2026 09 02 16 10  1.0  0.8 10.0  0.7  3.7 WSW SSW      SWELL  4.8 256
2026 09 02 15 40  1.0  0.7 10.0  0.6  3.4  SW   S      SWELL  4.6 215
2026 09 02 15 10  1.0  0.8 10.8  0.7  3.3 NNW   S      SWELL  4.5 328
2026 09 02 14 40  1.0  0.8 10.0  0.6  3.3 WSW SSE      SWELL  4.9 254
2026 09 02 14 10  1.0  0.8 10.0  0.6  3.2 SSW SSE      SWELL  4.7 213
2026 09 02 13 40  0.9  0.8 10.0  0.5  3.0 SSW   S      SWELL  5.0 205
2026 09 02 13 10  0.9  0.7 10.0  0.5  3.0 WSW   S      SWELL  4.9 250
2026 09 02 12 40  0.8  0.7 10.0  0.5  3.1   W   S      SWELL  4.8 260
2026 09 02 12 10  0.9  0.7 10.8  0.4  3.0  SW   S      SWELL  5.1 226
2026 09 02 11 40  0.9  0.8 10.8  0.4  3.1   W   S      SWELL  5.5 281
2026 09 02 11 10  0.8  0.7 10.0  0.4  3.0 WSW SSE      SWELL  5.5 247
2026 09 02 10 40  0.8  0.7 10.8  0.4  2.9  SW   S      SWELL  5.1 233
2026 09 02 10 10  0.9  0.8 10.0  0.4  3.0  SW SSE      SWELL  5.1 233
2026 09 02 09 40  0.9  0.8 12.9  0.4  2.9  SW SSE      SWELL  5.1 216
2026 09 02 09 10  0.9  0.8 10.0  0.4  2.9 WSW   S      SWELL  5.2 258
2026 09 02 08 40  0.9  0.8 10.0  0.4  2.7  NW SSE      SWELL  5.1 306
2026 09 02 08 10  0.9  0.8 10.8  0.4  2.6 SSW SSE      SWELL  5.7 200
2026 09 02 07 40  0.8  0.8 10.0  0.3  3.8 WSW   W      SWELL  6.2 248
2026 09 02 07 10  0.9  0.8 10.8  0.3  3.4 SSW WSW      SWELL  6.6 205
2026 09 02 06 40  0.8  0.8 10.8  0.3  3.8   S   W      SWELL  6.3 189
2026 09 02 06 10  0.9  0.9 10.0  0.3  4.0   S   W      SWELL  6.7 191
2026 09 02 05 40  0.8  0.8 10.8  0.2  3.8 SSW   W      SWELL  6.6 203
2026 09 02 05 10  0.8  0.8 10.8  0.2  3.8 SSW   W      SWELL  6.6 211
2026 09 02 04 40  0.8  0.8 10.0  0.2  3.7   S   W        N/A  6.5 170
2026 09 02 04 10  0.8  0.8 11.4  0.3  3.8   S   W      SWELL  6.5 188
2026 09 02 03 40  0.8  0.8 10.8  0.2  3.8   S   W      SWELL  6.4 171
2026 09 02 03 10  0.9  0.8 10.8  0.3  4.0   S   W      SWELL  6.5 171
2026 09 02 02 40  0.8  0.8 12.9  0.3  3.4 SSW WSW      SWELL  6.4 205
2026 09 02 02 10  0.9  0.9 11.4  0.2  4.0 SSW WNW      SWELL  6.7 198
2026 09 02 01 40  0.9  0.8 11.4  0.3  4.0 SSW   W      SWELL  6.6 206
2026 09 02 01 10  0.8  0.8 10.8  0.3  3.8 SSW   W      SWELL  6.1 195
2026 09 02 00 40  0.9  0.9 11.4  0.3  3.7   S   W      SWELL  6.6 187
2026 09 02 00 10  0.9  0.8 10.8  0.3  3.8 SSW WNW      SWELL  6.4 200
2026 09 01 23 40  0.8  0.8 10.8  0.2  4.0   S   W      SWELL  6.4 180
2026 09 01 23 10  0.8  0.8 10.8  0.2  3.8   S   W      SWELL  6.3 185
2026 09 01 22 40  0.8  0.8 11.4  0.2  4.0 SSW   W      SWELL  6.7 194
2026 09 01 22 10  0.8  0.8 12.9  0.2  3.6 SSW   W      SWELL  6.6 202
2026 09 01 21 40  0.9  0.9 11.4  0.2  3.7   S   W      SWELL  7.1 189
2026 09 01 21 10  0.9  0.8 11.4  0.3  3.8   S   W      SWELL  6.8 184
2026 09 01 20 40  0.9  0.9 11.4  0.3  3.7   S   W      SWELL  6.9 181
2026 09 01 20 10  0.9  0.8 11.4  0.3  3.7   S   W      SWELL  6.5 182
2026 09 01 19 40  0.8  0.7 12.1  0.3  4.0   S   W        N/A  6.2 190
2026 09 01 19 10  0.8  0.7 11.4  0.3  3.3   S   W      SWELL  6.0 185
2026 09 01 18 40  0.9  0.9 11.4  0.3  3.8 SSW   W      SWELL  6.5 193
2026 09 01 18 10  0.9  0.8 11.4  0.3  4.0   S   W      SWELL  6.3 185
2026 09 01 17 40  0.9  0.9 11.4  0.3  3.6   S WSW      SWELL  6.4 188
2026 09 01 17 10  0.9  0.9 12.1  0.3  3.7   S   W      SWELL  6.2 176
2026 09 01 16 40  0.9  0.8 11.4  0.3  3.7   S   W      SWELL  6.0 175
2026 09 01 16 10  1.0  1.0 12.1  0.3  3.7   S   W      SWELL  6.7 171
2026 09 01 15 40  1.0  1.0 12.1  0.3  3.8   S WNW      SWELL  6.6 182
2026 09 01 15 10  1.0  0.9 12.1  0.3  3.8   S   W      SWELL  6.7 175
2026 09 01 14 40  0.9  0.8 12.1  0.3  3.6   S   W      SWELL  6.1 171
2026 09 01 14 10  0.9  0.8 12.9  0.3  3.8 SSW   W      SWELL  5.9 194
2026 09 01 13 40  0.9  0.8 12.9  0.3  3.8   S   W      SWELL  6.1 179
2026 09 01 13 10  0.9  0.8 12.1  0.3  3.3   S WSW      SWELL  6.2 176
2026 09 01 12 40  0.8  0.8 13.8  0.3  3.7   S WNW      SWELL  6.0 187
2026 09 01 12 10  0.9  0.9 13.8  0.3  2.9 SSW   W      SWELL  6.5 202
2026 09 01 11 40  0.9  0.9 12.1  0.3  3.8   S   W      SWELL  6.6 177
2026 09 01 11 10  0.8  0.8 12.1  0.2  3.8   S   W      SWELL  6.2 188
2026 09 01 10 40  0.9  0.8 12.9  0.3  4.8   S   W      SWELL  6.8 174
2026 09 01 09 40  0.9  0.9 12.9  0.3  3.8   S   W      SWELL  6.6 178
2026 09 01 09 10  0.9  0.9 13.8  0.2  3.6   S WNW      SWELL  6.8 181
2026 09 01 08 40  0.9  0.9 13.8  0.3  3.7   S   W      SWELL  6.7 181
2026 09 01 08 10  0.9  0.8 13.8  0.3  3.6   S   W      SWELL  6.3 185
2026 09 01 07 40  0.9  0.9 13.8  0.3  3.7 SSW   W      SWELL  6.6 192
2026 09 01 07 10  0.9  0.9 12.9  0.3  3.8   S   W      SWELL  6.7 180
2026 09 01 06 40  1.0  0.9 13.8  0.3  4.0   S WNW      SWELL  6.5 185
2026 09 01 06 10  1.0  1.0 13.8  0.3  3.8   S   W      SWELL  6.5 182
2026 09 01 05 40  1.1  1.0 13.8  0.3  4.0   S WNW      SWELL  6.8 188
2026 09 01 05 10  1.0  0.9 13.8  0.3  3.8   S   W      SWELL  6.0 176
2026 09 01 04 40  1.0  0.9 13.8  0.3  4.0   S WNW      SWELL  6.1 183
2026 09 01 04 10  1.1  1.0 13.8  0.3  4.0   S WNW      SWELL  6.2 185
2026 09 01 03 40  1.0  1.0 13.8  0.3  3.8   S   W      SWELL  6.1 183
2026 09 01 03 10  1.0  1.0 13.8  0.4  4.0 SSW WNW      SWELL  5.8 192
2026 09 01 02 40  1.0  1.0  7.7  0.4  4.0  NW WNW    AVERAGE  5.9 308
2026 09 01 02 10  1.0  1.0 13.8  0.3  3.2   S   W      SWELL  6.0 187
2026 09 01 01 40  1.1  1.0  7.1  0.3  3.8  NW   W    AVERAGE  5.9 304
2026 09 01 01 10  1.1  1.0  7.7  0.4  4.3 WNW   W    AVERAGE  5.9 302
2026 09 01 00 40  1.2  1.1 14.8  0.3  4.2   S WNW      SWELL  6.2 184
2026 09 01 00 10  1.1  1.1 14.8  0.3  3.6   S   W      SWELL  6.2 173
2026 08 31 23 40  1.2  1.1 14.8  0.4  4.8 SSW WNW      SWELL  6.2 193
2026 08 31 23 10  1.2  1.2  8.3  0.3  3.7  NW   W    AVERAGE  6.3 310
2026 08 31 22 40  1.2  1.2  7.1  0.3  3.3 WNW   W    AVERAGE  6.2 303
2026 08 31 22 10  1.1  1.1 14.8  0.3  3.6   S   W      SWELL  6.1 188
2026 08 31 21 40  1.2  1.2  8.3  0.3  3.7 WNW WNW    AVERAGE  6.4 303
2026 08 31 21 10  1.3  1.3  7.7  0.3  3.7  NW WNW    AVERAGE  6.2 310
2026 08 31 20 40  1.2  1.2  7.7  0.3  3.7  NW   W    AVERAGE  6.1 311
2026 08 31 20 10  1.3  1.3  7.7  0.4  4.0  NW WNW    AVERAGE  6.3 314
2026 08 31 19 40  1.3  1.3  7.7  0.4  3.3  NW WNW    AVERAGE  6.2 312
2026 08 31 19 10  1.3  1.3  7.7  0.4  3.8  NW WNW    AVERAGE  6.1 311
2026 08 31 18 40  1.3  1.2  8.3  0.4  3.8  NW WNW    AVERAGE  5.9 311
2026 08 31 18 10  1.3  1.2 14.8  0.4  3.6 SSW WNW      SWELL  5.9 201
2026 08 31 17 40  1.4  1.4  8.3  0.4  3.8  NW WNW    AVERAGE  6.0 319
2026 08 31 17 10  1.5  1.4  8.3  0.5  4.0  NW  NW    AVERAGE  5.8 317
2026 08 31 16 40  1.4  1.3 14.8  0.4  3.8 SSW WNW      SWELL  5.9 197
2026 08 31 16 10  1.4  1.3 14.8  0.5  4.3  SW WNW      SWELL  6.0 216
2026 08 31 15 40  1.4  1.3  8.3  0.4  4.0  NW WNW    AVERAGE  6.2 318
2026 08 31 15 10  1.4  1.3  7.7  0.4  3.8  NW WNW    AVERAGE  6.0 310
2026 08 31 14 40  1.4  1.3  9.1  0.4  3.4  NW   W      SWELL  6.0 312
2026 08 31 14 10  1.3  1.3  8.3  0.4  3.6  NW WNW    AVERAGE  6.0 307
2026 08 31 13 40  1.5  1.5  8.3  0.4  3.8  NW WNW    AVERAGE  6.1 305
2026 08 31 13 10  1.6  1.4  8.3  0.6  4.2  NW WNW    AVERAGE  5.8 305
2026 08 31 12 40  1.5  1.2  7.7  0.8  5.3  NW  NW    AVERAGE  5.5 311
2026 08 31 12 10  1.5  1.3  9.1  0.8  5.3  NW WNW    AVERAGE  5.8 308
2026 08 31 11 40  1.5  1.4  7.7  0.6  4.0  NW WNW    AVERAGE  6.0 304
2026 08 31 11 10  1.5  1.4  8.3  0.6  5.0  NW WNW    AVERAGE  6.1 308
2026 08 31 10 40  1.6  1.4  7.7  0.6  5.0 WNW WNW    AVERAGE  6.1 297
2026 08 31 10 10  1.6  1.6  8.3  0.4  4.2  NW WNW    AVERAGE  6.4 311
2026 08 31 09 40  1.5  1.4  7.7  0.4  3.8  NW  NW    AVERAGE  6.1 304
2026 08 31 09 10  1.5  1.5  7.7  0.4  4.0  NW WNW    AVERAGE  6.5 306
2026 08 31 08 40  1.5  1.5  8.3  0.3  3.7  NW WNW    AVERAGE  6.4 304
2026 08 31 08 10  1.5  1.4  8.3  0.4  3.8  NW WNW    AVERAGE  6.5 308
2026 08 31 07 40  1.5  1.4  8.3  0.4  4.0  NW WNW    AVERAGE  6.5 315
2026 08 31 07 10  1.4  1.3  8.3  0.4  3.7  NW WNW    AVERAGE  6.2 308
2026 08 31 06 40  1.5  1.4  8.3  0.4  4.0  NW WNW    AVERAGE  6.4 307
2026 08 31 06 10  1.4  1.3  8.3  0.4  3.7  NW WNW    AVERAGE  6.1 313
2026 08 31 05 40  1.4  1.4  8.3  0.4  4.0  NW WNW    AVERAGE  6.3 314
2026 08 31 05 10  1.5  1.5  8.3  0.3  3.8  NW WNW    AVERAGE  6.6 312
2026 08 31 04 40  1.5  1.4  8.3  0.4  3.8  NW WNW    AVERAGE  6.5 306
2026 08 31 04 10  1.6  1.5  8.3  0.4  3.8  NW   W    AVERAGE  6.4 308
2026 08 31 03 40  1.6  1.5  8.3  0.3  2.9  NW   W    AVERAGE  6.6 308
2026 08 31 03 10  1.6  1.6  8.3  0.4  3.4  NW WNW    AVERAGE  6.5 310
2026 08 31 02 40  1.6  1.5  8.3  0.4  3.7  NW WNW    AVERAGE  6.6 307
2026 08 31 02 10  1.8  1.7  8.3  0.4  3.7  NW   W    AVERAGE  6.6 307
2026 08 31 01 40  1.8  1.7  9.1  0.4  3.8 WNW   W    AVERAGE  6.8 302
2026 08 31 01 10  1.9  1.8  8.3  0.4  4.0  NW   W    AVERAGE  6.9 308
2026 08 31 00 40  1.8  1.7  8.3  0.4  4.0  NW WNW    AVERAGE  6.8 307
2026 08 31 00 10  1.6  1.6  7.7  0.4  3.4  NW WNW    AVERAGE  6.6 305
2026 08 30 23 40  1.8  1.7  8.3  0.4  3.4  NW   W    AVERAGE  6.9 309
2026 08 30 23 10  1.8  1.7  8.3  0.4  3.6  NW   W    AVERAGE  6.8 304
2026 08 30 22 40  1.7  1.6  8.3  0.4  4.0  NW WNW    AVERAGE  6.4 307
2026 08 30 22 10  1.7  1.7  8.3  0.4  3.8  NW WNW    AVERAGE  6.8 309
2026 08 30 21 40  1.7  1.6  8.3  0.4  3.8  NW WNW    AVERAGE  6.6 310
2026 08 30 21 10  1.6  1.6  8.3  0.4  3.6  NW   W    AVERAGE  6.7 313
2026 08 30 20 40  1.7  1.7  7.7  0.4  3.7  NW WNW      STEEP  6.5 313
2026 08 30 20 10  1.6  1.6  8.3  0.5  3.8  NW WNW    AVERAGE  6.0 311
2026 08 30 19 40  1.7  1.6  7.7  0.6  3.8  NW WNW    AVERAGE  6.2 317
2026 08 30 19 10  1.8  1.7  8.3  0.5  4.2  NW WNW    AVERAGE  6.1 313
2026 08 30 18 40  1.7  1.6  8.3  0.6  4.3  NW WNW    AVERAGE  6.0 314
2026 08 30 18 10  1.7  1.5  7.7  0.7  4.8  NW WNW    AVERAGE  5.9 317
2026 08 30 17 40  1.8  1.7 16.0  0.7  4.5  SW WNW      SWELL  6.1 221
2026 08 30 17 10  1.8  1.5  7.7  1.0  5.0  NW WNW      STEEP  5.8 307
2026 08 30 16 40  1.7  1.4  7.7  1.0  5.0  NW WNW      STEEP  5.7 314
2026 08 30 16 09  1.8  1.3 16.0  1.3  5.9   S  NW      SWELL  5.6 169
2026 08 30 15 40  1.8  1.4  7.1  1.1  5.0  NW WNW      STEEP  5.7 314
2026 08 30 15 10  1.8  1.1  8.3  1.4  7.1  NW  NW    AVERAGE  5.5 314
2026 08 30 14 40  1.9  1.4  7.7  1.4  5.0  NW  NW      STEEP  5.8 307
2026 08 30 14 10  1.8  1.4  7.7  1.1  5.3  NW  NW      STEEP  5.7 307
2026 08 30 13 40  1.7  1.1  7.7  1.3  6.2  NW  NW      STEEP  5.6 304
2026 08 30 13 10  1.8  1.2  7.7  1.4  5.9  NW  NW      STEEP  5.9 308
2026 08 30 12 40  1.8  1.0 16.0  1.5  7.7   S  NW      STEEP  5.9 306
2026 08 30 12 10  1.8  1.4  7.7  1.2  4.5 WNW WNW      STEEP  5.9 303
2026 08 30 11 40  1.8  1.5  8.3  1.1  4.3  NW WNW    AVERAGE  5.8 307
2026 08 30 11 10  1.8  1.5  7.1  1.1  5.3  NW  NW      STEEP  5.7 305
2026 08 30 10 40  2.0  1.4  7.1  1.4  5.6  NW  NW      STEEP  6.0 305
2026 08 30 10 10  2.0  1.6  7.7  1.3  5.9  NW WNW      STEEP  6.0 308
2026 08 30 09 40  2.1  1.3 17.4  1.6  6.7 SSW WNW      STEEP  5.9 303
2026 08 30 09 10  2.0  1.6  7.1  1.3  5.6  NW WNW      STEEP  5.9 305
2026 08 30 08 40  2.1  1.4  7.7  1.5  5.3  NW WNW      STEEP  5.8 306
2026 08 30 08 10  2.0  1.2  7.7  1.6  6.7  NW  NW      STEEP  5.6 305
2026 08 30 07 40  2.1  1.0 16.0  1.9  7.1   S WNW      STEEP  5.8 301
2026 08 30 07 10  2.2  1.0 16.0  1.9  6.7   S WNW VERY_STEEP  5.7 301
2026 08 30 06 40  2.2  0.9 17.4  2.0  7.1 WSW  NW      STEEP  5.5 304
2026 08 30 06 10  2.1  0.7 16.0  1.9  7.7  SW  NW      STEEP  5.6 306
2026 08 30 05 40  2.1  0.9 16.0  1.9  7.1 SSW  NW      STEEP  5.4 305
2026 08 30 05 10  2.2  0.8 16.0  2.0  7.7 SSW WNW      STEEP  5.6 301
2026 08 30 04 40  2.3  0.9 17.4  2.1  7.1 SSW  NW      STEEP  5.7 310
2026 08 30 04 10  2.3  0.6 16.0  2.3  7.1 SSW  NW      STEEP  5.7 311
2026 08 30 03 40  2.7  0.5 16.0  2.6  7.7   S  NW      STEEP  5.8 306
2026 08 30 03 10  2.8  0.6 16.0  2.8  7.7   S  NW      STEEP  6.1 306
2026 08 30 02 40  2.8  0.6 17.4  2.7  7.1 WSW  NW VERY_STEEP  6.1 307
2026 08 30 02 10  2.4  1.4 17.4  1.9  7.1   S  NW      STEEP  6.0 309
2026 08 30 01 40  2.2  1.2 17.4  1.8  7.1   S  NW      STEEP  5.9 307
2026 08 30 01 10  1.7  1.1  7.1  1.3  5.9  NW WNW      STEEP  5.4 307
2026 08 30 00 40  1.5  1.1 17.4  1.0  5.6 SSW WNW      SWELL  5.3 193
2026 08 30 00 10  1.7  1.3 17.4  1.0  5.6 SSW WNW      SWELL  5.7 197
2026 08 29 23 40  1.6  1.2 17.4  1.0  5.9 SSW WNW      SWELL  5.5 194
2026 08 29 23 10  1.4  1.1  7.7  0.8  4.8  NW WNW    AVERAGE  5.5 308
2026 08 29 22 40  1.4  1.1  7.7  0.9  5.6  NW WNW    AVERAGE  5.7 308
2026 08 29 22 10  1.4  1.3  7.7  0.5  4.3 WNW WNW    AVERAGE  5.8 303
2026 08 29 21 40  1.3  1.2  8.3  0.5  4.2  NW WNW    AVERAGE  5.7 304
2026 08 29 21 10  1.4  1.3 17.4  0.5  4.3 SSW WNW      SWELL  6.2 205
2026 08 29 20 40  1.3  1.2  6.7  0.5  4.0  NW WNW      STEEP  5.7 306
2026 08 29 20 10  1.5  1.4  7.7  0.6  4.3  NW WNW    AVERAGE  6.0 313
2026 08 29 19 40  1.4  1.3  8.3  0.5  4.8  NW WNW    AVERAGE  6.1 307
2026 08 29 19 10  1.4  1.3 17.4  0.5  3.8 SSW WNW      SWELL  5.8 195
2026 08 29 18 40  1.3  1.2  7.7  0.5  4.0  NW WNW    AVERAGE  5.6 312
2026 08 29 18 10  1.4  1.4  8.3  0.4  3.8  NW WNW    AVERAGE  5.8 311
2026 08 29 17 40  1.5  1.4  7.7  0.5  4.0  NW  NW    AVERAGE  5.9 305
2026 08 29 17 10  1.4  1.3  8.3  0.5  4.0  NW WNW    AVERAGE  5.7 310
2026 08 29 16 40  1.5  1.4 17.4  0.5  3.3 SSW WNW      SWELL  6.1 209
2026 08 29 16 10  1.5  1.5  8.3  0.4  3.3  NW WNW    AVERAGE  6.0 311
2026 08 29 15 40  1.5  1.4  8.3  0.5  3.8 WNW WNW    AVERAGE  5.6 303
2026 08 29 15 10  1.4  1.1  7.7  0.8  5.6 WNW WNW    AVERAGE  5.6 302
2026 08 29 14 40  1.4  1.3 17.4  0.5  3.7   S WNW      SWELL  5.8 190
2026 08 29 14 10  1.4  1.3  7.7  0.6  4.2  NW WNW    AVERAGE  5.7 308
2026 08 29 13 40  1.3  1.2  8.3  0.5  3.7 WNW WNW    AVERAGE  5.6 298
2026 08 29 13 10  1.4  1.2  7.1  0.5  4.0 WNW WNW      STEEP  5.5 301
2026 08 29 12 40  1.4  1.2 19.0  0.8  4.8 SSW WNW      SWELL  5.7 213
2026 08 29 12 10  1.4  1.2  7.7  0.8  4.8 WNW WNW    AVERAGE  5.6 292
2026 08 29 11 40  1.4  1.3  7.1  0.7  4.5 WNW WNW      STEEP  5.7 300
2026 08 29 11 10  1.4  1.3 19.0  0.5  3.8 SSW WNW      SWELL  5.8 203
2026 08 29 10 40  1.3  1.2  6.2  0.4  3.8 WNW WNW      STEEP  5.5 297
2026 08 29 10 10  1.4  1.3 19.0  0.4  3.6 SSW WNW      SWELL  5.7 208
2026 08 29 09 40  1.4  1.2  6.2  0.8  5.6 WNW WNW      STEEP  6.0 301
2026 08 29 09 10  1.5  1.4  6.7  0.5  3.2 WNW WNW      STEEP  5.8 300
2026 08 29 08 40  1.4  1.0  7.7  1.1  6.7 WNW  NW      STEEP  5.5 304
2026 08 29 08 10  1.5  0.8  9.1  1.3  6.7 WNW  NW      STEEP  5.5 308
2026 08 29 07 40  1.5  0.9  8.3  1.2  6.7 WNW WNW      STEEP  5.4 302
2026 08 29 07 10  1.5  1.0  8.3  1.1  6.2 WNW WNW    AVERAGE  5.5 303
2026 08 29 06 40  1.6  1.1  7.1  1.1  5.6 WNW WNW      STEEP  5.4 298
2026 08 29 06 10  1.6  1.0  7.7  1.2  5.9 WNW  NW VERY_STEEP  5.4 306
2026 08 29 05 40  1.5  1.0  7.7  1.2  6.2 WNW  NW    AVERAGE  5.6 300
2026 08 29 05 10  1.5  1.2  9.1  1.0  5.9 WNW  NW    AVERAGE  5.7 287
2026 08 29 04 40  1.5  1.2  9.1  1.0  5.6  NW  NW    AVERAGE  5.5 307
2026 08 29 04 10  1.6  1.0  9.1  1.3  5.9 WNW  NW    AVERAGE  5.5 298
2026 08 29 03 40  1.6  1.1  8.3  1.1  5.0 WNW WNW    AVERAGE  5.4 290
2026 08 29 03 10  1.6  1.1  8.3  1.2  5.6 WNW WNW    AVERAGE  5.4 299
2026 08 29 02 40  1.5  1.2  9.1  1.0  5.9 WNW WNW    AVERAGE  5.5 284
2026 08 29 02 10  1.5  1.1  8.3  1.0  5.9 WNW WNW    AVERAGE  5.3 291
2026 08 29 01 40  1.6  1.2  8.3  1.0  5.0 WNW WNW    AVERAGE  5.3 294
2026 08 29 01 10  1.5  1.2  7.1  1.0  5.3 WNW WNW      STEEP  5.4 302
2026 08 29 00 40  1.5  1.0  9.1  1.1  5.9 WNW WNW    AVERAGE  5.1 290
2026 08 29 00 10  1.4  0.9 10.0  1.1  5.9 WSW WNW    AVERAGE  5.1 238
2026 08 28 23 40  1.6  1.2  9.1  1.0  5.0   W WNW    AVERAGE  5.4 280
2026 08 28 23 10  1.5  1.1  9.1  1.0  4.8 WNW WNW    AVERAGE  5.4 286
2026 08 28 22 40  1.6  1.3  8.3  0.9  5.9 WNW WNW    AVERAGE  5.6 288
2026 08 28 22 10  1.5  1.3  7.7  0.8  5.6 WNW WNW    AVERAGE  5.7 296
2026 08 28 21 40  1.5  1.1  8.3  0.9  5.6 WNW WNW    AVERAGE  5.6 298
2026 08 28 21 10  1.6  1.4  6.7  0.8  5.0 WNW WNW      STEEP  6.0 303
2026 08 28 20 40  1.6  1.6  7.1  0.5  4.0  NW WNW      STEEP  6.2 307
2026 08 28 20 10  1.5  1.4  7.7  0.6  4.3 WNW WNW    AVERAGE  5.8 301
2026 08 28 19 40  1.6  1.4  8.3  0.8  5.6  NW WNW    AVERAGE  5.9 307
2026 08 28 19 10  1.5  1.1  7.7  1.0  5.9  NW  NW    AVERAGE  5.7 309
2026 08 28 18 40  1.8  1.4  7.7  1.0  5.0  NW WNW      STEEP  6.2 309
2026 08 28 18 10  1.7  1.6  7.7  0.7  4.3  NW WNW      STEEP  6.2 313
2026 08 28 17 40  1.5  1.3  7.1  0.8  5.3  NW WNW      STEEP  5.9 304
2026 08 28 17 10  1.7  1.6  9.1  0.5  4.5 WNW WNW    AVERAGE  6.2 292
2026 08 28 16 40  1.6  1.4  7.1  0.7  5.0 WNW WNW      STEEP  6.0 301
2026 08 28 16 10  1.6  1.5  8.3  0.4  3.7 WNW WNW    AVERAGE  6.1 299
2026 08 28 15 40  1.5  1.5  9.1  0.5  4.0 WNW WNW    AVERAGE  5.8 298
2026 08 28 15 10  1.5  1.5  9.1  0.5  3.4 WNW WNW    AVERAGE  5.7 299
2026 08 28 14 40  1.5  1.2  9.1  0.9  5.9   W  NW    AVERAGE  5.8 277
2026 08 28 14 10  1.4  1.2  9.1  0.8  5.0 WSW  NW      SWELL  5.5 257
2026 08 28 13 40  1.5  1.1 11.4  1.0  5.6   S WNW      SWELL  5.6 183
2026 08 28 13 10  1.5  1.2  9.1  0.8  5.3   W WNW    AVERAGE  5.6 268
2026 08 28 12 40  1.5  1.0 11.4  1.1  6.7   S WNW    AVERAGE  5.6 172
2026 08 28 12 10  1.5  1.2 11.4  0.9  5.6   S  NW      SWELL  5.5 185
2026 08 28 11 40  1.6  1.2 11.4  1.0  5.9 SSW WNW VERY_STEEP  5.6 303
2026 08 28 11 10  1.6  1.0  8.3  1.2  5.9 WNW WNW VERY_STEEP  5.3 301
2026 08 28 10 40  1.7  0.9 11.4  1.5  6.7   S  NW      STEEP  5.2 304
2026 08 28 10 10  1.8  0.9 11.4  1.6  6.7   S WNW      STEEP  5.5 298
2026 08 28 09 40  1.7  0.9 10.0  1.4  6.7   W WNW      STEEP  5.4 302
2026 08 28 09 10  1.7  0.9 12.1  1.5  6.7   S WNW      STEEP  5.5 300
2026 08 28 08 40  1.6  0.9  9.1  1.4  7.1 WNW  NW      STEEP  5.6 309
2026 08 28 08 10  1.9  1.1 10.8  1.5  6.7 SSW  NW      STEEP  5.8 305
2026 08 28 07 40  1.8  1.4  7.1  1.1  4.8  NW  NW      STEEP  5.8 307
2026 08 28 07 10  1.7  1.2 10.0  1.2  6.7  SW  NW      STEEP  6.0 307
2026 08 28 06 40  1.7  1.3 10.0  1.1  5.9 WSW WNW      SWELL  5.6 250
2026 08 28 06 10  1.7  1.0 12.1  1.4  6.7   S WNW    AVERAGE  5.5 191
2026 08 28 05 40  1.7  1.2 10.8  1.1  5.9 SSW  NW      SWELL  5.6 210
2026 08 28 05 10  1.6  1.1  8.3  1.2  6.2  NW  NW    AVERAGE  5.3 304
2026 08 28 04 40  1.6  1.0  9.1  1.2  6.2   W WNW    AVERAGE  5.4 279
2026 08 28 04 10  1.6  1.2 10.0  1.0  6.2  SW WNW      SWELL  5.6 224
2026 08 28 03 40  1.5  1.2 10.8  0.9  5.6   S WNW      SWELL  5.8 178
2026 08 28 03 10  1.4  1.0  9.1  1.0  6.7   W WNW      SWELL  5.8 281
2026 08 28 02 40  1.5  1.1  9.1  1.1  6.7   W WNW      STEEP  6.0 301
2026 08 28 02 10  1.4  1.3  6.2  0.6  4.0 WNW WNW      STEEP  5.7 300
2026 08 28 01 40  1.5  1.4 12.1  0.6  4.5   S WNW      SWELL  6.1 185
2026 08 28 01 10  1.5  1.4 11.4  0.5  4.0   S WNW      SWELL  6.0 181
2026 08 28 00 40  1.5  1.4 11.4  0.5  3.8   S WNW      SWELL  5.9 172
2026 08 28 00 10  1.5  1.3 11.4  0.8  5.3   S WNW      SWELL  5.8 179
2026 08 27 23 40  1.4  1.2 11.4  0.7  4.3 SSW WNW      SWELL  5.4 195
2026 08 27 23 10  1.4  1.0  6.7  1.1  5.9 WNW  NW VERY_STEEP  5.3 313
2026 08 27 22 40  1.5  0.9 10.8  1.2  5.9 SSW  NW    AVERAGE  5.1 202
2026 08 27 22 10  1.5  1.0 11.4  1.2  6.2   S  NW    AVERAGE  5.3 184
2026 08 27 21 40  1.5  0.8 11.4  1.2  6.2   S WNW      STEEP  5.1 302
2026 08 27 21 10  1.5  1.0 10.8  1.1  5.6 SSW  NW    AVERAGE  5.5 204
2026 08 27 20 40  1.6  1.2 11.4  1.1  4.0   S  NW      SWELL  5.5 181
2026 08 27 20 10  1.6  1.0 12.1  1.3  6.7   S  NW      STEEP  5.4 306
2026 08 27 19 40  1.7  1.0 12.1  1.4  6.7   S  NW      STEEP  5.6 307
2026 08 27 19 10  1.7  0.9 11.4  1.4  7.1   S  NW    AVERAGE  5.5 189
2026 08 27 18 40  1.7  0.8 12.1  1.4  6.2   S  NW VERY_STEEP  5.4 309
2026 08 27 18 10  1.7  0.9 11.4  1.4  7.1   S WNW    AVERAGE  5.5 173
2026 08 27 17 40  1.6  0.8 12.1  1.4  6.2   S  NW      STEEP  5.5 305
2026 08 27 17 10  1.7  0.8 11.4  1.5  6.7   S WNW      STEEP  5.6 301
2026 08 27 16 40  1.6  1.0 12.1  1.3  6.2 SSE  NW      STEEP  5.6 307
2026 08 27 16 10  1.6  1.0 12.1  1.2  6.2   S  NW      STEEP  5.5 307
2026 08 27 15 40  1.5  1.0 12.1  1.1  5.9   S  NW    AVERAGE  5.8 176
2026 08 27 15 10  1.5  1.0 12.1  1.1  6.2   S  NW    AVERAGE  5.6 178
2026 08 27 14 40  1.5  1.1 12.1  1.0  4.8   S  NW      SWELL  5.6 174
2026 08 27 14 10  1.5  1.0 12.1  1.2  5.9   S WNW    AVERAGE  5.6 175
2026 08 27 13 40  1.6  1.1 12.9  1.1  5.9   S  NW      SWELL  5.9 171
2026 08 27 13 10  1.5  1.1 11.4  1.1  6.2   S WNW      SWELL  5.8 183
2026 08 27 12 40  1.5  1.2 12.1  0.9  5.6   S WNW      SWELL  5.7 184
2026 08 27 12 10  1.5  1.1 12.1  1.1  5.9   S  NW      SWELL  5.9 186
2026 08 27 11 40  1.6  1.1 12.1  1.1  5.9   S WNW      SWELL  5.8 188
2026 08 27 11 10  1.5  0.9 12.1  1.2  5.6 SSW  NW    AVERAGE  5.6 193
2026 08 27 10 40  1.5  0.9 13.8  1.2  5.9 SSW WNW    AVERAGE  5.3 197
2026 08 27 10 10  1.4  0.8 12.1  1.2  6.2   S WNW    AVERAGE  5.2 188
2026 08 27 09 40  1.4  0.9 13.8  1.1  6.2   S WNW    AVERAGE  5.3 178
2026 08 27 09 10  1.5  0.9 12.1  1.2  6.2   S WNW    AVERAGE  5.4 175
2026 08 27 08 40  1.6  1.0 12.1  1.3  6.2   S WNW    AVERAGE  5.5 183
2026 08 27 08 10  1.6  1.0 12.1  1.3  6.2   S WNW    AVERAGE  5.6 183
2026 08 27 07 40  1.6  0.9 12.1  1.3  6.2 SSW WNW      STEEP  5.2 303
2026 08 27 07 10  1.6  1.3  6.7  1.0  5.3 WNW WNW      STEEP  5.2 300
2026 08 27 06 40  1.8  1.3  6.7  1.3  5.3 WNW WNW      STEEP  5.6 302
2026 08 27 06 10  1.8  0.9 12.9  1.5  6.2   S WNW VERY_STEEP  5.5 303
2026 08 27 05 40  1.8  1.1 12.9  1.5  6.7 SSW  NW    AVERAGE  5.5 196
2026 08 27 05 10  1.7  1.2 12.9  1.2  6.2 SSW  NW      SWELL  5.6 194
2026 08 27 04 40  1.7  0.9 12.1  1.5  6.2   S  NW VERY_STEEP  5.5 307
2026 08 27 04 10  1.7  0.9 12.9  1.5  6.2   S  NW VERY_STEEP  5.4 307
2026 08 27 03 40  1.7  0.9 12.9  1.4  5.9   S  NW VERY_STEEP  5.2 309
2026 08 27 03 10  1.5  0.8 12.1  1.3  5.9   S WNW    AVERAGE  5.0 189
2026 08 27 02 40  1.6  0.8 12.9  1.3  5.9   S  NW VERY_STEEP  5.3 310
2026 08 27 02 10  1.3  0.9 12.9  1.0  5.3   S  NW    AVERAGE  5.6 187
2026 08 27 01 40  1.3  1.0 12.9  0.9  5.6   S WNW      SWELL  5.6 190
2026 08 27 01 10  1.2  0.9 12.9  0.8  5.9   S  NW      SWELL  5.1 186
2026 08 27 00 40  1.3  0.9 12.9  0.9  5.3 SSW  NW      SWELL  5.4 192
2026 08 27 00 10  1.2  0.8 12.1  0.8  5.6   S  NW      SWELL  5.1 185
2026 08 26 23 40  1.2  0.8 12.1  0.8  5.3   S  NW      SWELL  5.4 184
2026 08 26 23 10  1.2  0.9 12.1  0.7  5.9   S WNW      SWELL  5.5 189
2026 08 26 22 10  1.2  0.9 12.9  0.7  5.6 SSW  NW      SWELL  5.5 193
2026 08 26 21 40  1.1  0.8 12.9  0.8  5.9   S WNW      SWELL  5.1 189
2026 08 26 21 10  1.2  0.9 12.9  0.7  3.3  SW WNW      SWELL  5.6 216
2026 08 26 20 40  1.1  0.8 12.1  0.8  5.6 SSE  NW      SWELL  5.2 164
2026 08 26 20 10  1.2  0.9 12.9  0.7  5.9 SSW  NW      SWELL  5.6 204
2026 08 26 19 40  1.0  0.9 12.9  0.6  4.5   S WNW      SWELL  5.4 184
2026 08 26 19 10  1.1  1.0 12.1  0.6  4.5   S WNW      SWELL  5.5 170
2026 08 26 18 40  1.0  0.8 12.9  0.6  4.5 SSE  NW      SWELL  5.0 164
2026 08 26 18 10  1.2  0.9 12.9  0.7  4.8 SSW  NW      SWELL  5.2 205
2026 08 26 17 40  1.2  0.9 12.9  0.7  4.8   S  NW      SWELL  5.2 191
2026 08 26 17 10  1.2  0.8  6.2  0.9  5.0  NW  NW      STEEP  4.9 309
2026 08 26 16 40  1.3  0.8 13.8  1.0  6.2   S  NW      STEEP  5.1 308
2026 08 26 16 10  1.2  0.7 13.8  1.0  5.6   S  NW VERY_STEEP  4.8 307
2026 08 26 15 40  1.2  0.6 16.0  1.1  5.9 SSW  NW      STEEP  4.8 311
2026 08 26 15 10  1.2  0.7  6.7  1.0  5.9  NW WNW      STEEP  4.9 303
2026 08 26 14 40  1.3  0.6 13.8  1.1  6.7   S  NW      STEEP  4.9 305
2026 08 26 14 10  1.3  0.8 13.8  1.0  5.9 SSW  NW      STEEP  5.0 310
2026 08 26 13 40  1.2  0.5 12.9  1.1  5.9   S  NW      STEEP  4.9 308
2026 08 26 13 10  1.2  0.6 13.8  1.0  6.2   S  NW      STEEP  4.9 307
2026 08 26 12 40  1.4  0.7 13.8  1.2  6.2 WSW  NW      STEEP  5.0 308
2026 08 26 12 10  1.3  0.7 13.8  1.2  6.2 SSW  NW      STEEP  5.0 305
2026 08 26 11 40  1.3  0.6 13.8  1.1  5.9 SSW  NW    AVERAGE  5.0 212
2026 08 26 11 10  1.2  0.6 13.8  1.0  5.9  SW WNW    AVERAGE  4.8 214
2026 08 26 10 40  1.2  0.8  6.2  0.9  4.5  NW WNW      STEEP  4.8 307
2026 08 26 10 10  1.2  0.6 14.8  1.1  5.6  SW  NW VERY_STEEP  4.8 311
2026 08 26 09 40  1.2  0.6 16.0  1.1  5.9 SSW  NW      STEEP  4.8 310
2026 08 26 09 10  1.2  0.7 13.8  1.0  5.9  SW WNW    AVERAGE  4.7 234
2026 08 26 08 40  1.3  0.7 16.0  1.1  6.2 SSW  NW      STEEP  4.8 307
2026 08 26 08 10  1.3  0.6 14.8  1.1  6.2 SSW  NW      STEEP  4.8 307
2026 08 26 07 40  1.2  0.5 16.0  1.1  5.9 SSW  NW      STEEP  4.5 305
2026 08 26 07 10  1.2  0.6 14.8  1.1  5.9  SW  NW      STEEP  4.6 307
2026 08 26 06 40  1.2  0.6 13.8  1.1  5.3   S  NW VERY_STEEP  4.6 310
2026 08 26 06 10  1.1  0.5 13.8  1.0  5.0   S  NW VERY_STEEP  4.3 308
2026 08 26 05 40  1.1  0.6 14.8  1.0  5.0 SSE  NW    AVERAGE  4.4 163
2026 08 26 05 10  1.1  0.6 16.0  0.9  4.3 WSW  NW    AVERAGE  4.3 243
2026 08 26 04 40  1.1  0.5 13.8  0.9  5.0   S  NW VERY_STEEP  4.2 309
2026 08 26 04 10  1.1  0.6 14.8  0.9  4.5 SSW  NW    AVERAGE  4.2 205
2026 08 26 03 40  1.0  0.6 12.9  0.8  4.5   S  NW    AVERAGE  4.2 176
2026 08 26 03 10  1.1  0.7 13.8  0.8  5.0   S  NW    AVERAGE  4.5 190
2026 08 26 02 40  1.0  0.6 14.8  0.8  4.2   S WNW    AVERAGE  4.5 189
2026 08 26 02 10  0.9  0.5 16.0  0.8  4.3 WSW WNW    AVERAGE  4.2 254
2026 08 26 01 40  0.9  0.6 14.8  0.7  4.3  SW  NW    AVERAGE  4.2 217
2026 08 26 01 10  1.0  0.6 13.8  0.9  4.5 SSW WNW    AVERAGE  4.3 206
2026 08 26 00 40  1.0  0.6 16.0  0.8  4.3 SSW WNW    AVERAGE  4.3 201
2026 08 26 00 10  1.1  0.6 14.8  0.9  4.2 SSW WNW    AVERAGE  4.3 210
2026 08 25 23 40  1.1  0.6 13.8  0.9  4.2 WSW  NW    AVERAGE  4.1 244
2026 08 25 23 10  1.0  0.6 16.0  0.8  4.3 SSW WNW    AVERAGE  4.1 201
2026 08 25 22 10  0.9  0.5 13.8  0.7  4.0  SW WNW    AVERAGE  4.0 214
2026 08 25 21 40  0.9  0.6 16.0  0.7  3.7 SSW WNW    AVERAGE  4.2 199
2026 08 25 21 10  0.8  0.6 13.8  0.6  3.6   S WNW      SWELL  4.2 188
2026 08 25 20 40  0.8  0.6 14.8  0.6  2.9  SW  NW      SWELL  4.3 214
2026 08 25 20 10  0.9  0.7 14.8  0.6  3.3 SSW WNW      SWELL  4.5 207
2026 08 25 19 40  0.8  0.6 13.8  0.5  3.0 SSW  NW      SWELL  4.6 204
2026 08 25 19 10  0.8  0.7 14.8  0.5  2.9 SSW  NW      SWELL  4.7 201
2026 08 25 18 40  0.8  0.6 14.8  0.5  3.0   S WNW      SWELL  4.6 189
2026 08 25 18 10  0.9  0.7 16.0  0.5  3.8  SW WNW      SWELL  5.1 214
2026 08 25 17 40  0.8  0.6 16.0  0.5  3.8   S WNW      SWELL  4.6 185
2026 08 25 17 10  0.8  0.6 14.8  0.5  5.6 SSW WNW      SWELL  5.0 195
2026 08 25 16 40  0.8  0.6 13.8  0.5  4.3   S WNW        N/A  4.7 182
2026 08 25 16 10  0.8  0.6 14.8  0.5  4.0 SSW WNW      SWELL  4.9 204
2026 08 25 15 40  0.8  0.7 17.4  0.4  4.3  SW WNW      SWELL  5.2 226
2026 08 25 15 10  0.8  0.7 14.8  0.5  4.5   S WNW      SWELL  5.3 188
2026 08 25 14 40  0.8  0.7 13.8  0.5  4.2   S WNW      SWELL  5.3 181
2026 08 25 14 10  0.9  0.8 16.0  0.4  4.3   S WNW      SWELL  5.4 179
2026 08 25 13 40  0.8  0.7 14.8  0.4  3.7   S WNW      SWELL  5.4 191
2026 08 25 13 10  0.8  0.7 13.8  0.4  4.0 SSW WNW      SWELL  5.3 200
2026 08 25 12 40  0.9  0.8 14.8  0.4  3.8 SSW WNW      SWELL  5.7 195
2026 08 25 12 10  0.9  0.7 13.8  0.4  4.2   S WNW      SWELL  5.4 174
2026 08 25 11 40  0.9  0.8 14.8  0.4  3.6   S WNW      SWELL  5.6 186
2026 08 25 11 10  0.9  0.8 14.8  0.4  4.0   S WNW      SWELL  5.3 177
2026 08 25 10 40  1.0  0.8 14.8  0.5  5.0   S WNW      SWELL  5.4 183
2026 08 25 10 10  0.9  0.8 13.8  0.5  4.8   S WNW      SWELL  5.4 185
2026 08 25 09 40  1.0  0.9 13.8  0.4  3.8   S WNW      SWELL  5.6 188
2026 08 25 09 10  0.9  0.9 14.8  0.4  4.0 SSW WNW      SWELL  5.3 203
2026 08 25 08 40  1.0  0.9 13.8  0.5  4.5 SSW WNW      SWELL  5.4 196
2026 08 25 08 10  1.0  0.9 14.8  0.5  5.0 SSW WNW      SWELL  5.3 204
2026 08 25 07 40  1.0  0.8 13.8  0.6  5.0 SSW WNW      SWELL  5.3 193
2026 08 25 07 10  1.0  0.8 14.8  0.5  4.3 SSW WNW      SWELL  5.3 195
2026 08 25 06 40  0.9  0.8 14.8  0.5  5.0 SSW WNW      SWELL  5.2 195
2026 08 25 06 10  1.0  0.9 13.8  0.4  4.5   S WNW      SWELL  5.7 186
2026 08 25 05 40  1.0  0.9  7.1  0.5  4.5 WNW WNW    AVERAGE  5.4 300
2026 08 25 05 10  1.0  0.9 14.8  0.5  5.0   S WNW      SWELL  5.5 183
2026 08 25 04 40  1.0  0.9 13.8  0.6  5.3   S WNW      SWELL  5.2 189
2026 08 25 04 10  1.0  0.8 13.8  0.6  5.3   S WNW      SWELL  5.1 172
2026 08 25 03 40  1.0  0.9 14.8  0.5  4.3   S   W      SWELL  5.6 185
2026 08 25 03 10  1.0  0.9 14.8  0.5  4.0   S   W      SWELL  5.4 179
2026 08 25 02 40  1.0  0.9  7.7  0.5  5.6  NW WNW    AVERAGE  5.4 304
2026 08 25 02 10  1.0  0.9 14.8  0.5  5.0   S WNW      SWELL  5.5 188
2026 08 25 01 40  1.0  0.9 14.8  0.5  3.1 SSW WNW      SWELL  5.4 193
2026 08 25 01 10  1.0  0.8 14.8  0.5  5.3 SSW WNW      SWELL  5.2 212
2026 08 25 00 40  1.0  0.9 14.8  0.5  5.6 SSW WNW      SWELL  5.6 196
2026 08 25 00 10  1.0  0.9 14.8  0.5  5.0   S WNW      SWELL  5.9 191
2026 08 24 23 40  1.1  1.0  8.3  0.4  4.5  NW WNW      SWELL  5.8 317
2026 08 24 23 10  1.1  0.9 14.8  0.5  5.0   S WNW      SWELL  6.0 182
2026 08 24 22 40  1.1  1.0  8.3  0.4  4.5  NW WNW    AVERAGE  5.9 309
2026 08 24 22 10  1.2  1.1  7.1  0.3  3.8  NW WNW    AVERAGE  6.0 304
2026 08 24 21 40  1.1  1.0  8.3  0.4  4.2  NW WNW      SWELL  5.9 313
2026 08 24 21 10  1.2  1.2  7.7  0.3  3.7  NW WNW    AVERAGE  6.2 314
2026 08 24 20 40  1.2  1.1  7.7  0.3  4.0  NW   W    AVERAGE  6.3 316
2026 08 24 20 10  1.1  1.1  7.7  0.3  3.8  NW   W    AVERAGE  6.1 313
2026 08 24 19 40  1.1  1.1  7.1  0.3  3.8  NW WNW    AVERAGE  6.2 312
2026 08 24 19 10  1.2  1.1 14.8  0.3  4.0   S   W      SWELL  6.4 191
2026 08 24 18 40  1.2  1.1  7.7  0.3  3.8  NW   W    AVERAGE  6.2 314
2026 08 24 18 10  1.2  1.2  7.7  0.3  3.8  NW WNW    AVERAGE  6.3 315
2026 08 24 17 40  1.3  1.2  7.1  0.3  3.7  NW   W    AVERAGE  6.2 314
2026 08 24 17 10  1.3  1.2  7.7  0.3  3.8  NW WNW    AVERAGE  6.4 316
2026 08 24 16 40  1.2  1.2  7.7  0.3  4.0  NW   W    AVERAGE  6.3 313
2026 08 24 16 10  1.2  1.2  8.3  0.3  3.8  NW   W    AVERAGE  6.7 318
2026 08 24 15 40  1.2  1.1  7.7  0.3  3.8  NW WNW    AVERAGE  6.4 315
2026 08 24 15 10  1.1  1.0  8.3  0.3  4.0  NW   W    AVERAGE  6.1 317
2026 08 24 14 40  1.1  1.0  8.3  0.3  3.7  NW   W    AVERAGE  6.1 312
2026 08 24 14 10  1.1  1.1  7.7  0.3  3.7  NW WNW    AVERAGE  6.1 311
2026 08 24 13 40  1.1  1.1  7.7  0.3  3.7  NW   W    AVERAGE  6.3 314
2026 08 24 13 10  1.2  1.2  8.3  0.3  3.8  NW WNW    AVERAGE  6.4 308
2026 08 24 12 40  1.3  1.2  7.7  0.3  4.0  NW   W    AVERAGE  6.5 306
2026 08 24 12 10  1.2  1.2 14.8  0.3  4.0 SSW WNW      SWELL  6.3 196
2026 08 24 11 40  1.1  1.1  7.7  0.3  4.0 WNW   W    AVERAGE  6.2 297
2026 08 24 11 10  1.3  1.2  7.7  0.3  4.0  NW   W    AVERAGE  6.4 307
2026 08 24 10 40  1.2  1.1  7.7  0.3  4.0  NW WNW    AVERAGE  6.5 307
2026 08 24 10 10  1.3  1.3  7.7  0.3  3.1  NW   W    AVERAGE  6.6 304
2026 08 24 09 40  1.2  1.2  7.1  0.3  3.7  NW   W    AVERAGE  6.3 304
2026 08 24 09 10  1.3  1.2  7.7  0.3  4.0  NW WNW    AVERAGE  6.6 307
2026 08 24 08 40  1.2  1.2  7.1  0.3  3.4  NW   W    AVERAGE  6.4 307
2026 08 24 08 10  1.3  1.2  7.7  0.3  3.7  NW   W    AVERAGE  6.5 304
2026 08 24 07 40  1.3  1.2  7.7  0.3  3.4  NW WNW    AVERAGE  6.4 306
2026 08 24 07 10  1.2  1.1  7.7  0.3  3.8  NW   W    AVERAGE  6.2 308
2026 08 24 06 40  1.2  1.2  7.7  0.3  3.8  NW   W    AVERAGE  6.4 307
2026 08 24 06 10  1.1  1.1  7.7  0.3  3.7  NW WNW    AVERAGE  6.2 308
2026 08 24 05 40  1.1  1.1  7.7  0.3  4.0  NW WNW    AVERAGE  6.1 306
2026 08 24 05 10  1.2  1.1  7.1  0.3  3.3  NW WNW    AVERAGE  6.0 308
2026 08 24 04 40  1.2  1.1  7.7  0.3  3.7  NW WNW    AVERAGE  6.2 311
2026 08 24 04 10  1.2  1.2  7.7  0.3  3.7  NW WNW    AVERAGE  6.2 313
2026 08 24 03 40  1.1  1.1  8.3  0.3  3.7  NW WNW    AVERAGE  5.9 307
2026 08 24 03 10  1.3  1.2  8.3  0.4  3.4  NW WNW    AVERAGE  6.0 308
2026 08 24 02 40  1.2  1.1  7.7  0.4  3.6  NW WNW    AVERAGE  5.7 312
2026 08 24 02 10  1.3  1.2  7.7  0.5  4.3  NW WNW    AVERAGE  6.0 311
2026 08 24 01 40  1.2  1.1  8.3  0.5  4.5  NW WNW    AVERAGE  5.6 313
2026 08 24 01 10  1.3  1.2  8.3  0.5  3.8  NW WNW    AVERAGE  5.8 307
2026 08 24 00 40  1.2  1.1  7.7  0.5  4.3  NW WNW    AVERAGE  5.6 319
2026 08 24 00 10  1.3  1.2  8.3  0.4  4.2  NW WNW    AVERAGE  6.0 318
2026 08 23 23 40  1.5  1.4  8.3  0.5  4.2  NW WNW    AVERAGE  6.1 311
2026 08 23 23 10  1.5  1.4  8.3  0.5  4.0  NW WNW    AVERAGE  5.9 310
2026 08 23 22 40  1.4  1.3  6.7  0.4  3.7 WNW WNW      STEEP  5.9 300
2026 08 23 22 10  1.5  1.4  7.7  0.4  3.6  NW WNW    AVERAGE  6.0 306
2026 08 23 21 40  1.5  1.5  7.7  0.4  3.8  NW WNW    AVERAGE  6.1 307
2026 08 23 21 10  1.4  1.4  6.2  0.4  3.8  NW WNW      STEEP  5.9 305
2026 08 23 20 40  1.6  1.5  7.7  0.4  4.0  NW WNW    AVERAGE  6.2 308
2026 08 23 20 10  1.5  1.5  7.1  0.4  4.0  NW WNW      STEEP  6.0 305
2026 08 23 19 40  1.5  1.5  7.7  0.4  3.7  NW WNW    AVERAGE  6.0 308
2026 08 23 19 10  1.7  1.6  7.7  0.4  2.9  NW   W    AVERAGE  6.1 309
2026 08 23 18 40  1.7  1.7  7.7  0.4  3.8  NW WNW      STEEP  6.2 305
2026 08 23 18 10  1.6  1.5  7.7  0.5  4.0  NW WNW    AVERAGE  6.0 309
2026 08 23 17 40  1.6  1.5  7.7  0.4  4.0 WNW WNW    AVERAGE  6.0 301
2026 08 23 17 10  1.6  1.5  7.7  0.4  3.8  NW WNW    AVERAGE  5.9 311
2026 08 23 16 40  1.5  1.5  7.1  0.4  3.8  NW WNW      STEEP  5.9 309
2026 08 23 16 10  1.6  1.5  7.7  0.5  4.0  NW WNW    AVERAGE  5.9 309
2026 08 23 15 40  1.5  1.4  7.1  0.5  4.0  NW WNW      STEEP  5.7 306
2026 08 23 15 10  1.4  1.2  7.1  0.7  4.3  NW WNW      STEEP  5.5 307
2026 08 23 14 40  1.4  1.2  6.7  0.7  4.8  NW WNW      STEEP  5.5 307
2026 08 23 14 10  1.4  1.0 12.1  1.0  6.2 SSW WNW      STEEP  5.5 301
2026 08 23 13 40  1.4  1.2  6.2  0.8  4.5 WNW WNW      STEEP  5.6 297
2026 08 23 13 10  1.3  1.1  6.7  0.7  4.3 WNW WNW      STEEP  5.3 301
2026 08 23 12 40  1.3  1.2  6.2  0.6  4.3 WNW WNW      STEEP  5.5 300
2026 08 23 12 10  1.3  1.1  6.2  0.6  4.8 WNW WNW      STEEP  5.2 302
2026 08 23 11 40  1.3  1.1  5.9  0.7  4.5  NW WNW      STEEP  5.2 306
2026 08 23 11 10  1.3  0.7 16.0  1.1  6.2   S WNW      STEEP  5.0 295
2026 08 23 10 40  1.3  1.0  6.7  0.9  5.3 WNW WNW      STEEP  5.0 296
2026 08 23 10 10  1.3  0.9  6.2  0.9  5.6 WNW  NW      STEEP  4.8 301
2026 08 23 09 40  1.3  0.9  6.2  1.0  5.0 WNW WNW      STEEP  4.9 302
2026 08 23 09 10  1.4  0.6  7.7  1.3  6.7 WNW WNW      STEEP  4.9 300
2026 08 23 08 40  1.6  0.6 14.8  1.5  6.2 SSW  NW      STEEP  5.2 306
2026 08 23 08 10  1.5  0.6  9.1  1.4  6.7 WNW  NW      STEEP  5.0 306
2026 08 23 07 40  1.8  0.7  8.3  1.7  6.7 WNW  NW      STEEP  5.3 309
2026 08 23 07 10  1.7  0.6 16.0  1.6  6.7   S  NW      STEEP  5.2 306
2026 08 23 06 40  1.8  0.7 10.0  1.6  7.1 WNW  NW      STEEP  5.3 310
2026 08 23 06 10  1.8  0.5 10.0  1.7  6.7 WNW  NW      STEEP  5.2 308
2026 08 23 05 40  1.8  1.0  9.1  1.5  6.7 WNW  NW      STEEP  5.1 306
2026 08 23 05 10  1.7  0.8 14.8  1.5  7.1   S  NW      STEEP  5.2 308
2026 08 23 04 40  1.8  0.5 16.0  1.8  6.7   S  NW      STEEP  5.4 306
2026 08 23 04 10  1.8  1.0 16.0  1.5  6.7 SSW  NW      STEEP  5.4 309
2026 08 23 03 40  1.6  0.6 14.8  1.5  7.1   S  NW      STEEP  5.1 312
2026 08 23 03 10  1.6  1.0  7.1  1.3  5.3  NW  NW      STEEP  5.0 310
2026 08 23 02 40  1.7  0.9 16.0  1.5  6.7 SSW  NW      STEEP  5.2 307
2026 08 23 02 10  1.6  0.6 16.0  1.5  6.2 SSE  NW      STEEP  5.2 318
2026 08 23 01 40  1.5  0.7 14.8  1.3  6.2 SSW  NW      STEEP  4.9 309
2026 08 23 01 10  1.5  0.6  7.7  1.3  6.2 WNW  NW      STEEP  4.8 306
2026 08 23 00 40  1.5  0.6  8.3  1.3  5.6  NW  NW VERY_STEEP  4.8 310
2026 08 23 00 10  1.4  0.6 16.0  1.2  5.9 SSE  NW      STEEP  4.7 305
2026 08 22 23 40  1.4  0.7 16.0  1.2  5.9   S  NW VERY_STEEP  4.8 310
2026 08 22 23 10  1.3  0.6 16.0  1.2  5.9   S  NW      STEEP  4.6 314
2026 08 22 22 40  1.3  0.6 16.0  1.2  5.6  SW WNW VERY_STEEP  4.6 300
2026 08 22 22 10  1.3  0.5 16.0  1.2  5.9 SSW  NW      STEEP  4.5 308
2026 08 22 21 40  1.4  0.6 16.0  1.2  5.6  SW  NW VERY_STEEP  4.6 304
2026 08 22 21 10  1.4  0.7 16.0  1.2  6.2  SW  NW      STEEP  4.7 307
2026 08 22 20 40  1.4  0.6 16.0  1.3  5.9   S  NW VERY_STEEP  4.8 313
2026 08 22 20 10  1.3  0.5 16.0  1.2  5.9  SW  NW      STEEP  4.7 306
2026 08 22 19 40  1.4  0.6 10.0  1.2  5.9   W  NW      STEEP  4.6 305
2026 08 22 19 10  1.4  0.6 10.8  1.3  5.9   W  NW VERY_STEEP  4.7 311
2026 08 22 18 40  1.3  0.6 10.0  1.1  6.2 WNW  NW      STEEP  4.5 313
2026 08 22 18 10  1.4  0.7 12.9  1.2  5.9 SSW  NW VERY_STEEP  4.7 311
2026 08 22 17 40  1.4  0.6 16.0  1.2  5.3 SSW  NW VERY_STEEP  4.6 305
2026 08 22 17 10  1.3  0.6 16.0  1.2  5.9 SSW  NW      STEEP  4.7 310
2026 08 22 16 40  1.4  0.6 17.4  1.3  5.6  SW  NW VERY_STEEP  4.7 314
2026 08 22 16 10  1.4  0.6 16.0  1.2  5.6   S  NW VERY_STEEP  4.8 310
2026 08 22 15 40  1.4  0.6 12.9  1.3  5.6 WSW  NW VERY_STEEP  4.7 316
2026 08 22 15 10  1.4  0.7 17.4  1.2  5.0  SW  NW VERY_STEEP  4.8 306
2026 08 22 14 40  1.3  0.7  9.1  1.1  5.3 WNW  NW VERY_STEEP  4.7 315
2026 08 22 14 10  1.3  0.6 10.0  1.1  5.0 WNW  NW VERY_STEEP  4.7 306
2026 08 22 13 40  1.3  0.6 12.1  1.1  5.3  SW  NW VERY_STEEP  4.6 306
2026 08 22 13 10  1.2  0.7 13.8  1.1  4.5   W  NW VERY_STEEP  4.7 305
2026 08 22 12 40  1.1  0.6 10.0  0.9  4.8   W  NW VERY_STEEP  4.5 308
2026 08 22 12 10  1.1  0.7  8.3  0.9  5.0  NW WNW VERY_STEEP  4.6 301
2026 08 22 11 40  1.0  0.6 13.8  0.8  4.8 SSW  NW VERY_STEEP  4.5 312
2026 08 22 11 10  1.0  0.7 10.0  0.7  4.5 WNW  NW      SWELL  4.6 284
2026 08 22 10 40  1.0  0.7 10.8  0.7  4.8   W  NW      SWELL  4.7 264
2026 08 22 10 10  1.0  0.7 10.8  0.7  4.8   W  NW      SWELL  4.8 276
2026 08 22 09 40  0.9  0.7  9.1  0.7  4.0 WNW  NW      SWELL  4.7 287
2026 08 22 09 10  0.9  0.7 10.0  0.7  4.3 WNW  NW      SWELL  4.7 283
2026 08 22 08 40  0.9  0.7 12.1  0.6  4.3 SSW  NW      SWELL  4.8 208
2026 08 22 08 10  0.9  0.7 10.0  0.6  4.8   W  NW      SWELL  5.1 280
2026 08 22 07 40  0.9  0.7 12.9  0.6  4.3   S WNW      SWELL  4.7 191
2026 08 22 07 10  0.9  0.7 13.8  0.6  4.3 SSW  NW      SWELL  4.8 200
2026 08 22 06 40  0.9  0.6 12.9  0.6  4.5 SSW  NW      SWELL  4.7 206
2026 08 22 06 10  0.9  0.7 13.8  0.6  4.5 SSW WNW      SWELL  4.9 205
2026 08 22 05 40  0.9  0.7 12.9  0.6  4.3 SSW WNW      SWELL  4.7 208
2026 08 22 05 10  0.9  0.6 12.9  0.6  4.2 SSW WNW      SWELL  4.5 202
2026 08 22 04 40  1.0  0.7 10.0  0.6  4.8 WNW WNW      SWELL  4.9 284
2026 08 22 04 10  0.9  0.6 10.0  0.6  4.8   W WNW      SWELL  4.5 281
2026 08 22 03 40  0.9  0.7 10.0  0.6  4.0 WNW WNW      SWELL  4.6 294
2026 08 22 03 10  0.9  0.6 10.0  0.6  4.2  NW WNW      SWELL  4.5 306
2026 08 22 02 40  1.0  0.7 10.8  0.7  4.3 WNW WNW      SWELL  4.7 282
2026 08 22 02 10  1.0  0.7 10.8  0.7  3.2 WNW  NW      SWELL  4.5 288
2026 08 22 01 40  1.0  0.7 13.8  0.7  3.3 SSW  NW      SWELL  4.6 206
2026 08 22 01 10  1.0  0.7 10.8  0.7  4.8 WNW WNW      SWELL  4.6 299
2026 08 22 00 40  1.0  0.7 12.9  0.7  3.6 SSW  NW      SWELL  4.7 200
2026 08 22 00 10  1.0  0.7 11.4  0.8  4.5   W WNW    AVERAGE  4.4 276
2026 08 21 23 40  1.1  0.7 10.8  0.8  3.8   W  NW    AVERAGE  4.4 271
2026 08 21 23 10  1.1  0.7 13.8  0.9  3.7  SW WNW    AVERAGE  4.4 220
2026 08 21 22 40  1.1  0.7 10.0  0.9  4.2 WNW WNW    AVERAGE  4.4 283
2026 08 21 22 10  1.1  0.7 11.4  0.9  4.5 WNW  NW    AVERAGE  4.3 289
2026 08 21 21 40  1.1  0.7 10.8  0.8  4.5 WNW  NW    AVERAGE  4.5 296
2026 08 21 21 10  1.1  0.7 13.8  0.8  4.5 SSW  NW    AVERAGE  4.5 198
2026 08 21 20 40  1.0  0.7 10.8  0.8  4.5   W  NW    AVERAGE  4.5 280
2026 08 21 20 10  1.1  0.7 10.8  0.8  4.3 WNW  NW    AVERAGE  4.7 287
2026 08 21 19 40  1.0  0.7 10.8  0.7  4.8 WNW WNW      SWELL  4.7 284
2026 08 21 19 10  1.0  0.7 13.8  0.7  4.5 SSW WNW      SWELL  4.8 194
2026 08 21 18 40  1.0  0.7 13.8  0.7  4.8   S WNW      SWELL  4.8 178
2026 08 21 18 10  1.0  0.7 10.8  0.7  4.8   W WNW      SWELL  4.6 278
2026 08 21 17 40  1.0  0.7 10.0  0.7  5.0 WNW WNW      SWELL  4.7 287
2026 08 21 17 10  1.0  0.7 10.8  0.7  5.0 WNW  NW      SWELL  4.9 282
2026 08 21 16 40  1.1  0.7 10.8  0.8  5.3   W WNW    AVERAGE  5.0 277
2026 08 21 16 10  1.0  0.7 10.0  0.7  5.3 WNW WNW      SWELL  5.0 287
2026 08 21 15 40  1.0  0.8 10.8  0.7  5.0 WNW  NW      SWELL  5.0 294
2026 08 21 15 10  1.1  0.9 10.8  0.7  4.8 WNW WNW      SWELL  5.2 286
2026 08 21 14 40  1.1  0.8 10.0  0.7  5.3 WNW WNW      SWELL  5.2 289
2026 08 21 14 10  1.2  0.8 10.8  0.9  5.3 WNW  NW    AVERAGE  5.1 290
2026 08 21 13 40  1.1  0.7 13.8  0.8  5.6   S  NW      STEEP  5.0 311
2026 08 21 13 10  1.2  0.9 13.8  0.8  5.3   S  NW      SWELL  5.3 183
2026 08 21 12 40  1.2  0.9 10.8  0.8  3.8 WNW  NW      SWELL  5.2 300
2026 08 21 12 10  1.2  0.7 10.8  0.9  5.3 WNW  NW    AVERAGE  4.9 290
2026 08 21 11 40  1.2  0.8 13.8  0.8  5.6   S  NW      STEEP  5.0 305
2026 08 21 11 10  1.2  0.9 13.8  0.7  5.0   W  NW      SWELL  5.0 260
2026 08 21 10 40  1.2  0.8 10.8  0.9  5.9 WNW  NW    AVERAGE  5.0 293
2026 08 21 10 10  1.2  0.9 11.4  0.8  5.6   W  NW      SWELL  5.2 264
2026 08 21 09 40  1.2  0.8 11.4  1.0  5.6   W  NW VERY_STEEP  4.9 308
2026 08 21 09 10  1.2  0.7 10.8  0.9  5.6   W  NW    AVERAGE  4.9 272
2026 08 21 08 40  1.2  0.8 13.8  0.9  5.9   S  NW    AVERAGE  5.1 182
2026 08 21 08 10  1.2  0.8 10.8  0.9  4.8   W WNW    AVERAGE  5.0 279
2026 08 21 07 40  1.2  0.8 14.8  0.9  4.2 SSW WNW    AVERAGE  4.9 203
2026 08 21 07 10  1.1  0.8 12.1  0.8  5.6  SW WNW      SWELL  4.8 231
2026 08 21 06 40  1.1  0.8 13.8  0.8  5.3 SSW WNW      SWELL  4.9 212
2026 08 21 06 10  1.2  0.9 13.8  0.8  4.5   S WNW      SWELL  5.1 184
2026 08 21 05 40  1.1  0.7 10.8  0.9  4.3 WNW WNW    AVERAGE  4.4 291
2026 08 21 05 10  1.2  0.7 13.8  0.9  4.0  SW WNW    AVERAGE  4.5 215
2026 08 21 04 40  1.1  0.8 11.4  0.9  4.5   W  NW    AVERAGE  4.7 280
2026 08 21 04 10  1.2  0.8 13.8  0.9  5.9 SSW WNW    AVERAGE  4.7 197
2026 08 21 03 40  1.3  0.8 11.4  1.0  5.6   W WNW    AVERAGE  4.9 267
2026 08 21 03 10  1.3  0.8 11.4  1.0  6.2 WNW WNW    AVERAGE  4.9 290
2026 08 21 02 40  1.2  0.8 13.8  0.9  5.6   S  NW    AVERAGE  4.8 189
2026 08 21 02 10  1.2  0.8 12.1  0.9  5.9  SW WNW    AVERAGE  4.8 235
2026 08 21 01 40  1.2  0.8 13.8  0.9  5.3 SSW WNW    AVERAGE  4.8 194
2026 08 21 01 10  1.2  0.9 14.8  0.8  5.6  SW WNW      SWELL  5.1 217
2026 08 21 00 40  1.2  0.9 14.8  0.8  5.3 SSW  NW      SWELL  5.1 206
2026 08 21 00 10  1.1  0.8 10.8  0.8  5.9 WNW WNW      SWELL  5.0 288
2026 08 20 23 40  1.2  0.9 10.8  0.7  5.9 WNW  NW      SWELL  5.5 289
2026 08 20 23 10  1.2  1.0  7.1  0.6  4.8 WNW WNW    AVERAGE  5.5 302
2026 08 20 22 40  1.3  1.2  7.1  0.5  3.7  NW WNW      STEEP  5.9 310
2026 08 20 22 10  1.3  1.1 10.8  0.6  4.0   W WNW      SWELL  5.9 281
2026 08 20 21 10  1.2  1.1 11.4  0.5  4.8   W WNW      SWELL  6.4 276
2026 08 20 20 40  1.3  1.2 10.8  0.4  4.8 WNW WNW      SWELL  6.7 289
2026 08 20 20 10  1.3  1.2  7.1  0.3  3.8  NW WNW      STEEP  6.4 310
2026 08 20 19 40  1.2  1.1 10.8  0.4  4.3 WNW WNW      SWELL  6.3 291
2026 08 20 19 10  1.2  1.2 13.8  0.3  3.7 SSW WNW      SWELL  6.3 210
2026 08 20 18 40  1.2  1.2  7.1  0.4  3.8  NW WNW    AVERAGE  6.2 318
2026 08 20 18 10  1.2  1.2 10.8  0.4  4.0 WNW WNW      SWELL  6.3 302
2026 08 20 17 40  1.3  1.3 10.8  0.4  3.7 WNW   W      SWELL  6.3 289
2026 08 20 17 10  1.3  1.3 11.4  0.4  4.3   W WNW      SWELL  6.3 273
2026 08 20 16 40  1.3  1.3  7.1  0.4  3.8  NW WNW      STEEP  6.2 313
2026 08 20 16 10  1.3  1.2 11.4  0.5  4.0 WNW WNW      SWELL  6.2 290
2026 08 20 15 40  1.2  1.1 14.8  0.5  4.2 SSW WNW      SWELL  5.8 203
2026 08 20 15 10  1.2  1.1 13.8  0.4  4.0 SSW WNW      SWELL  5.9 204
2026 08 20 14 40  1.2  1.1 12.1  0.4  4.0   W WNW      SWELL  6.1 269
2026 08 20 14 10  1.2  1.1 10.8  0.4  4.2 WNW WNW      SWELL  6.0 300
2026 08 20 13 40  1.1  1.0 12.1  0.4  3.6   W WNW      SWELL  6.0 262
2026 08 20 13 10  1.1  1.0 12.1  0.3  3.7 WSW WNW      SWELL  6.0 248
2026 08 20 12 40  1.1  1.0 13.8  0.4  3.6 SSW WNW      SWELL  6.1 210
2026 08 20 12 10  1.1  1.0 11.4  0.4  3.3 WNW WNW      SWELL  5.7 291
2026 08 20 11 40  1.1  1.0 12.1  0.4  3.6   W WNW      SWELL  5.9 272
2026 08 20 11 10  1.1  1.0 14.8  0.4  4.0 SSW WNW      SWELL  5.8 196
2026 08 20 10 40  1.1  1.0 11.4  0.4  3.8 WNW WNW      SWELL  6.2 292
2026 08 20 09 40  1.0  0.9 11.4  0.4  3.8 WNW WNW      SWELL  6.0 288
2026 08 20 09 10  1.1  1.0 14.8  0.4  4.0 SSW WNW      SWELL  6.3 208
2026 08 20 08 40  1.0  0.9 12.1  0.4  4.0 WNW WNW      SWELL  6.0 284
2026 08 20 08 10  1.1  1.1 16.0  0.4  4.0   S WNW      SWELL  6.0 189
2026 08 20 07 40  1.1  1.1 14.8  0.4  3.8 SSW WNW      SWELL  6.1 207
2026 08 20 07 10  1.2  1.1 13.8  0.4  3.4 SSW WNW      SWELL  6.2 201
2026 08 20 06 40  1.2  1.1 14.8  0.4  3.8 SSW WNW      SWELL  6.1 207
2026 08 20 06 10  1.2  1.1 13.8  0.4  3.8 SSW WNW      SWELL  6.1 201
2026 08 20 05 40  1.2  1.2  7.7  0.4  3.8  NW WNW    AVERAGE  6.0 307
2026 08 20 05 10  1.4  1.3  7.7  0.5  4.8  NW WNW    AVERAGE  6.2 308
2026 08 20 04 40  1.3  1.1  7.7  0.5  4.5  NW  NW    AVERAGE  6.0 313
2026 08 20 04 10  1.3  1.2  8.3  0.4  2.9 WNW WNW    AVERAGE  6.2 303
2026 08 20 03 40  1.4  1.4  7.7  0.4  3.8 WNW WNW    AVERAGE  6.5 300
2026 08 20 03 10  1.3  1.2  8.3  0.4  4.0  NW WNW    AVERAGE  6.4 307
2026 08 20 02 40  1.4  1.3  8.3  0.4  3.8 WNW WNW    AVERAGE  6.4 303
2026 08 20 02 10  1.4  1.3  7.7  0.5  5.0  NW WNW    AVERAGE  6.4 306
2026 08 20 01 40  1.4  1.3  7.7  0.5  4.8  NW WNW    AVERAGE  6.4 311
2026 08 20 01 10  1.3  1.2  8.3  0.5  4.8  NW WNW    AVERAGE  6.2 310
2026 08 20 00 40  1.3  1.2 13.8  0.5  4.2 SSW WNW      SWELL  6.0 200
2026 08 20 00 10  1.4  1.3  7.7  0.5  4.8  NW WNW    AVERAGE  6.4 306
2026 08 19 23 40  1.5  1.4  7.7  0.5  4.8  NW WNW    AVERAGE  6.4 316
2026 08 19 23 10  1.5  1.3  8.3  0.7  4.8  NW WNW    AVERAGE  6.3 316
2026 08 19 22 40  1.5  1.4  8.3  0.5  4.5  NW WNW    AVERAGE  6.5 313
2026 08 19 22 10  1.5  1.4  8.3  0.5  4.8  NW WNW    AVERAGE  6.5 311
2026 08 19 21 40  1.3  1.3  7.7  0.4  3.3  NW WNW    AVERAGE  6.3 308
2026 08 19 21 10  1.4  1.4  8.3  0.4  3.6  NW WNW    AVERAGE  6.4 312
2026 08 19 20 40  1.5  1.4  8.3  0.4  3.6  NW   W    AVERAGE  6.4 311
2026 08 19 20 10  1.4  1.3  7.7  0.5  3.7  NW WNW    AVERAGE  6.1 311
2026 08 19 19 40  1.5  1.4  7.7  0.6  4.8  NW WNW    AVERAGE  6.2 307
2026 08 19 19 10  1.5  1.5  8.3  0.4  3.8  NW WNW    AVERAGE  6.5 311
2026 08 19 18 40  1.4  1.4  8.3  0.4  3.8  NW WNW    AVERAGE  6.3 309
2026 08 19 18 10  1.6  1.6  8.3  0.4  3.7  NW WNW    AVERAGE  6.6 311
2026 08 19 17 40  1.6  1.6  8.3  0.4  3.6  NW WNW    AVERAGE  6.6 310
2026 08 19 17 10  1.5  1.4  7.7  0.4  3.8  NW WNW    AVERAGE  6.2 314
2026 08 19 16 40  1.7  1.7  8.3  0.4  3.4  NW WNW    AVERAGE  6.5 310
2026 08 19 16 10  1.5  1.5  8.3  0.4  4.0  NW WNW    AVERAGE  6.4 312
2026 08 19 15 40  1.5  1.5  7.7  0.4  3.0  NW WNW    AVERAGE  6.2 313
2026 08 19 15 10  1.8  1.7  8.3  0.4  4.0  NW WNW    AVERAGE  6.5 308
2026 08 19 14 40  1.6  1.5  7.7  0.4  3.3  NW WNW    AVERAGE  6.4 314
2026 08 19 14 10  1.5  1.5  8.3  0.4  3.8  NW WNW    AVERAGE  6.3 306
2026 08 19 13 39  1.5  1.5  7.7  0.4  3.6  NW WNW    AVERAGE  6.2 308
2026 08 19 13 10  1.6  1.6  8.3  0.4  3.8  NW WNW    AVERAGE  6.4 308
2026 08 19 12 40  1.6  1.6  7.7  0.4  4.0  NW WNW    AVERAGE  6.5 307
2026 08 19 12 10  1.5  1.5  8.3  0.4  3.2  NW   W    AVERAGE  6.3 316
2026 08 19 11 40  1.6  1.5  8.3  0.5  4.3  NW WNW    AVERAGE  6.1 309
2026 08 19 11 10  1.4  1.3  7.1  0.6  4.8  NW WNW      STEEP  6.1 312
2026 08 19 10 40  1.5  1.4  7.7  0.4  3.7  NW WNW    AVERAGE  6.2 316
2026 08 19 10 10  1.4  1.3  7.7  0.5  4.5  NW WNW    AVERAGE  5.9 318
2026 08 19 09 40  1.5  1.5  7.7  0.4  3.6  NW WNW    AVERAGE  6.1 317
2026 08 19 09 10  1.5  1.5  7.7  0.4  4.0  NW WNW    AVERAGE  6.2 310
2026 08 19 08 40  1.5  1.3  7.7  0.6  4.8  NW WNW    AVERAGE  5.9 305
2026 08 19 08 10  1.5  1.4 13.8  0.5  4.0 SSW WNW      SWELL  6.0 196
2026 08 19 07 40  1.4  1.3  7.7  0.5  4.0  NW WNW    AVERAGE  5.6 306
2026 08 19 07 10  1.4  1.3  7.1  0.5  4.3 WNW WNW      STEEP  5.7 301
2026 08 19 06 40  1.5  1.3  6.2  0.7  4.5  NW  NW      STEEP  5.5 306
2026 08 19 06 10  1.5  1.2  7.1  0.8  5.3  NW WNW      STEEP  5.5 306
2026 08 19 05 40  1.5  1.1  7.7  1.0  5.6  NW  NW    AVERAGE  5.3 306
2026 08 19 05 10  1.5  1.1  7.7  1.0  5.9  NW WNW    AVERAGE  5.3 306
2026 08 19 04 40  1.5  1.1  8.3  1.1  4.3  NW WNW    AVERAGE  5.5 306
2026 08 19 04 10  1.6  0.9 14.8  1.3  7.1 SSW  NW      STEEP  5.5 310
2026 08 19 03 40  1.5  1.1  6.7  1.0  5.0  NW WNW      STEEP  5.4 304
2026 08 19 03 10  1.5  1.1  7.1  1.0  6.2  NW WNW      STEEP  5.6 304
2026 08 19 02 40  1.4  1.1  7.7  0.9  6.2  NW  NW    AVERAGE  5.6 304
2026 08 19 02 10  1.5  1.2  7.1  0.9  6.2  NW  NW      STEEP  5.6 308
2026 08 19 01 40  1.5  1.3  8.3  0.8  5.9  NW WNW    AVERAGE  5.8 305
2026 08 19 01 10  1.4  1.2  7.7  0.8  5.0  NW  NW    AVERAGE  5.9 307
2026 08 19 00 40  1.3  1.1  7.7  0.7  5.9  NW  NW    AVERAGE  5.9 307
2026 08 19 00 10  1.4  1.3  8.3  0.5  4.3  NW WNW    AVERAGE  6.1 304
2026 08 18 23 40  1.4  1.3  7.1  0.6  3.8 WNW WNW      STEEP  6.2 301
2026 08 18 23 10  1.3  1.3  7.7  0.4  3.7  NW WNW    AVERAGE  6.1 307
2026 08 18 22 40  1.3  1.3  7.1  0.4  4.0  NW WNW      STEEP  6.1 305
2026 08 18 22 10  1.2  1.1 14.8  0.4  3.6   S WNW      SWELL  6.0 191
2026 08 18 21 40  1.2  1.1  7.7  0.4  4.0 WNW WNW    AVERAGE  5.9 302
2026 08 18 21 10  1.2  1.1 13.8  0.3  3.6 SSW WNW      SWELL  6.0 206
2026 08 18 20 40  1.3  1.2 13.8  0.4  3.8 SSW WNW      SWELL  5.9 197
2026 08 18 20 10  1.2  1.2  7.1  0.4  3.8 WNW WNW    AVERAGE  5.8 303
2026 08 18 19 40  1.2  1.1  7.7  0.3  3.7  NW WNW    AVERAGE  5.9 312
2026 08 18 19 10  1.2  1.1  7.7  0.4  3.7  NW WNW    AVERAGE  5.9 317
2026 08 18 18 40  1.2  1.1  7.1  0.4  3.8 WNW WNW    AVERAGE  5.7 302
2026 08 18 18 10  1.2  1.2  7.1  0.4  4.0  NW WNW    AVERAGE  5.7 311
2026 08 18 17 40  1.2  1.1  6.7  0.4  3.3  NW WNW      STEEP  5.5 306
2026 08 18 17 10  1.2  1.2  7.7  0.4  3.6  NW WNW    AVERAGE  5.8 309
2026 08 18 16 40  1.1  1.1 13.8  0.4  3.7  SW WNW      SWELL  5.7 219
2026 08 18 16 10  1.2  1.1 14.8  0.4  3.8   S WNW      SWELL  5.8 185
2026 08 18 15 40  1.1  1.1 13.8  0.4  3.4 SSW WNW      SWELL  5.8 196
2026 08 18 15 10  1.1  1.1 14.8  0.4  4.0  SW WNW      SWELL  5.7 214
2026 08 18 14 40  1.1  1.1 13.8  0.4  3.8   S WNW      SWELL  5.5 176
2026 08 18 14 10  1.1  1.0 13.8  0.5  4.3 SSW WNW      SWELL  5.6 201
2026 08 18 13 40  1.2  1.1  6.7  0.4  3.6  NW WNW      STEEP  5.6 305
2026 08 18 13 10  1.1  1.0  6.7  0.4  2.7  NW WNW      STEEP  5.3 304
2026 08 18 12 40  1.1  1.1 13.8  0.4  3.1 SSW WNW      SWELL  5.5 196
2026 08 18 12 10  1.1  1.0 14.8  0.4  3.2   S  NW      SWELL  5.4 181
2026 08 18 11 40  1.1  1.0 13.8  0.5  4.0 SSW WNW      SWELL  5.2 205
2026 08 18 11 10  1.1  1.0 13.8  0.5  4.2 SSW WNW      SWELL  5.4 193
2026 08 18 10 40  1.1  1.0 14.8  0.5  3.8 SSW WNW      SWELL  5.5 205
2026 08 18 10 10  1.0  0.9 14.8  0.6  4.5 SSW WNW      SWELL  5.2 203
2026 08 18 09 40  1.1  1.0 13.8  0.5  4.2 SSW WNW      SWELL  5.4 200
2026 08 18 09 10  1.0  0.8 14.8  0.5  4.5   S WNW      SWELL  5.5 186
2026 08 18 08 40  1.0  0.8 13.8  0.5  4.5 SSW WNW      SWELL  5.5 198
2026 08 18 08 10  1.0  0.9 14.8  0.5  4.5 SSW WNW      SWELL  5.5 197
2026 08 18 07 40  1.0  0.8 13.8  0.5  4.3 SSW WNW      SWELL  5.3 206
2026 08 18 07 10  1.0  0.9 14.8  0.5  4.0 SSW WNW      SWELL  5.4 205
2026 08 18 06 40  1.0  0.9 14.8  0.5  3.8 SSW   W      SWELL  5.3 209
2026 08 18 06 10  1.0  0.9 13.8  0.4  4.0 SSW WNW      SWELL  5.6 199
2026 08 18 05 40  1.0  0.9 13.8  0.5  3.2 SSW WNW      SWELL  5.4 198
2026 08 18 05 10  1.1  1.0 14.8  0.5  3.0 SSW WNW      SWELL  5.5 213
2026 08 18 04 40  1.1  0.9 14.8  0.5  3.6 SSW   W      SWELL  5.4 203
2026 08 18 04 10  1.0  0.9 13.8  0.6  5.3   S WNW      SWELL  5.4 184
2026 08 18 03 40  1.0  0.9 14.8  0.6  5.6 SSW WNW      SWELL  5.3 192
2026 08 18 03 10  1.1  0.9 14.8  0.5  4.8   S WNW      SWELL  5.8 191
2026 08 18 02 40  1.1  0.9 14.8  0.5  4.8 SSW WNW      SWELL  5.6 196
2026 08 18 02 10  1.1  1.0 14.8  0.5  5.0 SSW WNW      SWELL  5.8 192
2026 08 18 01 40  1.2  1.1 14.8  0.5  4.3   S WNW      SWELL  5.9 188
2026 08 18 01 10  1.1  1.0 14.8  0.5  4.3 SSW WNW      SWELL  5.7 198
2026 08 18 00 40  1.2  1.1 14.8  0.6  5.6 SSW WNW      SWELL  6.0 202
2026 08 18 00 10  1.2  1.1 14.8  0.5  4.8   S WNW      SWELL  6.1 183
2026 08 17 23 40  1.2  1.1  7.7  0.5  4.0 WNW WNW    AVERAGE  6.1 303
2026 08 17 23 10  1.4  1.3  7.7  0.4  3.4  NW   W    AVERAGE  6.3 312
2026 08 17 22 40  1.3  1.2  7.7  0.4  4.3  NW WNW    AVERAGE  6.4 310
2026 08 17 22 10  1.3  1.3  7.7  0.3  4.2  NW WNW    AVERAGE  6.6 310
2026 08 17 21 40  1.3  1.3  7.7  0.3  3.6  NW WNW    AVERAGE  6.7 307
2026 08 17 21 10  1.3  1.3 14.8  0.3  4.0 SSW WNW      SWELL  6.8 201
2026 08 17 20 40  1.2  1.2 14.8  0.3  4.0 SSW WNW      SWELL  6.7 205
2026 08 17 20 10  1.1  1.1 14.8  0.3  3.8 SSW   W      SWELL  6.5 195
2026 08 17 19 40  1.2  1.1 14.8  0.3  4.0 SSW WNW      SWELL  6.9 200
2026 08 17 19 10  1.2  1.2 14.8  0.3  3.7 SSW   W      SWELL  6.8 207
2026 08 17 18 40  1.2  1.1 14.8  0.3  3.8 SSW WNW      SWELL  7.1 210
2026 08 17 18 10  1.1  1.1 14.8  0.3  3.8 SSW   W      SWELL  6.7 201
2026 08 17 17 40  1.1  1.0 14.8  0.3  3.7   S   W      SWELL  6.8 187
2026 08 17 17 10  1.1  1.1 14.8  0.3  4.0 SSW WNW      SWELL  6.8 203
2026 08 17 16 40  1.1  1.1 14.8  0.3  3.4  SW WNW      SWELL  6.5 215
2026 08 17 16 10  1.1  1.1 14.8  0.3  4.0 SSW   W      SWELL  6.7 200
2026 08 17 15 40  1.0  1.0 14.8  0.3  3.7 SSW WNW      SWELL  6.6 204
2026 08 17 15 10  1.0  1.0 16.0  0.3  4.0 SSW   W      SWELL  6.6 201
2026 08 17 14 40  0.9  0.9 14.8  0.3  3.6 SSW WNW      SWELL  6.5 201
2026 08 17 14 10  1.1  1.0 14.8  0.3  3.1 SSW WNW      SWELL  6.5 208
2026 08 17 13 40  1.1  1.0 14.8  0.3  3.3  SW WNW      SWELL  6.9 214
2026 08 17 13 10  1.0  0.9 14.8  0.3  4.0 SSW WNW      SWELL  6.5 197
2026 08 17 12 40  1.1  1.0 14.8  0.3  3.8 SSW WNW      SWELL  6.8 202
2026 08 17 12 10  1.1  1.0 14.8  0.3  3.3 SSW   W      SWELL  6.5 198
2026 08 17 11 40  1.0  1.0 13.8  0.3  3.7 SSW WNW      SWELL  6.2 193
2026 08 17 11 10  1.0  1.0 14.8  0.3  3.8 SSW WNW      SWELL  6.2 209
2026 08 17 10 40  1.1  1.1 14.8  0.3  3.4 SSW WNW      SWELL  6.3 212
2026 08 17 10 10  1.1  1.0 14.8  0.3  3.7 SSW WNW      SWELL  6.4 200
2026 08 17 09 40  1.1  1.1 13.8  0.3  3.6 SSW WNW      SWELL  6.5 192
2026 08 17 09 10  1.1  1.0 14.8  0.3  3.8 SSW WNW      SWELL  6.5 196
2026 08 17 08 40  1.1  1.1 16.0  0.3  3.7 SSW WNW      SWELL  6.3 200
2026 08 17 08 10  1.0  1.0 14.8  0.3  3.7 SSW WNW      SWELL  6.3 208
2026 08 17 07 40  1.1  1.0 14.8  0.3  4.0 SSW WNW      SWELL  6.1 198
2026 08 17 07 10  1.0  0.9 14.8  0.3  3.8 SSW WNW      SWELL  6.2 200
2026 08 17 06 40  1.2  1.1 14.8  0.3  3.6 SSW   W      SWELL  6.8 197
2026 08 17 06 10  1.1  1.0 14.8  0.3  4.0 SSW   W      SWELL  6.4 200
2026 08 17 05 40  1.2  1.1 14.8  0.4  4.0 SSW WNW      SWELL  6.4 199
2026 08 17 05 10  1.2  1.1 14.8  0.4  4.0 SSW   W      SWELL  6.1 197
2026 08 17 04 40  1.2  1.1 14.8  0.4  3.6 SSW WNW      SWELL  6.2 196
2026 08 17 04 10  1.3  1.2 14.8  0.4  4.0 SSW WNW      SWELL  6.3 195
2026 08 17 03 40  1.2  1.1 14.8  0.4  3.8 SSW WNW      SWELL  6.0 194
2026 08 17 03 10  1.2  1.1 14.8  0.4  3.8 SSW   W      SWELL  6.2 197
2026 08 17 02 40  1.2  1.1 16.0  0.4  4.0   S WNW      SWELL  6.2 182
2026 08 17 02 10  1.2  1.2 16.0  0.4  4.0 SSW WNW      SWELL  6.3 199
2026 08 17 01 40  1.2  1.1 14.8  0.3  3.7 SSW WNW      SWELL  6.2 192
2026 08 17 01 10  1.2  1.2 16.0  0.3  3.6 SSW WNW      SWELL  6.2 206
2026 08 17 00 40  1.4  1.3 16.0  0.4  3.8 SSW  NW      SWELL  6.7 203
2026 08 17 00 10  1.2  1.2 16.0  0.3  4.0 SSW WNW      SWELL  6.4 205
2026 08 16 23 40  1.3  1.3 16.0  0.3  4.0 SSW WNW      SWELL  6.7 199
2026 08 16 23 10  1.4  1.4 16.0  0.3  3.7   S WNW      SWELL  6.9 191
2026 08 16 22 40  1.4  1.3  7.1  0.3  4.0  NW WNW      STEEP  6.7 304
2026 08 16 22 10  1.2  1.1  7.1  0.3  3.2 WNW WNW    AVERAGE  6.1 301
2026 08 16 21 40  1.2  1.1 16.0  0.3  3.6  SW WNW      SWELL  6.4 229
2026 08 16 21 10  1.1  1.1 16.0  0.3  3.8 SSW WNW      SWELL  6.2 213
2026 08 16 20 40  1.1  1.1 16.0  0.3  4.0 SSW WNW      SWELL  6.5 195
2026 08 16 20 10  1.0  1.0 16.0  0.3  3.6 SSW WNW      SWELL  6.0 203
2026 08 16 19 40  1.2  1.1 16.0  0.3  4.0 SSW WNW      SWELL  6.5 204
2026 08 16 19 10  1.2  1.1 16.0  0.4  3.8 SSW WNW      SWELL  6.3 206
2026 08 16 18 40  1.1  1.1 16.0  0.4  4.0 SSW WNW      SWELL  6.0 202
2026 08 16 18 10  1.3  1.2 16.0  0.4  3.7 SSW WNW      SWELL  5.9 199
2026 08 16 17 40  1.3  1.2 16.0  0.4  3.8 SSW WNW      SWELL  5.9 196
2026 08 16 17 10  1.2  1.2 16.0  0.4  3.8 SSW WNW      SWELL  5.9 208
2026 08 16 16 40  1.2  1.2 16.0  0.4  3.8  SW WNW      SWELL  6.1 216
2026 08 16 16 10  1.2  1.1 16.0  0.4  3.8 SSW WNW      SWELL  5.8 207
2026 08 16 15 40  1.1  1.1 16.0  0.4  4.0  SW WNW      SWELL  5.7 220
2026 08 16 15 10  1.0  1.0 14.8  0.4  3.6 SSW WNW      SWELL  5.4 211
2026 08 16 14 40  1.1  1.0 16.0  0.4  3.8  SW WNW      SWELL  5.7 227
2026 08 16 14 10  1.1  1.0 16.0  0.4  3.1 SSW WNW      SWELL  5.7 207
2026 08 16 13 40  1.2  1.2 16.0  0.4  3.8  SW WNW      SWELL  5.8 214
2026 08 16 13 10  1.1  1.0 16.0  0.4  3.8  SW WNW      SWELL  5.5 221
2026 08 16 12 40  1.2  1.1 16.0  0.4  4.0  SW WNW      SWELL  6.0 222
2026 08 16 12 10  1.2  1.1 16.0  0.5  4.2 SSW WNW      SWELL  5.6 209
2026 08 16 11 40  1.2  1.1 16.0  0.5  4.2 SSW WNW      SWELL  5.8 205
2026 08 16 11 10  1.3  1.1 16.0  0.7  5.3 SSW  NW      SWELL  5.9 213
2026 08 16 10 40  1.2  1.0 16.0  0.7  5.3   S  NW      SWELL  5.6 188
2026 08 16 10 10  1.3  1.0 16.0  0.7  5.0  SW  NW      SWELL  5.7 223
2026 08 16 09 40  1.2  1.0 16.0  0.7  5.3 SSW WNW      SWELL  5.5 201
2026 08 16 09 10  1.3  1.0 16.0  0.8  5.3 SSW  NW      SWELL  5.6 203
2026 08 16 08 40  1.2  0.9 16.0  0.9  5.9 SSW WNW      SWELL  5.4 204
2026 08 16 08 10  1.2  0.9 16.0  0.8  5.6 SSW WNW      SWELL  5.5 197
2026 08 16 07 40  1.3  1.0 16.0  0.8  5.0 SSW WNW      SWELL  5.5 201
2026 08 16 07 10  1.2  0.8 16.0  0.9  5.6 SSW WNW    AVERAGE  5.2 200
2026 08 16 06 40  1.2  0.8 16.0  0.9  5.3   S WNW    AVERAGE  5.0 188
2026 08 16 06 10  1.2  0.8 16.0  0.9  4.2 SSW WNW    AVERAGE  4.9 207
2026 08 16 05 40  1.1  0.8 17.4  0.8  4.2   S  NW      SWELL  4.9 191
2026 08 16 05 10  1.1  0.7 16.0  0.8  4.2 SSW WNW    AVERAGE  4.4 198
2026 08 16 04 40  1.2  0.9 16.0  0.8  4.0 SSW WNW      SWELL  5.0 199
2026 08 16 04 10  1.2  0.9 16.0  0.8  3.4 SSW WNW      SWELL  5.2 200
2026 08 16 03 40  1.2  0.9 16.0  0.7  5.6 SSW WNW      SWELL  5.4 212
2026 08 16 03 10  1.1  0.9 17.4  0.7  3.3 SSW WNW      SWELL  5.2 205
2026 08 16 02 40  1.0  0.8 16.0  0.7  5.6   S WNW      SWELL  5.0 173
2026 08 16 02 10  1.0  0.8 16.0  0.7  5.3 SSW WNW      SWELL  5.1 200
2026 08 16 01 40  1.1  1.0 17.4  0.5  4.2 SSW WNW      SWELL  5.9 206
2026 08 16 01 10  1.1  0.9 17.4  0.5  4.8 SSW WNW      SWELL  5.7 196
2026 08 16 00 40  1.1  0.9 17.4  0.5  4.8 SSW WNW      SWELL  5.7 205
2026 08 16 00 10  1.1  1.0 17.4  0.5  4.5 SSW WNW      SWELL  6.0 195
2026 08 15 23 40  1.1  1.0 17.4  0.4  3.4 SSW WNW      SWELL  6.0 206
2026 08 15 23 10  1.1  1.0 17.4  0.4  4.3 SSW  NW      SWELL  6.2 199
2026 08 15 22 40  1.2  1.1 17.4  0.4  4.2 SSW WNW      SWELL  6.3 193
2026 08 15 22 10  1.1  1.0 17.4  0.4  3.8 SSW WNW      SWELL  6.0 192
2026 08 15 21 40  1.1  1.1 17.4  0.4  3.6 SSW WNW      SWELL  6.5 195
2026 08 15 21 10  1.0  1.0 17.4  0.3  4.0 SSW WNW      SWELL  6.4 206
2026 08 15 20 40  1.1  1.1 17.4  0.3  3.1 SSW WNW      SWELL  6.9 204
2026 08 15 20 10  1.1  1.1 17.4  0.3  3.2 SSW WNW      SWELL  7.2 211
2026 08 15 19 40  1.1  1.0 17.4  0.3  3.7 SSW WNW      SWELL  6.7 195
2026 08 15 19 10  0.9  0.8 17.4  0.3  3.8  SW WNW      SWELL  6.2 235
2026 08 15 18 40  1.0  0.9 17.4  0.3  4.0 SSW WNW      SWELL  6.5 209
2026 08 15 18 10  0.9  0.9 17.4  0.3  4.0 SSW WNW      SWELL  6.3 198
2026 08 15 17 40  1.0  1.0 17.4  0.3  4.0 SSW WNW      SWELL  6.8 204
2026 08 15 17 10  0.9  0.9 17.4  0.3  3.6 SSW WNW      SWELL  6.0 200
2026 08 15 16 40  1.0  1.0 17.4  0.3  3.6 SSW WNW      SWELL  6.3 198
2026 08 15 16 10  1.0  1.0 17.4  0.4  4.2  SW WNW      SWELL  6.2 215
2026 08 15 15 40  0.9  0.8 17.4  0.3  3.7 SSW WNW      SWELL  5.8 201
2026 08 15 15 10  1.0  0.9 17.4  0.4  3.2  SW WNW      SWELL  5.9 214
2026 08 15 14 40  1.0  1.0 17.4  0.4  4.0  SW   W      SWELL  5.8 225
2026 08 15 14 10  1.1  1.0 17.4  0.4  3.3 SSW WNW      SWELL  6.0 208
2026 08 15 13 40  1.1  1.0 17.4  0.4  3.7 SSW WNW      SWELL  5.4 209
2026 08 15 13 10  1.1  1.0 17.4  0.5  4.2   S  NW      SWELL  5.4 191
2026 08 15 12 40  1.1  1.0 17.4  0.5  3.8   S WNW      SWELL  5.2 180
2026 08 15 12 10  1.3  1.2 17.4  0.5  3.8  SW  NW      SWELL  5.9 216
2026 08 15 11 40  1.2  1.1 17.4  0.5  3.4 SSW WNW      SWELL  5.6 193
2026 08 15 11 10  1.2  1.0 17.4  0.8  4.8 SSW  NW      SWELL  5.5 206
2026 08 15 10 40  1.2  0.8 17.4  0.8  5.6  SW WNW      SWELL  5.1 219
2026 08 15 10 10  1.2  0.9 17.4  0.7  4.2  SW WNW      SWELL  5.4 218
2026 08 15 09 40  1.2  1.0 17.4  0.7  3.8  SW WNW      SWELL  5.6 219
2026 08 15 09 10  1.1  0.9 19.0  0.6  3.4  SW  NW      SWELL  5.4 236
2026 08 15 08 40  1.1  0.9 14.8  0.6  5.0   S WNW      SWELL  5.7 191
2026 08 15 08 10  1.1  1.0 19.0  0.4  4.0  SW WNW      SWELL  6.3 220
2026 08 15 07 40  1.0  0.9 19.0  0.5  5.0 SSW WNW      SWELL  5.7 196
2026 08 15 07 10  1.0  0.9 17.4  0.3  4.0 SSW WNW      SWELL  6.2 213
2026 08 15 06 40  1.0  0.9 19.0  0.3  4.0 SSW WNW      SWELL  6.3 202
2026 08 15 06 10  1.0  0.9 19.0  0.4  3.7 SSW   W      SWELL  6.2 203
2026 08 15 05 40  0.9  0.9 14.8  0.3  3.1 SSW WNW      SWELL  6.0 208
2026 08 15 05 10  1.0  0.9 14.8  0.3  4.0 SSW WNW      SWELL  6.1 195
2026 08 15 04 40  1.0  0.9 19.0  0.4  4.3 SSW WNW      SWELL  6.4 206
2026 08 15 04 10  1.0  0.9 17.4  0.4  4.0 SSW WNW      SWELL  6.0 192
2026 08 15 03 40  1.0  0.9 14.8  0.3  3.7 SSW   W      SWELL  6.1 195
2026 08 15 03 10  0.9  0.8 13.8  0.3  3.7 SSW   W      SWELL  5.8 197
2026 08 15 02 40  1.0  0.9 14.8  0.4  4.0 SSW WNW      SWELL  5.9 207
2026 08 15 02 10  1.0  0.9 12.9  0.4  4.0   S WNW      SWELL  5.8 181
2026 08 15 01 40  1.0  0.9 14.8  0.4  4.3 SSW   W      SWELL  6.0 203
2026 08 15 01 10  1.1  1.0 19.0  0.4  4.5 SSW   W      SWELL  6.2 202
2026 08 15 00 40  1.1  1.0  7.7  0.3  3.6  NW WNW    AVERAGE  6.3 310
2026 08 15 00 10  1.1  1.1 14.8  0.3  3.8 SSW   W      SWELL  6.4 195
2026 08 14 23 40  1.1  1.0  7.7  0.3  3.7  NW   W    AVERAGE  6.4 307
2026 08 14 23 10  1.1  1.1  7.7  0.3  3.7  NW   W    AVERAGE  6.5 310
2026 08 14 22 40  1.2  1.1  7.1  0.3  4.0  NW   W    AVERAGE  6.5 305
2026 08 14 22 10  1.1  1.1  7.7  0.3  4.0  NW WNW    AVERAGE  6.2 313
2026 08 14 21 40  1.2  1.1 19.0  0.3  4.0  SW WNW      SWELL  6.6 234
2026 08 14 21 10  1.1  1.1  7.7  0.3  3.7  NW WNW    AVERAGE  6.3 309
2026 08 14 20 40  1.1  1.1 17.4  0.3  3.6  SW WNW      SWELL  6.3 218
2026 08 14 20 10  1.1  1.0  6.7  0.3  4.0  NW WNW      STEEP  6.0 305
2026 08 14 19 40  1.1  1.0 13.8  0.3  4.0   S WNW      SWELL  6.1 191
2026 08 14 19 10  1.1  1.0  7.7  0.4  3.4 WNW   W    AVERAGE  6.0 297
2026 08 14 18 40  1.1  1.0 14.8  0.4  4.0 SSW WNW      SWELL  5.8 198
2026 08 14 18 10  1.1  1.0 12.1  0.4  3.4 SSW WNW      SWELL  5.6 199
2026 08 14 17 40  1.1  1.1  7.7  0.4  3.8 WNW WNW    AVERAGE  5.7 300
2026 08 14 17 10  1.1  1.1 16.0  0.4  2.9 SSW WNW      SWELL  5.6 213
2026 08 14 16 40  1.1  1.0  7.7  0.4  3.4  NW WNW    AVERAGE  5.5 305
2026 08 14 16 10  1.2  1.1  7.7  0.4  3.6  NW   W    AVERAGE  5.5 307
2026 08 14 15 40  1.1  1.0  7.1  0.4  4.0  NW WNW    AVERAGE  5.6 311
2026 08 14 15 10  1.1  1.0  7.7  0.4  4.0  NW WNW    AVERAGE  5.6 312
2026 08 14 14 40  1.1  1.0  7.7  0.4  4.0  NW WNW    AVERAGE  5.9 310
2026 08 14 14 10  1.0  0.9  8.3  0.4  3.8 WNW   W      SWELL  5.7 297
2026 08 14 13 40  1.0  1.0  7.7  0.3  4.0 WNW   W    AVERAGE  5.9 302
2026 08 14 13 10  1.1  1.0  7.7  0.4  3.8 WNW   W    AVERAGE  5.8 298
2026 08 14 12 40  1.0  1.0  8.3  0.4  3.8 WNW   W      SWELL  5.8 299
2026 08 14 12 10  1.1  1.0  7.7  0.4  3.7  NW   W    AVERAGE  5.9 305
2026 08 14 11 40  1.1  1.0  7.1  0.4  3.7 WNW WNW    AVERAGE  5.7 300
2026 08 14 11 10  1.1  1.1 13.8  0.4  4.2 SSW WNW      SWELL  5.9 210
2026 08 14 10 40  1.1  1.1  7.7  0.4  3.8 WNW WNW    AVERAGE  5.6 302
2026 08 14 10 10  1.3  1.3  7.7  0.4  3.6  NW WNW    AVERAGE  6.1 308
2026 08 14 09 40  1.3  1.2  8.3  0.4  3.6  NW WNW    AVERAGE  5.9 307
2026 08 14 09 10  1.2  1.1  7.1  0.4  3.7 WNW WNW    AVERAGE  5.7 298
2026 08 14 08 40  1.3  1.2  7.7  0.4  3.4 WNW WNW    AVERAGE  5.9 301
2026 08 14 08 10  1.3  1.2  8.3  0.4  3.8  NW WNW    AVERAGE  6.2 306
2026 08 14 07 40  1.2  1.1  7.7  0.3  3.7 WNW   W    AVERAGE  6.1 299
2026 08 14 07 10  1.3  1.2  8.3  0.3  3.8 WNW   W    AVERAGE  6.3 302
2026 08 14 06 40  1.3  1.3  8.3  0.4  4.0  NW WNW    AVERAGE  6.4 306
2026 08 14 06 10  1.2  1.1  8.3  0.4  3.7 WNW   W    AVERAGE  6.1 301
2026 08 14 05 40  1.2  1.2  8.3  0.3  3.6  NW   W    AVERAGE  6.1 304
2026 08 14 05 10  1.2  1.2  8.3  0.4  4.0  NW   W    AVERAGE  6.1 304
2026 08 14 04 40  1.2  1.2  9.1  0.4  3.2  NW   W      SWELL  6.2 307
2026 08 14 04 10  1.3  1.2  9.1  0.3  3.6  NW WNW      SWELL  6.3 304
2026 08 14 03 40  1.3  1.2  9.1  0.4  3.7 WNW WNW      SWELL  6.1 301
2026 08 14 02 40  1.4  1.4  8.3  0.4  3.3  NW   W    AVERAGE  6.4 312
2026 08 14 02 10  1.2  1.2  8.3  0.4  4.0  NW   W    AVERAGE  6.1 313
2026 08 14 01 40  1.4  1.3  8.3  0.4  3.8  NW WNW    AVERAGE  6.5 309
2026 08 14 01 10  1.4  1.4  8.3  0.4  3.8  NW   W    AVERAGE  6.3 306
2026 08 14 00 40  1.4  1.4  9.1  0.4  4.0  NW   W      SWELL  6.4 308
2026 08 14 00 10  1.4  1.3  8.3  0.4  4.0  NW   W    AVERAGE  6.1 312
2026 08 13 23 40  1.5  1.4  9.1  0.4  3.7  NW   W    AVERAGE  6.3 317
2026 08 13 23 10  1.6  1.5  8.3  0.6  4.8  NW WNW    AVERAGE  6.2 315
2026 08 13 22 40  1.6  1.5  9.1  0.7  5.3  NW  NW    AVERAGE  6.3 322
2026 08 13 22 10  1.8  1.6  9.1  0.7  5.0  NW WNW    AVERAGE  6.6 324
2026 08 13 21 40  1.6  1.4  9.1  0.7  5.6  NW WNW    AVERAGE  6.3 317
2026 08 13 21 10  1.6  1.5  9.1  0.6  4.8  NW WNW    AVERAGE  6.6 315
2026 08 13 20 40  1.7  1.6  8.3  0.4  4.2  NW   W    AVERAGE  6.7 313
2026 08 13 20 10  1.6  1.5  9.1  0.6  4.8  NW WNW    AVERAGE  6.7 313
2026 08 13 19 40  1.7  1.6  8.3  0.6  5.0  NW WNW    AVERAGE  6.7 314
2026 08 13 19 10  1.7  1.6  9.1  0.4  3.7  NW   W    AVERAGE  6.6 309
2026 08 13 18 40  1.7  1.7  8.3  0.4  3.7  NW   W    AVERAGE  6.6 314
2026 08 13 18 10  1.6  1.5  8.3  0.5  3.3  NW   S    AVERAGE  6.1 310
2026 08 13 17 40  1.5  1.5  9.1  0.5  3.6  NW SSW    AVERAGE  6.3 314
2026 08 13 17 10  1.5  1.4  9.1  0.5  3.8 WNW   W      SWELL  5.8 303
2026 08 13 16 40  1.5  1.5  8.3  0.5  3.3  NW SSE    AVERAGE  6.2 310
2026 08 13 16 10  1.4  1.4  8.3  0.4  4.0 WNW WNW    AVERAGE  6.2 301
2026 08 13 15 40  1.4  1.3  8.3  0.5  4.0  NW   W    AVERAGE  5.9 307
2026 08 13 15 10  1.4  1.3  9.1  0.5  3.8  NW WNW      SWELL  6.0 314
2026 08 13 14 40  1.5  1.4  9.1  0.6  5.3  NW WNW    AVERAGE  6.3 311
2026 08 13 14 10  1.4  1.3  8.3  0.5  3.8 WNW   W    AVERAGE  6.1 300
2026 08 13 13 40  1.3  1.3  8.3  0.4  3.3  NW   W    AVERAGE  6.1 308
2026 08 13 13 10  1.3  1.3  8.3  0.4  4.0  NW WNW    AVERAGE  6.1 311
2026 08 13 12 40  1.4  1.3  9.1  0.4  3.8 WNW WNW      SWELL  6.2 301
2026 08 13 12 10  1.5  1.4  9.1  0.4  2.7 WNW SSW    AVERAGE  6.4 298
2026 08 13 11 10  1.7  1.6  8.3  0.4  3.8  NW WNW    AVERAGE  6.6 310
2026 08 13 10 40  1.7  1.7  9.1  0.4  3.4  NW WNW    AVERAGE  6.6 312
2026 08 13 10 10  1.6  1.5  9.1  0.5  4.0  NW WNW    AVERAGE  6.2 311
2026 08 13 09 40  1.7  1.5  7.7  0.7  5.3  NW  NW    AVERAGE  6.3 306
2026 08 13 09 10  1.6  1.5  9.1  0.6  5.0  NW WNW    AVERAGE  6.6 304
2026 08 13 08 40  1.6  1.5  8.3  0.5  4.8  NW WNW    AVERAGE  6.5 306
2026 08 13 08 10  1.6  1.5  8.3  0.4  4.2  NW WNW    AVERAGE  6.4 307
2026 08 13 07 40  1.6  1.6  8.3  0.4  3.8  NW  NW    AVERAGE  6.8 309
2026 08 13 07 10  1.5  1.5  8.3  0.4  3.6  NW WNW    AVERAGE  6.5 310
2026 08 13 06 40  1.4  1.3  8.3  0.3  3.4  NW WNW    AVERAGE  6.4 313
2026 08 13 06 10  1.5  1.4  8.3  0.4  3.4  NW WNW    AVERAGE  6.5 308
2026 08 13 05 40  1.4  1.3  9.1  0.4  3.7  NW WNW      SWELL  6.7 310
2026 08 13 05 10  1.4  1.3  8.3  0.4  4.0  NW WNW    AVERAGE  6.5 316
2026 08 13 04 40  1.3  1.3  8.3  0.4  3.4  NW  SW    AVERAGE  6.3 320
2026 08 13 04 10  1.4  1.3  8.3  0.4  3.4  NW WSW    AVERAGE  6.3 323
2026 08 13 03 40  1.3  1.3  8.3  0.4  3.6  NW SSW    AVERAGE  6.0 317
2026 08 13 03 10  1.3  1.2  8.3  0.5  4.0  NW WNW    AVERAGE  6.0 325
2026 08 13 02 40  1.3  1.2  9.1  0.5  5.0  NW   W      SWELL  6.3 318
2026 08 13 02 10  1.1  1.0  8.3  0.4  4.0  NW   W    AVERAGE  5.8 308
2026 08 13 01 40  1.4  1.3  8.3  0.4  3.7  NW SSE    AVERAGE  6.5 315
2026 08 13 01 10  1.3  1.2  8.3  0.4  3.7  NW SSW    AVERAGE  6.2 315
2026 08 13 00 40  1.3  1.3  8.3  0.3  3.7  NW  SW    AVERAGE  6.5 311
2026 08 13 00 10  1.4  1.4  8.3  0.4  3.6  NW  SW    AVERAGE  6.6 313
2026 08 12 23 40  1.4  1.4  9.1  0.4  3.6  NW WSW      SWELL  6.6 313
2026 08 12 23 10  1.5  1.5  9.1  0.3  3.6  NW WSW    AVERAGE  6.8 315
2026 08 12 22 40  1.4  1.4  9.1  0.3  3.7  NW WNW      SWELL  6.6 309
2026 08 12 22 10  1.4  1.4  9.1  0.3  3.8  NW WNW      SWELL  6.5 311
2026 08 12 21 40  1.6  1.6  8.3  0.3  3.6  NW   W    AVERAGE  7.1 312
2026 08 12 21 10  1.5  1.5  9.1  0.3  3.3  NW   W    AVERAGE  6.8 310
2026 08 12 20 40  1.3  1.3  9.1  0.3  4.0  NW WNW      SWELL  6.6 310
2026 08 12 20 10  1.5  1.4  8.3  0.3  3.7  NW   W    AVERAGE  6.7 315
2026 08 12 19 40  1.3  1.3  8.3  0.3  3.8  NW   W    AVERAGE  6.4 314
2026 08 12 19 10  1.4  1.3  8.3  0.3  3.1  NW WSW    AVERAGE  6.6 311
2026 08 12 18 40  1.3  1.3  8.3  0.4  2.9  NW SSE    AVERAGE  6.4 310
2026 08 12 18 10  1.3  1.3  8.3  0.4  4.0  NW WNW    AVERAGE  6.4 311
2026 08 12 17 40  1.5  1.4  9.1  0.3  3.8  NW WNW    AVERAGE  6.8 312
2026 08 12 17 10  1.5  1.4  9.1  0.4  3.8  NW WNW    AVERAGE  6.5 309
2026 08 12 16 40  1.3  1.3  9.1  0.4  2.7  NW  SE      SWELL  6.2 313
2026 08 12 16 10  1.4  1.3  8.3  0.4  4.0  NW WNW    AVERAGE  6.2 311
2026 08 12 15 40  1.3  1.2  8.3  0.4  4.0  NW WNW    AVERAGE  6.1 312
2026 08 12 15 10  1.3  1.2  9.1  0.4  4.3  NW WNW      SWELL  6.3 311
2026 08 12 14 40  1.2  1.2  8.3  0.4  4.2  NW WNW    AVERAGE  6.3 315
2026 08 12 14 10  1.2  1.2  8.3  0.3  3.7  NW   W    AVERAGE  6.5 314
2026 08 12 13 40  1.2  1.1  8.3  0.3  4.0  NW   W    AVERAGE  6.3 315
2026 08 12 13 10  1.3  1.2  8.3  0.3  3.7  NW   W    AVERAGE  6.3 309
2026 08 12 12 40  1.2  1.2  9.1  0.3  3.0  NW   W      SWELL  6.4 309
2026 08 12 12 10  1.4  1.3  8.3  0.3  3.8  NW   W    AVERAGE  6.8 308
2026 08 12 11 40  1.3  1.3  9.1  0.3  3.7  NW   W      SWELL  6.5 309
2026 08 12 11 10  1.5  1.4  8.3  0.3  3.8  NW   W    AVERAGE  6.9 306
2026 08 12 10 40  1.4  1.4  9.1  0.3  4.0  NW WNW      SWELL  6.9 305
2026 08 12 10 10  1.4  1.4  8.3  0.3  3.7  NW   W    AVERAGE  6.9 304
2026 08 12 09 40  1.4  1.3  8.3  0.3  3.6 WNW WNW    AVERAGE  7.0 300
2026 08 12 09 10  1.3  1.3  8.3  0.3  3.7  NW WNW    AVERAGE  6.9 305
2026 08 12 08 40  1.3  1.3  9.1  0.3  4.0 WNW WNW      SWELL  6.7 302
2026 08 12 08 10  1.3  1.3  9.1  0.3  3.8 WNW   W      SWELL  6.7 301
2026 08 12 07 40  1.2  1.2  8.3  0.3  3.8 WNW WNW    AVERAGE  6.4 293
2026 08 12 07 10  1.3  1.2  8.3  0.4  3.6 WNW   W    AVERAGE  6.4 302
2026 08 12 06 40  1.2  1.2  9.1  0.3  3.8  NW WNW      SWELL  6.4 307
2026 08 12 06 10  1.3  1.2  9.1  0.4  4.0 WNW WNW      SWELL  6.3 302
2026 08 12 05 40  1.3  1.2  9.1  0.3  3.3  NW   W      SWELL  6.3 314
2026 08 12 05 10  1.2  1.1  7.7  0.3  3.4  NW   W    AVERAGE  6.2 305
2026 08 12 04 40  1.2  1.1  9.1  0.3  3.4  NW   W      SWELL  6.3 309
2026 08 12 04 10  1.1  1.0  8.3  0.4  3.6  NW   W    AVERAGE  6.2 316
2026 08 12 03 40  1.0  1.0  9.1  0.3  4.0  NW   W      SWELL  6.2 308
2026 08 12 03 10  1.0  1.0  9.1  0.3  4.0  NW   W      SWELL  6.2 312
2026 08 12 02 40  1.1  1.1  9.1  0.3  3.4 WNW   W      SWELL  6.2 302
2026 08 12 02 10  1.1  1.1  9.1  0.3  4.0  NW WNW      SWELL  6.6 321
2026 08 12 01 40  1.2  1.1 10.0  0.3  3.6  NW   W      SWELL  6.7 320
2026 08 12 01 10  1.2  1.2 10.0  0.3  3.8  NW   W      SWELL  6.7 316
2026 08 12 00 40  1.5  1.4  9.1  0.3  4.0  NW   W      SWELL  7.4 325
2026 08 12 00 10  1.4  1.4  9.1  0.3  3.8  NW WNW      SWELL  7.4 323
2026 08 11 23 40  1.4  1.4  9.1  0.3  3.6  NW WNW      SWELL  7.2 317
2026 08 11 23 10  1.5  1.4  9.1  0.3  4.0  NW   W      SWELL  7.1 318
2026 08 11 22 40  1.6  1.6  9.1  0.3  3.7  NW   W    AVERAGE  7.3 324
2026 08 11 22 10  1.6  1.5  8.3  0.3  4.0 NNW WNW    AVERAGE  7.1 327
2026 08 11 21 40  1.4  1.4 10.0  0.3  3.8  NW WNW      SWELL  6.8 322
2026 08 11 21 10  1.6  1.6  9.1  0.3  4.0  NW WNW    AVERAGE  7.0 318
2026 08 11 20 40  1.5  1.4 10.0  0.4  4.0  NW WNW      SWELL  6.8 321
2026 08 11 20 10  1.5  1.4  9.1  0.4  4.3  NW WNW      SWELL  6.9 323
2026 08 11 19 40  1.3  1.3  9.1  0.4  3.6  NW WNW      SWELL  6.5 321
2026 08 11 19 10  1.4  1.3  8.3  0.4  4.5  NW WNW    AVERAGE  6.6 316
2026 08 11 18 40  1.3  1.3  9.1  0.3  3.2  NW WNW      SWELL  6.8 317
2026 08 11 18 10  1.4  1.4  9.1  0.3  4.0  NW WNW      SWELL  6.7 325
2026 08 11 17 40  1.4  1.4  8.3  0.3  3.3  NW   W    AVERAGE  6.7 320
2026 08 11 17 10  1.3  1.2  9.1  0.4  4.0  NW WNW      SWELL  6.3 323
2026 08 11 16 10  1.3  1.2  9.1  0.3  3.7  NW WNW      SWELL  6.4 321
2026 08 11 15 40  1.2  1.2  9.1  0.4  4.0  NW   W      SWELL  6.3 323
2026 08 11 15 10  1.3  1.2 10.0  0.4  4.5  NW WNW      SWELL  6.5 318
2026 08 11 14 40  1.3  1.3  9.1  0.4  3.4  NW   W      SWELL  6.4 317
2026 08 11 14 10  1.4  1.4  9.1  0.4  4.0  NW WNW      SWELL  6.7 317
2026 08 11 13 40  1.3  1.2  9.1  0.5  4.2  NW WNW      SWELL  6.2 325
2026 08 11 13 10  1.3  1.3  9.1  0.3  3.8  NW   W      SWELL  6.5 320
2026 08 11 12 40  1.3  1.3  9.1  0.3  3.8  NW   W      SWELL  6.7 312
2026 08 11 12 10  1.4  1.4  9.1  0.3  4.0  NW   W      SWELL  6.5 315
2026 08 11 11 40  1.5  1.4  9.1  0.3  3.1  NW   W    AVERAGE  6.8 312
2026 08 11 11 10  1.3  1.3  9.1  0.3  3.8  NW   W      SWELL  6.6 309
2026 08 11 10 40  1.4  1.4  9.1  0.3  3.8  NW WNW      SWELL  7.0 311
2026 08 11 10 10  1.3  1.3  9.1  0.3  3.3  NW   W      SWELL  6.8 309
2026 08 11 09 40  1.4  1.3  8.3  0.3  3.8  NW   W    AVERAGE  7.0 305
2026 08 11 09 10  1.4  1.3  9.1  0.3  3.6 WNW   W      SWELL  7.0 302
2026 08 11 06 10  1.4  1.4  8.3  0.4  4.0  NW WNW    AVERAGE  6.8 311
2026 08 11 05 40  1.4  1.3  9.1  0.3  3.8  NW WNW      SWELL  6.7 317
2026 08 11 05 10  1.5  1.5  9.1  0.3  3.8  NW WNW    AVERAGE  6.8 317
2026 08 11 04 40  1.4  1.3 10.0  0.3  3.8  NW WNW      SWELL  6.7 317
2026 08 11 04 10  1.5  1.4  9.1  0.3  3.8  NW WNW      SWELL  7.0 311
2026 08 11 03 40  1.4  1.3  8.3  0.4  3.7  NW WNW    AVERAGE  6.4 317
2026 08 11 03 10  1.3  1.3 10.0  0.4  3.6  NW WNW      SWELL  6.4 308
2026 08 11 02 40  1.5  1.5  9.1  0.4  3.7  NW   W    AVERAGE  6.8 314
2026 08 11 02 10  1.4  1.4 10.0  0.4  3.3  NW WNW      SWELL  6.6 318
2026 08 11 01 40  1.5  1.5  9.1  0.4  3.8  NW   W    AVERAGE  6.9 321
2026 08 11 01 10  1.6  1.5  9.1  0.4  3.8  NW   W    AVERAGE  6.8 316
2026 08 11 00 40  1.5  1.5  8.3  0.3  3.8  NW WNW    AVERAGE  6.8 319
2026 08 11 00 10  1.6  1.5  9.1  0.4  3.8  NW   W    AVERAGE  6.8 315
2026 08 10 23 40  1.6  1.6  9.1  0.4  3.8  NW   W    AVERAGE  6.9 316
2026 08 10 23 10  1.6  1.5  9.1  0.4  3.8  NW WNW    AVERAGE  6.7 314
2026 08 10 22 40  1.8  1.7  9.1  0.3  3.8  NW WNW    AVERAGE  7.1 315
2026 08 10 22 10  1.8  1.7  9.1  0.4  3.7  NW   W    AVERAGE  7.0 319
2026 08 10 21 40  1.7  1.6  9.1  0.6  4.8  NW WNW    AVERAGE  6.7 317
2026 08 10 21 10  1.7  1.7  8.3  0.4  4.0  NW WNW    AVERAGE  6.8 315
2026 08 10 20 40  1.8  1.8  7.7  0.4  3.8  NW   W      STEEP  7.0 314
2026 08 10 20 10  1.7  1.6  9.1  0.4  4.0  NW WNW    AVERAGE  6.9 315
2026 08 10 19 40  1.9  1.8  9.1  0.4  3.8  NW   W    AVERAGE  7.0 312
2026 08 10 19 10  1.7  1.6  9.1  0.4  3.8  NW WNW    AVERAGE  6.7 316
2026 08 10 18 40  1.7  1.6  9.1  0.4  4.0  NW WNW    AVERAGE  6.6 323
2026 08 10 18 10  1.8  1.7  9.1  0.4  4.0  NW   W    AVERAGE  6.7 318
2026 08 10 17 40  1.6  1.6  9.1  0.4  3.8  NW WNW    AVERAGE  6.6 321
2026 08 10 17 10  1.8  1.6  8.3  0.7  5.0  NW WNW    AVERAGE  6.5 321
2026 08 10 16 40  1.8  1.7  9.1  0.7  4.5  NW WNW    AVERAGE  6.3 320
2026 08 10 16 10  1.6  1.5  8.3  0.7  4.8  NW WNW    AVERAGE  6.1 322
2026 08 10 15 40  1.8  1.6  9.1  0.9  4.8  NW WNW    AVERAGE  6.3 313
2026 08 10 15 10  2.0  1.9  9.1  0.6  4.5  NW WNW    AVERAGE  6.5 313
2026 08 10 14 40  1.8  1.7  8.3  0.6  4.2  NW WNW    AVERAGE  6.2 314
2026 08 10 14 10  1.8  1.7  8.3  0.4  3.7  NW WNW    AVERAGE  6.3 316
2026 08 10 13 40  1.7  1.6  9.1  0.6  4.2  NW WNW    AVERAGE  6.0 318
2026 08 10 13 10  1.9  1.7  9.1  0.8  5.0  NW WNW    AVERAGE  6.1 322
2026 08 10 12 40  1.9  1.8  7.7  0.8  5.0  NW  NW      STEEP  6.2 310
2026 08 10 12 10  2.0  1.9  9.1  0.6  4.5  NW WNW    AVERAGE  6.6 317
2026 08 10 11 40  2.0  2.0  9.1  0.5  3.4  NW WNW    AVERAGE  6.6 319
2026 08 10 11 10  1.8  1.8  8.3  0.4  3.7  NW   W    AVERAGE  6.4 308
2026 08 10 10 40  1.9  1.9  9.1  0.5  4.0  NW WNW    AVERAGE  6.6 310
2026 08 10 10 10  2.1  2.0  8.3  0.4  3.8  NW   W    AVERAGE  6.8 312
2026 08 10 09 40  2.0  2.0  8.3  0.4  3.8  NW WNW    AVERAGE  6.7 312
2026 08 10 09 10  2.0  1.9  7.1  0.4  4.0  NW WNW      STEEP  6.8 305
2026 08 10 08 40  2.1  2.0  9.1  0.4  3.8 WNW WNW    AVERAGE  6.8 301
2026 08 10 08 10  2.2  2.2  9.1  0.4  4.0 WNW WNW    AVERAGE  7.0 303
2026 08 10 07 40  2.1  2.0  9.1  0.4  3.1 WNW WNW    AVERAGE  6.8 299
2026 08 10 07 10  2.2  2.1  7.7  0.4  3.8 WNW WNW      STEEP  6.9 303
2026 08 10 06 40  2.2  2.1  8.3  0.4  3.8  NW  NW      STEEP  7.0 306
2026 08 10 06 10  2.3  2.2  9.1  0.4  3.8  NW WNW    AVERAGE  6.9 304
2026 08 10 05 40  2.3  2.3  9.1  0.4  3.8  NW WNW    AVERAGE  7.0 306
2026 08 10 05 10  2.2  2.2  9.1  0.4  4.0  NW WNW    AVERAGE  7.0 310
2026 08 10 04 40  2.1  2.0  9.1  0.5  3.6  NW WNW    AVERAGE  6.7 305
2026 08 10 04 10  2.1  2.0  8.3  0.6  4.5  NW WNW    AVERAGE  6.6 309
2026 08 10 03 40  2.0  1.8  8.3  0.8  5.0  NW WNW    AVERAGE  6.4 309
2026 08 10 03 10  2.0  1.7  9.1  0.9  5.0  NW  NW    AVERAGE  6.2 307
2026 08 10 02 40  2.0  1.7  8.3  1.0  4.8  NW WNW    AVERAGE  6.2 310
2026 08 10 02 10  1.9  1.6  9.1  1.0  5.9  NW  NW    AVERAGE  6.1 308
2026 08 10 01 40  2.0  1.6  9.1  1.2  5.6  NW WNW    AVERAGE  6.2 306
2026 08 10 01 10  1.8  1.2  9.1  1.3  7.1  NW  NW      STEEP  5.8 308
2026 08 10 00 40  1.8  1.4  9.1  1.2  6.7  NW WNW    AVERAGE  5.8 307
2026 08 10 00 10  1.8  1.4  8.3  1.1  5.9 WNW WNW    AVERAGE  5.9 300
2026 08 09 23 40  1.8  1.5  9.1  1.0  6.2  NW  NW    AVERAGE  6.2 311
2026 08 09 23 10  1.6  1.4  9.1  0.8  5.6  NW WNW    AVERAGE  6.0 306
2026 08 09 22 40  1.7  1.4  9.1  0.8  5.6  NW  NW    AVERAGE  6.1 311
2026 08 09 22 10  1.8  1.5  9.1  1.0  5.9  NW WNW    AVERAGE  6.2 309
2026 08 09 21 40  1.8  1.6  8.3  0.8  5.3  NW  NW    AVERAGE  6.4 315
2026 08 09 21 10  1.8  1.6  9.1  0.7  5.3  NW WNW    AVERAGE  6.5 309
2026 08 09 20 40  1.8  1.7  9.1  0.4  3.4  NW WNW    AVERAGE  6.6 309
2026 08 09 20 10  1.9  1.8  8.3  0.4  3.4  NW WNW    AVERAGE  6.8 310
2026 08 09 19 40  1.9  1.8  7.7  0.4  3.3  NW   W      STEEP  6.5 308
2026 08 09 19 10  1.8  1.8  8.3  0.4  3.8  NW WNW    AVERAGE  6.7 310
2026 08 09 18 40  1.8  1.8  8.3  0.4  3.8  NW WNW    AVERAGE  6.6 307
2026 08 09 18 10  1.6  1.6  8.3  0.4  3.0  NW   W    AVERAGE  6.4 311
2026 08 09 17 40  1.7  1.6  7.7  0.4  3.8  NW WNW      STEEP  6.5 309
2026 08 09 17 10  1.6  1.5  8.3  0.4  2.9  NW   S    AVERAGE  6.5 310
2026 08 09 16 40  1.5  1.5  7.7  0.4  3.7  NW WNW    AVERAGE  6.3 310
2026 08 09 16 10  1.5  1.5  8.3  0.4  3.8  NW WNW    AVERAGE  6.5 310
2026 08 09 15 40  1.6  1.5  8.3  0.4  2.7  NW   S    AVERAGE  6.6 315
2026 08 09 15 10  1.5  1.5  7.7  0.4  3.6  NW WNW    AVERAGE  6.6 315
2026 08 09 14 39  1.5  1.5  8.3  0.4  4.0  NW WNW    AVERAGE  6.6 318
2026 08 09 14 10  1.3  1.3  9.1  0.3  3.7  NW WNW      SWELL  6.6 313
2026 08 09 13 40  1.4  1.4  8.3  0.3  3.7  NW WNW    AVERAGE  6.6 313
2026 08 09 13 10  1.4  1.3  7.7  0.3  4.0  NW   W    AVERAGE  6.7 311
2026 08 09 12 40  1.3  1.2  9.1  0.3  3.8  NW WNW      SWELL  6.8 313
2026 08 09 12 10  1.3  1.3  9.1  0.3  3.6  NW WNW      SWELL  7.1 313
2026 08 09 11 40  1.3  1.2  8.3  0.3  3.6  NW   W    AVERAGE  7.1 307
2026 08 09 11 10  1.1  1.0  8.3  0.3  3.6  NW WNW      SWELL  6.6 312
2026 08 09 10 40  1.2  1.1  7.7  0.3  4.0  NW WNW    AVERAGE  6.9 309
2026 08 09 10 10  1.1  1.1 16.0  0.3  3.7 SSW WNW      SWELL  7.0 207
2026 08 09 09 40  1.1  1.1 16.0  0.3  4.0 SSW WNW      SWELL  6.8 200
2026 08 09 09 10  1.2  1.2  8.3  0.3  3.8  NW WNW    AVERAGE  6.6 305
2026 08 09 08 40  1.2  1.2  7.1  0.3  3.7  NW WNW    AVERAGE  6.4 306
2026 08 09 08 10  1.3  1.3  8.3  0.3  3.8 WNW WNW    AVERAGE  6.7 302
2026 08 09 07 40  1.3  1.3  8.3  0.3  3.6 WNW WNW    AVERAGE  6.7 299
2026 08 09 07 10  1.3  1.3  8.3  0.3  4.0 WNW WNW    AVERAGE  6.5 299
2026 08 09 06 40  1.4  1.3  8.3  0.3  3.3 WNW WNW    AVERAGE  6.4 296
2026 08 09 06 10  1.4  1.3  8.3  0.3  3.8 WNW WNW    AVERAGE  6.5 298
2026 08 09 05 40  1.3  1.3  7.7  0.4  3.2 WNW   W    AVERAGE  6.1 299
2026 08 09 05 10  1.3  1.2  7.7  0.4  4.0 WNW WNW    AVERAGE  6.0 301
2026 08 09 04 40  1.4  1.3  7.1  0.4  4.0  NW WNW      STEEP  6.2 305
2026 08 09 04 10  1.3  1.2  7.7  0.4  4.0 WNW WNW    AVERAGE  5.8 300
2026 08 09 03 40  1.3  1.3  7.7  0.4  3.7 WNW WNW    AVERAGE  5.9 302
2026 08 09 03 10  1.3  1.2  7.7  0.4  3.6 WNW WNW    AVERAGE  5.7 302
2026 08 09 02 40  1.2  1.1  7.1  0.5  3.7  NW WNW    AVERAGE  5.5 307
2026 08 09 02 10  1.2  1.1  7.7  0.6  4.2  NW  NW    AVERAGE  5.4 305
2026 08 09 01 40  1.3  1.1  7.7  0.7  4.5  NW WNW    AVERAGE  5.5 307
2026 08 09 01 10  1.2  1.1  7.1  0.6  4.2  NW WNW    AVERAGE  5.4 306
2026 08 09 00 40  1.1  0.9  8.3  0.7  4.8  NW WNW    AVERAGE  5.0 307
2026 08 09 00 10  1.3  1.0  7.7  0.8  5.3  NW WNW    AVERAGE  5.1 308
2026 08 08 23 40  1.2  1.0  7.7  0.8  5.0  NW WNW    AVERAGE  5.1 305
2026 08 08 23 10  1.3  1.0  8.3  0.9  5.6  NW  NW    AVERAGE  5.1 311
2026 08 08 22 40  1.2  0.9  7.7  0.8  5.9  NW  NW    AVERAGE  5.1 314
2026 08 08 22 10  1.2  0.9  7.7  0.8  5.6  NW WNW    AVERAGE  5.2 307
2026 08 08 21 40  1.2  1.0  7.7  0.7  5.0  NW WNW    AVERAGE  5.6 306
2026 08 08 21 10  1.3  1.1  7.7  0.6  4.5  NW WNW    AVERAGE  5.5 308
2026 08 08 20 40  1.3  1.2  7.7  0.6  4.8  NW WNW    AVERAGE  5.8 309
2026 08 08 20 10  1.3  1.2  7.7  0.6  5.0  NW WNW    AVERAGE  5.7 310
2026 08 08 19 40  1.3  1.2  7.7  0.6  4.5  NW WNW    AVERAGE  5.6 311
2026 08 08 19 10  1.3  1.2  8.3  0.6  4.3  NW WNW    AVERAGE  5.5 317
2026 08 08 18 40  1.3  1.1  7.1  0.7  5.3  NW WNW    AVERAGE  5.4 311
2026 08 08 18 10  1.3  1.1  8.3  0.7  5.0  NW WNW    AVERAGE  5.5 311
2026 08 08 17 40  1.3  1.2  7.1  0.6  4.8  NW WNW      STEEP  5.7 305
2026 08 08 17 10  1.3  1.1  7.7  0.6  4.8  NW WNW    AVERAGE  5.7 309
2026 08 08 16 40  1.3  1.1  7.7  0.7  5.3  NW WNW    AVERAGE  5.5 305
2026 08 08 16 10  1.2  1.1  8.3  0.5  3.6  NW WNW    AVERAGE  5.5 311
2026 08 08 15 40  1.3  1.2  8.3  0.4  4.0  NW WNW    AVERAGE  5.7 310
2026 08 08 15 10  1.3  1.3  8.3  0.4  3.7  NW WNW    AVERAGE  5.8 309
2026 08 08 14 40  1.1  1.0  8.3  0.4  3.6  NW WNW    AVERAGE  5.3 310
2026 08 08 14 10  1.1  1.0  7.1  0.4  4.0  NW WNW    AVERAGE  5.3 313
2026 08 08 13 40  1.2  1.1  7.7  0.4  3.1  NW WNW    AVERAGE  5.4 309
2026 08 08 13 10  1.2  1.1  7.7  0.5  3.7  NW WNW    AVERAGE  5.2 313
2026 08 08 12 40  1.3  1.1  7.7  0.6  4.3  NW  NW    AVERAGE  5.2 312
2026 08 08 12 10  1.2  1.1  5.9  0.6  4.5  NW  NW      STEEP  5.0 308
2026 08 08 11 40  1.3  1.1  7.7  0.7  4.8  NW  NW    AVERAGE  5.3 310
2026 08 08 11 10  1.4  1.2  6.7  0.7  4.8  NW WNW      STEEP  5.3 310
2026 08 08 10 40  1.3  0.9  7.1  0.9  5.6  NW  NW    AVERAGE  5.1 312
2026 08 08 10 10  1.4  1.1  7.1  0.9  4.8  NW  NW      STEEP  5.1 309
2026 08 08 09 40  1.3  1.0  6.2  0.9  5.0  NW  NW      STEEP  5.0 308
2026 08 08 09 10  1.4  1.1  6.7  0.8  4.2  NW  NW      STEEP  5.2 311
2026 08 08 08 40  1.4  1.0  6.7  0.9  4.8  NW WNW      STEEP  5.2 308
2026 08 08 08 10  1.3  1.0  5.9  0.8  5.3  NW  NW      STEEP  4.9 306
2026 08 08 07 40  1.2  0.8  6.7  0.9  4.3  NW WNW      STEEP  5.0 305
2026 08 08 07 10  1.3  1.1  6.2  0.8  4.8 WNW WNW      STEEP  5.1 300
2026 08 08 06 40  1.3  0.9  6.7  0.9  5.6 WNW WNW      STEEP  5.1 298
2026 08 08 06 10  1.3  1.0  6.2  0.8  5.3 WNW WNW      STEEP  5.2 300
2026 08 08 05 40  1.3  1.1  5.6  0.8  4.5 WNW WNW VERY_STEEP  5.1 301
2026 08 08 05 10  1.3  0.9  7.1  0.9  5.3 WNW WNW VERY_STEEP  5.0 297
2026 08 08 04 40  1.2  0.8  6.7  0.8  5.3 WNW WNW      STEEP  5.0 298
2026 08 08 04 10  1.1  0.7  6.7  0.9  5.6  NW WNW      STEEP  4.7 309
2026 08 08 03 40  1.1  0.7  7.7  0.9  5.3  NW  NW VERY_STEEP  4.5 304
2026 08 08 03 10  1.2  0.7  7.1  1.0  5.9 WNW WNW    AVERAGE  4.7 301
2026 08 08 02 40  1.1  0.7  7.1  0.9  5.9 WNW  NW    AVERAGE  4.5 294
2026 08 08 02 10  1.0  0.6  7.7  0.9  5.9  NW WNW    AVERAGE  4.4 308
2026 08 08 01 40  1.0  0.7  7.1  0.8  6.2  NW  NW    AVERAGE  4.5 304
2026 08 08 01 10  1.0  0.6  7.1  0.8  5.9 WNW WNW    AVERAGE  4.3 296
2026 08 08 00 40  0.9  0.6 12.9  0.7  3.3   S WNW    AVERAGE  4.3 173
2026 08 08 00 10  0.9  0.7  7.7  0.6  5.6  NW WNW    AVERAGE  4.5 304
2026 08 07 23 40  0.8  0.6 13.8  0.6  4.2  SW WNW      SWELL  4.5 226
2026 08 07 23 10  0.8  0.6  7.7  0.5  4.8 WNW WNW      SWELL  4.5 301
2026 08 07 22 40  0.8  0.5 11.4  0.6  4.2   S WNW    AVERAGE  4.3 186
2026 08 07 22 10  0.8  0.6  8.3  0.6  5.9 WNW  NW      SWELL  4.6 303
2026 08 07 21 40  0.8  0.7  6.2  0.5  3.8  NW WNW    AVERAGE  4.4 309
2026 08 07 21 10  0.9  0.7 12.1  0.5  4.2 SSW WNW      SWELL  4.4 207
2026 08 07 20 40  0.9  0.5 12.1  0.7  5.3 SSW  NW    AVERAGE  4.3 200
2026 08 07 20 10  0.9  0.6  6.2  0.6  4.8  NW  NW      STEEP  4.4 308
2026 08 07 19 40  0.9  0.6  6.2  0.7  4.3  NW WNW      STEEP  4.4 311
2026 08 07 18 40  0.9  0.7  5.3  0.6  4.8 WNW WNW      STEEP  4.5 301
2026 08 07 18 10  0.8  0.5 12.1  0.7  5.3   S WNW      STEEP  4.4 297
2026 08 07 17 40  0.9  0.7  5.9  0.5  4.3 WNW WNW      STEEP  4.8 299
2026 08 07 17 10  0.9  0.8  5.3  0.4  3.8 WNW WNW      STEEP  4.8 299
2026 08 07 16 40  0.9  0.8  5.3  0.4  4.0 WNW WNW      STEEP  4.8 301
2026 08 07 16 10  0.9  0.8  5.3  0.4  3.7 WNW WNW      STEEP  4.9 297
2026 08 07 15 40  0.9  0.8  5.0  0.4  4.0 WNW WNW VERY_STEEP  4.9 299
2026 08 07 15 10  0.9  0.8  5.6  0.4  4.0 WNW WNW      STEEP  4.8 290
2026 08 07 14 40  0.9  0.8 12.9  0.4  3.7 SSW WNW      SWELL  4.8 203
2026 08 07 14 10  0.9  0.8 12.9  0.4  4.0 WSW WNW      SWELL  4.9 240
2026 08 07 13 40  0.8  0.7 12.9  0.4  3.6 SSW WNW      SWELL  4.7 208
2026 08 07 13 10  0.8  0.7  8.3  0.4  3.3 WNW WNW      SWELL  4.6 295
2026 08 07 12 40  0.8  0.6 12.9  0.5  4.5 SSW WNW        N/A  4.7 210
2026 08 07 12 10  0.8  0.7 12.1  0.4  4.0 SSW WNW        N/A  4.8 206
2026 08 07 11 40  0.8  0.6 12.1  0.5  4.2 SSW WNW      SWELL  4.7 197
2026 08 07 11 10  0.7  0.6 12.1  0.5  3.7 SSW WNW        N/A  4.9 199
2026 08 07 10 40  0.7  0.6  8.3  0.4  4.2 WNW WNW        N/A  4.8 290
2026 08 07 10 10  0.7  0.6 12.1  0.4  3.6 SSW WNW        N/A  4.8 194
2026 08 07 09 40  0.7  0.6 13.8  0.3  3.2 SSW WNW        N/A  4.9 206
2026 08 07 09 10  0.6  0.5 12.1  0.4  2.9   S WNW        N/A  4.7 179
2026 08 07 08 40  0.7  0.6  7.7  0.4  2.9 WNW WNW        N/A  4.8 286
2026 08 07 08 10  0.6  0.6 12.9  0.3  3.1 SSW WNW        N/A  4.8 195
2026 08 07 07 40  0.6  0.5 13.8  0.3  4.5 SSW   W        N/A  4.9 195
2026 08 07 07 10  0.6  0.5  8.3  0.3  4.5   W   W        N/A  4.8 269
2026 08 07 06 40  0.6  0.5 13.8  0.3  2.7  SW WNW        N/A  4.8 226
2026 08 07 06 10  0.6  0.6  8.3  0.3  4.8 WNW WNW        N/A  5.2 283
2026 08 07 05 40  0.7  0.6 12.9  0.4  2.6   S  NW        N/A  4.8 187
2026 08 07 05 10  0.7  0.6 12.1  0.4  5.0   S   W        N/A  4.9 190
2026 08 07 04 40  0.7  0.6  8.3  0.3  2.7 WNW  NW        N/A  4.6 284
2026 08 07 04 10  0.7  0.6 12.1  0.4  2.5   S  NW        N/A  4.8 175
2026 08 07 03 40  0.7  0.7  8.3  0.3  2.4 WNW WNW        N/A  4.8 290
2026 08 07 03 10  0.7  0.7 12.9  0.3  2.2   S  NW        N/A  5.2 183
2026 08 07 02 40  0.7  0.7  8.3  0.3  4.0 WNW   W        N/A  5.8 298
2026 08 07 02 10  0.8  0.8  8.3  0.3  4.3  NW   W      SWELL  6.1 304
2026 08 07 01 40  0.8  0.8  8.3  0.2  2.4 WNW  NW      SWELL  5.8 297
2026 08 07 01 10  0.8  0.7  7.7  0.3  4.3 WNW WNW        N/A  6.0 297
2026 08 07 00 40  0.7  0.7 12.1  0.2  3.4 SSW   W        N/A  6.3 192
2026 08 07 00 10  0.7  0.7 12.9  0.2  4.0   S WNW        N/A  6.6 188
2026 08 06 23 40  0.8  0.7 12.1  0.2  3.7   S WNW        N/A  6.7 191
2026 08 06 23 10  0.7  0.7 12.9  0.2  3.7 SSW   W        N/A  6.9 192
2026 08 06 22 40  0.7  0.7  8.3  0.2  4.0  NW   W        N/A  6.7 306
2026 08 06 22 10  0.7  0.7 12.9  0.2  3.8   S   W        N/A  6.9 190
2026 08 06 21 40  0.7  0.7 12.9  0.2  3.7 SSW   W        N/A  7.1 204
2026 08 06 21 10  0.7  0.6 12.9  0.2  3.4 SSW   W        N/A  6.8 207
2026 08 06 20 40  0.7  0.7  8.3  0.2  3.6 WNW   W        N/A  6.7 303
2026 08 06 20 10  0.7  0.7 12.9  0.2  4.0 SSW   W        N/A  6.6 197
2026 08 06 19 40  0.7  0.7 12.1  0.2  3.8   S   W        N/A  6.7 177
2026 08 06 19 10  0.8  0.8  8.3  0.2  4.0  NW WSW      SWELL  6.7 308
2026 08 06 18 40  0.8  0.8 12.9  0.2  4.0 SSW   W        N/A  6.5 208
2026 08 06 18 10  0.8  0.8  8.3  0.2  3.6  NW  SW      SWELL  6.6 310
2026 08 06 17 40  0.9  0.8  8.3  0.2  3.6  NW   W      SWELL  6.9 309
2026 08 06 17 10  0.9  0.9  8.3  0.2  4.0  NW   W      SWELL  6.8 314
2026 08 06 16 40  0.9  0.9  9.1  0.2  3.6  NW  SW      SWELL  7.2 311
2026 08 06 16 10  1.0  1.0  8.3  0.2  3.7  NW WSW      SWELL  7.2 311
2026 08 06 15 40  0.9  0.9  8.3  0.2  3.7  NW WSW      SWELL  7.0 313
2026 08 06 15 10  1.0  1.0  8.3  0.2  4.0  NW WSW      SWELL  7.1 317
2026 08 06 14 40  1.0  1.0  9.1  0.2  3.1  NW WSW      SWELL  7.0 316
2026 08 06 14 10  0.9  0.9  9.1  0.2  3.8  NW WSW      SWELL  7.0 317
2026 08 06 13 40  1.0  1.0  8.3  0.2  3.7  NW WSW      SWELL  7.0 317
2026 08 06 13 10  0.9  0.9  8.3  0.2  3.3  NW   W      SWELL  7.1 314
2026 08 06 12 40  0.9  0.9  8.3  0.2  3.7  NW   W      SWELL  7.0 312
2026 08 06 12 10  0.9  0.9  8.3  0.2  4.0  NW   W      SWELL  7.1 317
2026 08 06 11 40  0.9  0.9  8.3  0.2  3.3  NW WSW      SWELL  7.1 309
2026 08 06 11 10  0.9  0.9  9.1  0.2  3.0  NW   W      SWELL  6.9 318
2026 08 06 10 40  0.8  0.7  8.3  0.2  3.4  NW   W        N/A  6.7 312
2026 08 06 10 10  0.8  0.8  9.1  0.2  4.0  NW   W      SWELL  6.6 312
2026 08 06 09 40  0.8  0.8  8.3  0.2  4.0  NW   W      SWELL  6.6 314
2026 08 06 09 10  0.9  0.8  8.3  0.2  4.0  NW   W      SWELL  6.8 307
2026 08 06 08 40  0.9  0.9  8.3  0.2  4.0  NW   W      SWELL  6.7 315
2026 08 06 08 10  0.9  0.8  9.1  0.2  3.7  NW   W      SWELL  6.6 311
2026 08 06 07 40  0.8  0.8 12.9  0.2  4.0 SSW   W      SWELL  6.4 199
2026 08 06 07 10  0.9  0.9 12.9  0.2  3.6 SSW   W      SWELL  6.9 197
2026 08 06 06 40  0.8  0.8  9.1  0.2  3.8  NW WNW      SWELL  6.5 307
2026 08 06 06 10  0.9  0.8 13.8  0.2  3.7   S   W      SWELL  6.7 190
2026 08 06 05 40  0.9  0.8 13.8  0.2  4.0 SSW   W      SWELL  6.5 201
2026 08 06 05 10  0.9  0.9  9.1  0.2  2.9  NW SSW      SWELL  6.6 308
2026 08 06 04 40  0.9  0.9  9.1  0.2  4.0  NW   W      SWELL  6.6 310
2026 08 06 04 10  0.9  0.9  9.1  0.2  4.0  NW   W      SWELL  6.6 311
2026 08 06 03 10  0.9  0.9 12.9  0.2  4.0 SSW WSW      SWELL  6.8 201
2026 08 06 02 40  1.0  1.0  9.1  0.2  3.3  NW SSW      SWELL  6.9 315
2026 08 06 02 10  1.0  1.0  8.3  0.2  4.0  NW   W      SWELL  7.0 319
2026 08 06 01 40  1.0  1.0  9.1  0.2  3.1  NW  SW      SWELL  6.9 319
2026 08 06 01 10  1.0  0.9  8.3  0.2  4.0  NW   W      SWELL  6.8 311
2026 08 06 00 40  1.0  1.0  8.3  0.2  3.8  NW   W      SWELL  6.8 311
2026 08 06 00 10  1.0  1.0  9.1  0.2  3.4  NW  SW      SWELL  6.7 312
2026 08 05 23 40  1.0  1.0  9.1  0.3  3.8  NW   W      SWELL  6.5 312
2026 08 05 23 10  1.0  1.0  8.3  0.3  3.2  NW SSW      SWELL  6.4 311
2026 08 05 22 40  1.0  1.0  9.1  0.3  3.8  NW   W      SWELL  6.5 312
2026 08 05 22 10  0.9  0.9  9.1  0.3  3.0  NW SSW      SWELL  6.2 310
2026 08 05 21 40  1.0  0.9  8.3  0.3  4.0  NW WSW      SWELL  6.3 305
2026 08 05 21 10  1.0  0.9  9.1  0.3  3.2  NW SSW      SWELL  6.0 305
2026 08 05 20 40  0.9  0.9  9.1  0.3  4.0  NW   W      SWELL  6.0 313
2026 08 05 20 10  1.0  0.9  7.7  0.3  3.8  NW WSW    AVERAGE  6.1 305
2026 08 05 19 40  0.9  0.9  8.3  0.3  3.8  NW WSW      SWELL  6.2 308
2026 08 05 19 10  1.0  0.9  8.3  0.3  2.9  NW   S      SWELL  6.0 313
2026 08 05 18 40  0.9  0.8  8.3  0.3  3.0  NW   S      SWELL  5.6 308
2026 08 05 18 10  0.9  0.8  9.1  0.3  3.0  NW   S      SWELL  5.6 309
2026 08 05 17 40  0.9  0.8  9.1  0.4  3.3  NW SSE      SWELL  5.4 313
2026 08 05 17 10  1.0  0.9  9.1  0.4  3.3  NW SSE      SWELL  5.7 315
2026 08 05 16 40  1.0  0.9  9.1  0.4  3.2  NW SSE      SWELL  5.8 314
2026 08 05 16 10  1.0  0.9  8.3  0.4  3.2  NW SSE      SWELL  5.8 309
2026 08 05 15 40  1.0  1.0  8.3  0.4  3.2  NW SSE      SWELL  5.8 309
2026 08 05 15 10  1.0  0.9  8.3  0.4  3.6  NW   S      SWELL  5.7 309
2026 08 05 14 40  1.0  0.9  8.3  0.4  3.3  NW   S      SWELL  5.6 307
2026 08 05 14 10  1.0  0.9  8.3  0.4  3.4  NW SSW      SWELL  5.6 307
2026 08 05 13 40  1.0  0.9  8.3  0.4  3.1  NW   S      SWELL  5.5 305
2026 08 05 13 10  1.0  0.9  7.7  0.4  3.1 WNW   S    AVERAGE  5.6 297
2026 08 05 12 40  1.0  0.9  7.7  0.4  3.1 WNW   S    AVERAGE  5.4 297
2026 08 05 12 10  1.0  1.0  9.1  0.4  3.6  NW WSW      SWELL  5.5 316
2026 08 05 11 40  1.0  1.0  9.1  0.3  3.0  NW SSW      SWELL  5.8 313
2026 08 05 11 10  1.0  0.9  9.1  0.3  3.7  NW   W      SWELL  5.7 307
2026 08 05 10 40  0.9  0.8 13.8  0.3  2.9 SSW SSE      SWELL  5.4 196
2026 08 05 10 10  1.0  0.9  6.7  0.3  3.2 WNW SSW    AVERAGE  5.7 293
2026 08 05 09 40  0.9  0.9  9.1  0.3  2.9 WNW SSE      SWELL  5.8 303
2026 08 05 09 10  1.0  0.9  8.3  0.3  3.1  NW   S      SWELL  5.9 304
2026 08 05 08 40  1.0  0.9  7.1  0.3  4.0 WNW   W    AVERAGE  5.7 296
2026 08 05 08 10  0.9  0.9 14.8  0.3  2.9  NW SSE      SWELL  5.6 316
2026 08 05 07 40  1.0  1.0  8.3  0.3  3.3 WNW  SW      SWELL  5.9 302
2026 08 05 07 10  0.9  0.9  7.7  0.3  3.3 WNW  SW    AVERAGE  5.7 300
2026 08 05 06 40  0.9  0.9  8.3  0.3  3.8 WNW WSW      SWELL  6.0 296
2026 08 05 06 10  1.0  0.9  8.3  0.3  3.7 WNW WSW      SWELL  5.7 294
2026 08 05 05 40  1.0  0.9  8.3  0.3  3.2 WNW  SW      SWELL  5.8 301
2026 08 05 05 10  1.0  1.0 10.0  0.3  3.6 WNW WSW      SWELL  5.9 298
2026 08 05 04 40  1.0  1.0  8.3  0.3  3.8 WNW   W      SWELL  5.9 294
2026 08 05 04 10  1.1  1.0  9.1  0.3  3.4 WNW WSW      SWELL  6.0 301
2026 08 05 03 40  1.1  1.0  9.1  0.4  3.8  NW   W      SWELL  5.9 305
2026 08 05 03 10  1.1  1.0  8.3  0.3  4.0 WNW   W    AVERAGE  6.1 295
2026 08 05 02 40  1.1  1.1  8.3  0.4  3.8  NW   W    AVERAGE  5.9 305
2026 08 05 02 10  1.2  1.1  9.1  0.3  3.3 WNW  SW      SWELL  6.1 301
2026 08 05 01 40  1.2  1.1  8.3  0.3  3.7 WNW WSW    AVERAGE  6.3 300
2026 08 05 01 10  1.2  1.2  9.1  0.3  3.8  NW WSW      SWELL  6.4 313
2026 08 05 00 40  1.2  1.1  9.1  0.3  3.6  NW SSW      SWELL  6.3 305
2026 08 05 00 10  1.2  1.1  9.1  0.3  3.8  NW SSW      SWELL  6.4 309
